CCSDS_OEM_VERS = 2.0
CREATION_DATE  = 2026-10-07T21:32:51.940
ORIGINATOR     = NASA/JSC/FOD/TOPO

META_START
OBJECT_NAME          = ISS
OBJECT_ID            = 1998-067-A
CENTER_NAME          = Earth
REF_FRAME            = EME2000
TIME_SYSTEM          = UTC
START_TIME           = 2026-10-07T12:00:00.000
USEABLE_START_TIME   = 2026-10-07T12:00:00.000
USEABLE_STOP_TIME    = 2026-10-22T12:00:00.000
STOP_TIME            = 2026-10-22T12:00:00.000
META_STOP

COMMENT Source: This file was produced by the TOPO office within FOD at JSC.
COMMENT Units are in kg and m^2
COMMENT MASS=470200.00
COMMENT DRAG_AREA=1273.21
COMMENT DRAG_COEFF=0.95
COMMENT SOLAR_RAD_AREA=0.00
COMMENT SOLAR_RAD_COEFF=0.00
COMMENT Orbits start at the ascending node epoch
COMMENT ISS first asc. node: EPOCH = 2026-10-07T13:30:47.505 $ ORBIT = 2917 $ LAN(DEG) = -114.94538
COMMENT ISS last asc. node : EPOCH = 2026-10-22T11:13:18.049 $ ORBIT = 3148 $ LAN(DEG) = -168.98613
COMMENT Begin sequence of events
COMMENT TRAJECTORY EVENT SUMMARY:
COMMENT 
COMMENT |       EVENT        |       TIG        | ORB |   DV    |   HA    |   HP    |
COMMENT |                    |       GMT        |     |   M/S   |   KM    |   KM    |
COMMENT |                    |                  |     |  (F/S)  |  (NM)   |  (NM)   |
COMMENT =============================================================================
COMMENT  NG24 NET Departure    282:16:45:00.000             0.0     423.0     417.1
COMMENT                                                    (0.0)   (228.4)   (225.2)
COMMENT 
COMMENT  SpX-35 NET Launch     286:10:33:44.000             0.0     421.7     418.2
COMMENT                                                    (0.0)   (227.7)   (225.8)
COMMENT 
COMMENT  SPX-35 NET Docking    288:15:00:00.000             0.0     421.2     418.7
COMMENT                                                    (0.0)   (227.4)   (226.1)
COMMENT 
COMMENT =============================================================================
COMMENT End sequence of events
2026-10-07T12:00:00.000 -2206.005340681130 6387.769903572080 768.863323349094 -4.28311827206271 -2.19940146903600 5.95392997293902
2026-10-07T12:04:00.000 -3141.380909569070 5634.374143553070 2152.421115305310 -3.46418278233908 -4.04055976176895 5.50524250782505
2026-10-07T12:08:00.000 -3848.669871310590 4471.879374632140 3379.253420347630 -2.39406770209471 -5.58774286658279 4.65595909003088
2026-10-07T12:12:00.000 -4276.649981910190 2984.830835200250 4360.151004120620 -1.15082212208051 -6.72876001440328 3.46836500353569
2026-10-07T12:16:00.000 -4394.415985277750 1281.247716481840 5023.881933189050 0.17533912499087 -7.38129837280675 2.02903608206741
2026-10-07T12:20:00.000 -4193.526878877660 -515.257319335433 5322.277214825580 1.48854175493104 -7.49844241493002 0.44241809476148
2026-10-07T12:24:00.000 -3688.554211172350 -2274.393939070500 5233.638750349860 2.69402394400624 -7.07175502208533 -1.17667401892245
2026-10-07T12:28:00.000 -2916.014455045220 -3868.524167013930 4764.259300752390 3.70472268252488 -6.13161224050568 -2.71113058760848
2026-10-07T12:32:00.000 -1931.792437638190 -5181.781976296900 3948.019336768590 4.44724326212965 -4.74523906293531 -4.04949852969262
2026-10-07T12:36:00.000 -807.208299841176 -6118.461129483340 2844.074844946450 4.86716281866750 -3.01251141669905 -5.09389166856018
2026-10-07T12:40:00.000 376.070007403059 -6610.098959770670 1532.693847577030 4.93326569983648 -1.05925325077493 -5.76740966297904
2026-10-07T12:44:00.000 1531.965549994150 -6620.666164878830 109.459775717549 4.64034282440102 0.97175826542930 -6.02020962984406
2026-10-07T12:48:00.000 2576.360485810460 -6149.358005793870 -1321.771114382350 4.00983529454911 2.93166331811969 -5.83366342125848
2026-10-07T12:52:00.000 3433.339857500530 -5230.682282507470 -2656.591850183740 3.08821768127265 4.67694166949227 -5.22184696366958
2026-10-07T12:56:00.000 4040.803672886420 -3931.834777402480 -3797.811682714930 1.94336681869294 6.08048394541340 -4.23038332425231
2026-10-07T13:00:00.000 4354.975080412870 -2347.571738419950 -4662.604560777280 0.65906937670007 7.04110935201183 -2.93250231132716
2026-10-07T13:04:00.000 4353.451745322280 -593.103430416934 -5188.449870489890 -0.67145448810121 7.49046301827639 -1.42307259388755
2026-10-07T13:08:00.000 4036.662151037350 1204.335755773450 -5337.490912610170 -1.95229551162638 7.39718182353456 0.18848733208968
2026-10-07T13:12:00.000 3427.709480203220 2914.613825200060 -5099.105655255320 -3.09148306130097 6.76854688939417 1.78595882364455
2026-10-07T13:16:00.000 2570.670094886180 4413.928294030240 -4490.592093123510 -4.00719435742039 5.64970995698227 3.25421222624371
2026-10-07T13:20:00.000 1527.484034501890 5593.587036202860 -3555.961242258730 -4.63324619457922 4.12078288069941 4.48704952890037
2026-10-07T13:24:00.000 373.607883577533 6367.832650392560 -2362.886039623630 -4.92390754499870 2.29171816969430 5.39469235293990
2026-10-07T13:28:00.000 -807.356245181094 6680.152787462010 -997.933402013890 -4.85750233108557 0.29485720624690 5.91048328219877
2026-10-07T13:32:00.000 -1929.706667270560 6507.562298445460 439.653490314345 -4.43839249851619 -1.72445770362700 5.99618726584094
2026-10-07T13:36:00.000 -2911.935104073340 5862.433732662860 1845.219843635420 -3.69696079892101 -3.61882514256745 5.64526799774854
2026-10-07T13:40:00.000 -3682.736810034450 4791.631992103660 3116.427174067000 -2.68730635930087 -5.25002557450924 4.88343336867249
2026-10-07T13:44:00.000 -4186.243078127690 3373.036591911820 4160.799566524830 -1.48312523548800 -6.49948308591376 3.76660343766665
2026-10-07T13:48:00.000 -4386.058340714810 1709.731804095650 4902.471735111900 -0.17195482252547 -7.27695328805628 2.37635668422598
2026-10-07T13:52:00.000 -4267.808077957900 -77.573692132537 5287.621299123170 1.15136489233404 -7.52659857432471 0.81364417769097
2026-10-07T13:56:00.000 -3840.083877257090 -1859.261979333800 5288.256795969680 2.39137191543356 -7.23038846836108 -0.80847458150755
2026-10-07T14:00:00.000 -3133.812450078120 -3506.071559424640 4904.201846378020 3.45850192961145 -6.40933479060198 -2.37262379840103
2026-10-07T14:04:00.000 -2200.069916790060 -4898.356031808150 4163.144212237190 4.27538226686822 -5.12208877865016 -3.76532639458637
2026-10-07T14:08:00.000 -1106.488710865090 -5934.710136524720 3118.748153168550 4.78226600908291 -3.46122266479351 -4.88489760037836
2026-10-07T14:12:00.000 67.549010491073 -6539.428983991560 1846.898873289970 4.94164223679387 -1.54709413945673 -5.64901700202252
2026-10-07T14:16:00.000 1236.656207836660 -6668.211326628160 440.263183050732 4.74137826850135 0.48052841622414 -6.00112534722486
2026-10-07T14:20:00.000 2315.737107738070 -6311.594383782340 -998.512857395118 4.19605215184170 2.47300147105925 -5.91521903427777
2026-10-07T14:24:00.000 3226.311896006260 -5495.699511125180 -2364.443993779370 3.34586492524875 4.28433423205750 -5.39791628561814
2026-10-07T14:28:00.000 3902.331287808640 -4280.240299774440 -3558.014629587480 2.25350146508668 5.78239274597874 -4.48785588565707
2026-10-07T14:32:00.000 4294.996731547100 -2753.962128110000 -4492.521774837350 0.99906297835373 6.85887103016989 -3.25241031498188
2026-10-07T14:36:00.000 4376.204158251810 -1027.955430268470 -5100.340994220510 -0.32619487252105 7.43690516295323 -1.78212636657759
2026-10-07T14:40:00.000 4140.418196582530 772.528571167940 -5337.674040230770 -1.62659352190189 7.47593367788713 -0.18377358395616
2026-10-07T14:44:00.000 3604.922980565010 2517.101589641340 -5187.532729607050 -2.80873022418869 6.97385935480835 1.42729829633814
2026-10-07T14:48:00.000 2808.516985081090 4079.492077816440 -4660.857036670730 -3.78772735550094 5.96687381968689 2.93503163807265
2026-10-07T14:52:00.000 1808.766802999810 5346.489016487190 -3795.738622984690 -4.49295986928452 4.52704516305457 4.23049508155987
2026-10-07T14:56:00.000 677.967835423117 6226.054198497200 -2654.795952991720 -4.87307845418872 2.75779535434413 5.21948226824028
2026-10-07T15:00:00.000 -501.983105050282 6654.062828179730 -1320.775967015350 -4.89996250292746 0.78696791808236 5.82952755701983
2026-10-07T15:04:00.000 -1645.487183211370 6599.119434546410 109.369959526904 -4.57113930122067 -1.24218677381458 6.01552577373953
2026-10-07T15:08:00.000 -2669.504230376700 6065.012706539400 1531.546629220190 -3.91032057441356 -3.18156962620350 5.76349670637562
2026-10-07T15:12:00.000 -3499.684933183130 5090.519280550560 2842.200370244290 -2.96574704181003 -4.88962177709605 5.09190394417235
2026-10-07T15:16:00.000 -4075.837199859470 3746.509178923340 3945.966830297650 -1.80636698072723 -6.24212211174324 4.05004164540280
2026-10-07T15:20:00.000 -4356.278346567450 2130.667405145760 4762.635437919610 -0.51651387634983 -7.14116250299072 2.71407557503915
2026-10-07T15:24:00.000 -4320.797886778700 360.300959454217 5232.932955084740 0.81034156293516 -7.52208702449920 1.18119530008812
2026-10-07T15:28:00.000 -3972.021351165860 -1436.197221432150 5322.717487809410 2.07849996958773 -7.35759828688569 -0.43763082195910
2026-10-07T15:32:00.000 -3335.160598575860 -3128.531368042980 5025.360057915680 3.19647473781859 -6.65921248604894 -2.02539480867044
2026-10-07T15:36:00.000 -2456.254303330300 -4593.794812813080 4362.250312394020 4.08324174455124 -5.47670586573888 -3.46696843954823
2026-10-07T15:40:00.000 -1398.932660421330 -5725.332515600870 3381.363778631030 4.67411137066808 -3.89497792987493 -4.65727028753050
2026-10-07T15:44:00.000 -239.905117143583 -6440.543149379090 2153.918645965560 4.92550220395169 -2.02846039579556 -5.50890980335067
2026-10-07T15:48:00.000 936.567660340417 -6687.063906999260 769.297125834245 4.81852684642704 -0.01321084328194 -5.95892215491198
2026-10-07T15:52:00.000 2044.858396558060 -6446.797423258180 -671.480953995684 4.36080907475545 2.00311969138183 -5.97398705134194
2026-10-07T15:56:00.000 3004.330224857290 -5737.339965544400 -2063.261723104660 3.58606322970611 3.87266878055681 -5.55320978037607
2026-10-07T16:00:00.000 3745.329753359790 -4610.640172491760 -3304.595627662800 2.55146378681339 5.45889085005445 -4.72810994246187
2026-10-07T16:04:00.000 4214.287613384530 -3149.015858440930 -4305.237944925690 1.33298095923920 6.64682065329033 -3.55988013857272
2026-10-07T16:08:00.000 4377.538843036800 -1458.934546055190 -4992.705217288370 0.01943180739442 7.35133583091185 -2.13433697491687
2026-10-07T16:12:00.000 4223.611584874700 336.871067494401 -5317.406067073790 -1.29417938749443 7.52270939640116 -0.55522184401700
2026-10-07T16:16:00.000 3763.903544394460 2108.293860388340 -5256.048749165360 -2.51339057711046 7.14947582024868 1.06334880347951
2026-10-07T16:20:00.000 3031.770342742770 3727.119850709020 -4813.183021954020 -3.55070000190686 6.25872894166596 2.60479195763792
2026-10-07T16:24:00.000 2080.144989391830 5076.097204399130 -4020.852156542280 -4.33139856469415 4.91424452975197 3.95787809124385
2026-10-07T16:28:00.000 977.822755775268 6057.298497696180 -2936.380369585010 -4.79879556465130 3.21241795065601 5.02440256909566
2026-10-07T16:32:00.000 -195.388824820360 6599.246556084020 -1638.379906627210 -4.91844248177151 1.27605292421296 5.72629647160471
2026-10-07T16:36:00.000 -1354.403913898160 6662.273023019840 -221.153359199938 -4.68114492441369 -0.75420549100101 6.01177633216788
2026-10-07T16:40:00.000 -2415.072310442740 6241.567958619140 1212.170285655210 -4.10386729374401 -2.73033352053416 5.85956350998739
2026-10-07T16:44:00.000 -3300.367592447170 5367.628536449530 2557.220773956330 -3.22866683803235 -4.50802097925936 5.28070367319094
2026-10-07T16:48:00.000 -3946.068905823960 4104.016332191470 3716.103090234900 -2.11948959072329 -5.95780156938084 4.31772453687538
2026-10-07T16:52:00.000 -4305.439936982140 2542.602750330660 4604.580538456710 -0.85713422607585 -6.97466653268262 3.04114154580957
2026-10-07T16:56:00.000 -4352.547414009630 796.768686854632 5158.152447437330 0.46690163628299 -7.48535842957754 1.54385882912442
2026-10-07T17:00:00.000 -4084.053112175790 -1006.838763400860 5336.641287120000 1.75695714946646 -7.45322529766685 -0.06556014325460
2026-10-07T17:04:00.000 -3519.388071606400 -2737.427306301090 5127.020564489870 2.92005543772189 -6.88047915905855 -1.67076935277694
2026-10-07T17:08:00.000 -2699.351004943530 -4269.377467774370 4544.325869656510 3.87209011857595 -5.80780924614647 -3.15557430992736
2026-10-07T17:12:00.000 -1683.274244059880 -5491.243297040510 3630.666866493970 4.54367592257034 -4.31204146899231 -4.41188502176962
2026-10-07T17:16:00.000 -544.837167517406 -6313.890115922990 2452.329769909020 4.88542369016348 -2.50122651765330 -5.34760531669645
2026-10-07T17:20:00.000 633.231223943752 -6677.132088567730 1095.065828924940 4.87183080418166 -0.50713646035226 -5.89366989811146
2026-10-07T17:24:00.000 1765.199310334390 -6554.322564655270 -342.133994718947 4.50359736616125 1.52426183318535 -6.00959507905239
2026-10-07T17:28:00.000 2768.687645332720 -5954.445089770040 -1754.367455509320 3.80779941467158 3.44396974315003 -5.68696069854985
2026-10-07T17:32:00.000 3570.792239984870 -4921.438907032580 -3038.647311547010 2.83579567723306 5.11156399985403 -4.95000821062769
2026-10-07T17:36:00.000 4113.455159243480 -3530.828485406670 -4101.538842841340 1.65909858543117 6.40593096707398 -3.85352516203318
2026-10-07T17:40:00.000 4357.635811252690 -1883.981759470400 -4865.980914097830 0.36362376264687 7.23407192877208 -2.47822079317479
2026-10-07T17:44:00.000 4285.997380902540 -100.571773598739 -5276.769172443700 -0.95678029302215 7.53725994743398 -0.92437228571831
2026-10-07T17:48:00.000 3904.006093835580 1690.129393191160 -5304.379957237810 -2.20705339929971 7.29458403457236 0.69557809217080
2026-10-07T17:52:00.000 3239.433600344490 3358.488951408460 -4946.954967185330 -3.29743371044314 6.52391884649436 2.26485955305940
2026-10-07T17:56:00.000 2340.347860925450 4783.701610618550 -4230.382519123870 -4.14949845160908 5.28053082690029 3.67033124277804
2026-10-07T18:00:00.000 1271.734588550460 5862.375430105840 -3206.493828761540 -4.70151960815174 3.65348598624762 4.81019410010090
2026-10-07T18:04:00.000 110.928447824274 6516.003064362070 -1949.467478039030 -4.91299437865591 1.75996970387694 5.60117022077841
2026-10-07T18:08:00.000 -1057.914151730300 6696.801850730490 -550.587612150836 -4.76799210437524 -0.26268750918862 5.98495673339746
2026-10-07T18:12:00.000 -2149.936982335780 6391.381709847150 888.370852845727 -4.27671382557962 -2.26702761568427 5.93305925526804
2026-10-07T18:16:00.000 -3085.833708152910 5621.833017103870 2262.632029943410 -3.47491540388635 -4.10672611169479 5.44912640907467
2026-10-07T18:20:00.000 -3797.690873093920 4444.112468869720 3472.152978837460 -2.42116514440298 -5.64768101460093 4.56868996051096
2026-10-07T18:24:00.000 -4233.950849689290 2943.872531585380 4428.985142130220 -1.19230026229684 -6.77807736158361 3.35632346312070
2026-10-07T18:28:00.000 -4363.105456681240 1230.095128861520 5063.659718108060 0.12248847945887 -7.41642741862118 1.90042581729593
2026-10-07T18:32:00.000 -4175.887251393610 -572.880423026674 5330.125572044270 1.42816758798483 -7.51691569880208 0.30655682049196
2026-10-07T18:36:00.000 -3685.868586585780 -2334.307099093750 5208.988804548350 2.63055122364802 -7.07224706359804 -1.30998564592733
2026-10-07T18:40:00.000 -2928.465600240370 -3926.378400372470 4708.893254750080 3.64283889548031 -6.11405324771618 -2.83222910475847
2026-10-07T18:44:00.000 -1958.446723818840 -5233.362176589610 3865.949668000950 4.39149271942080 -4.71082291504001 -4.14957019830253
2026-10-07T18:48:00.000 -846.096086699526 -6159.987576070030 2741.258509494810 4.82157807472124 -2.96364627353677 -5.16564134512100
2026-10-07T18:52:00.000 327.799127337614 -6638.507377025840 1416.608704357490 4.90113168831114 -0.99946487056195 -5.80554723088022
2026-10-07T18:56:00.000 1477.836352799500 -6633.843351900790 -11.433853405386 4.62394557234003 1.03811289992556 -6.02188204294469
2026-10-07T19:00:00.000 2520.311253001860 -6146.311864152160 -1438.644343539720 4.01032791103884 2.99965080439010 -5.79869273676725
2026-10-07T19:04:00.000 3379.446490696140 -5211.630747170740 -2760.909573693340 3.10558655961193 4.74151297074679 -5.15284312075611
2026-10-07T19:08:00.000 3992.990367079190 -3898.170175050750 -3881.971244099170 1.97635425581144 6.13695023375716 -4.13243788166132
2026-10-07T19:12:00.000 4316.720272313210 -2301.741768031930 -4720.482088470410 0.70524090471215 7.08541099319239 -2.81276844834666
2026-10-07T19:16:00.000 4327.526185954320 -538.428841381861 -5215.833016147530 -0.61552278509989 7.51941861166019 -1.29022672662068
2026-10-07T19:20:00.000 4024.923312653460 1263.894128681080 -5332.370624627540 -1.89073658037846 7.40866811939094 0.32486519482844
2026-10-07T19:24:00.000 3430.969798866500 2974.727056295180 -5061.816405743520 -3.02881159220527 6.76163661271790 1.91602913423528
2026-10-07T19:28:00.000 2588.651767601350 4470.201951119480 -4423.794642389980 -3.94792675788219 5.62480944243412 3.36854069784811
2026-10-07T19:32:00.000 1558.850515719210 5641.889602817120 -3464.460282807450 -4.58164749495180 4.07965096874963 4.57733001442827
2026-10-07T19:36:00.000 416.059294724341 6404.595462653480 -2253.282077699900 -4.88368649395310 2.23725468527717 5.45433805489593
2026-10-07T19:40:00.000 -756.911736375828 6702.625727305390 -878.159377617823 -4.83150655467051 0.23096533562241 5.93504943838754
2026-10-07T19:44:00.000 -1874.922735648280 6514.034445798680 560.894904243750 -4.42843934789417 -1.79306767633913 5.98375642695608
2026-10-07T19:48:00.000 -2856.769933695800 5852.386916128930 1959.095059542980 -3.70376022012460 -3.68700381223442 5.59668802184856
2026-10-07T19:52:00.000 -3631.182919884120 4765.786447844110 3214.637341712440 -2.71043109079244 -5.31269385905774 4.80228071580688
2026-10-07T19:56:00.000 -4142.046889237140 3333.275578068890 4236.199713872920 -1.52094604508553 -6.55207077755361 3.65884357396668
2026-10-07T20:00:00.000 -4352.437364078400 1658.949439144590 4949.588338935470 -0.22171789664392 -7.31564770339810 2.24986115986445
2026-10-07T20:04:00.000 -4247.208495568360 -135.679483776100 5303.043397674950 1.09326781324022 -7.54856023163287 0.67764169827855
2026-10-07T20:08:00.000 -3834.014510547230 -1920.464100793150 5270.887522816440 2.32912172220093 -7.23408766686742 -0.94407180973284
2026-10-07T20:12:00.000 -3142.729077468550 -3565.934379850340 4855.323731652460 3.39663510020244 -6.39454118532126 -2.49799867513610
2026-10-07T20:16:00.000 -2223.334288808160 -4952.544416024700 4086.327755799540 4.21841899082717 -5.08988478942597 -3.87134796897253
2026-10-07T20:20:00.000 -1142.413031785700 -5979.302693865330 3019.600997190080 4.73437839030813 -3.41395179954932 -4.96381894438223
2026-10-07T20:24:00.000 21.580423989540 -6571.208634972270 1732.663984547030 4.90634817483108 -1.48825277788087 -5.69505603228930
2026-10-07T20:28:00.000 1184.001328729400 -6684.907239359380 319.284734622772 4.72130120266853 0.54661870668175 -6.01094616055148
2026-10-07T20:32:00.000 2260.250190723980 -6312.037816552940 -1117.403991167990 4.19267884083396 2.54150899192220 -5.88811275927772
2026-10-07T20:36:00.000 3172.061871112960 -5479.917588474680 -2472.575487775710 3.35949429336994 4.35020623375999 -5.33592753770120
2026-10-07T20:40:00.000 3853.310676324900 -4249.445611640540 -3647.524221030410 2.28318350929054 5.84088065019179 -4.39562854907705
2026-10-07T20:44:00.000 4254.819080724900 -2710.437905963010 -4556.928543410380 1.04261653283927 6.90583753843164 -3.13673185711345
2026-10-07T20:48:00.000 4347.829995442420 -974.878910519936 -5134.998602847070 -0.27200522496228 7.46907628338348 -1.65139631242446
2026-10-07T20:52:00.000 4125.925428761760 831.312596207351 -5340.083788070200 -1.56583052047854 7.49103500399077 -0.04738876986645
2026-10-07T20:56:00.000 3605.353819399020 2577.334176655620 -5157.510775048740 -2.74589952242185 6.97074041742940 1.55954688253264
2026-10-07T21:00:00.000 2823.813765927730 4136.786498632270 -4600.552710131890 -3.72742935899197 5.94563507957493 3.05359844744891
2026-10-07T21:04:00.000 1837.791602755870 5396.642989502490 -3709.496386604150 -4.43954918419470 4.48913229225463 4.32675610835395
2026-10-07T21:08:00.000 718.592035747573 6265.366952153210 -2548.847854075330 -4.83041585375666 2.70590261644120 5.28643177237886
2026-10-07T21:12:00.000 -452.726678879718 6679.604012977530 -1202.792077674640 -4.87111858324789 0.72478400119057 5.86225284679142
2026-10-07T21:16:00.000 -1591.178909058410 6608.942510222990 230.826601592528 -4.55813078932904 -1.31018380915536 6.01154181775588
2026-10-07T21:20:00.000 -2614.075385377530 6058.316302728300 1647.632354806390 -3.91404036894086 -3.25037838028947 5.72298364141586
2026-10-07T21:24:00.000 -3447.136941266880 5067.722973098010 2944.443366902360 -2.98588034460829 -4.95413747127291 5.01775993894405
2026-10-07T21:28:00.000 -4029.955581510060 3709.233677935760 4026.897365236120 -1.84145841291080 -6.29751091573544 3.94767927314360
2026-10-07T21:32:00.000 -4320.374397364690 2081.608269753780 4816.347224682390 -0.56406207795202 -7.18337746755351 2.59100336847567
2026-10-07T21:36:00.000 -4297.459220351290 303.007979204046 5255.504621541110 0.75382406858369 -7.54805866774163 1.04634203905133
2026-10-07T21:40:00.000 -3962.918597624230 -1497.563127927130 5312.485198809130 2.01709217159366 -7.36534694947524 -0.57446435885923
2026-10-07T21:44:00.000 -3340.946278428520 -3189.500338725530 4983.056406947530 3.13456626604343 -6.64818794749037 -2.15418438371643
2026-10-07T21:48:00.000 -2476.505681135920 -4649.934973810190 4290.949749037160 4.02533401825430 -5.44773032498491 -3.57833930099284
2026-10-07T21:52:00.000 -1432.178436955540 -5772.565594491820 3286.257601034360 4.62439786291466 -3.85018755544785 -4.74306245717215
2026-10-07T21:56:00.000 -283.729568704080 -6475.449168652610 2041.942779376110 4.88759822580109 -1.97116867600132 -5.56283549080242
2026-10-07T22:00:00.000 885.350586047543 -6707.138237042460 648.621683983994 4.79520827249492 0.05232701746304 -5.97705309647027
2026-10-07T22:04:00.000 1989.980529221240 -6450.634658034600 -792.054029323036 4.35382013495594 2.07204445013579 -5.95501483710877
2026-10-07T22:08:00.000 2949.805954506420 -5724.737538565880 -2174.947482017130 3.59599243680953 3.93989654445108 -5.49858654310468
2026-10-07T22:12:00.000 3695.167406598290 -4582.602112167180 -3399.278664734490 2.57767628447307 5.51951739421056 -4.64193263380998
2026-10-07T22:16:00.000 4172.197404762900 -3107.656150595800 -4376.072019333480 1.37362494390075 6.69656277801498 -3.44854500994786
2026-10-07T22:20:00.000 4346.644047758980 -1407.295439989820 -5034.598338843360 0.07149938547226 7.38675949494961 -2.00596494312446
2026-10-07T22:24:00.000 4206.201735351830 395.038825170707 -5327.364472333130 -1.23457804965202 7.54137724083232 -0.41907266509807
2026-10-07T22:28:00.000 3761.259238391320 2168.786846544230 -5233.370035530860 -2.45071643908268 7.15005575767531 1.19754442951911
2026-10-07T22:32:00.000 3044.072746935490 3785.552559858860 -4759.499053045470 -3.48958428584980 6.24105808681829 2.72741080663732
2026-10-07T22:36:00.000 2106.479834663900 5128.198639873200 -3940.029450270430 -4.27628381776571 4.87945395923618 4.06003185159770
2026-10-07T22:40:00.000 1016.263454691230 6099.228077514870 -2834.263100818710 -4.75363791438692 3.16295627248158 5.09860685315087
2026-10-07T22:44:00.000 -147.641973257036 6627.894695266060 -1522.376585866310 -4.88652672781476 1.21550853556289 5.76710090071390
2026-10-07T22:48:00.000 -1300.828983047990 6675.487482954010 -99.689638705664 -4.66478041111003 -0.82150464092175 6.01618265975243
2026-10-07T22:52:00.000 -2359.560980825150 6238.306112213250 1330.252594355770 -4.10419010397384 -2.79948474901689 5.82713785237663
2026-10-07T22:56:00.000 -3246.944162234860 5348.058636094150 2663.305443375340 -3.24563270930222 -4.57392978016719 5.21375614201985
2026-10-07T23:00:00.000 -3898.598765467760 4069.506757273700 3802.441321792420 -2.15182200446549 -6.01562305882709 4.22112116392287
2026-10-07T23:04:00.000 -4267.343467890610 2495.622636461380 4664.856690890910 -0.90243910008938 -7.02010836264525 2.92189267207250
2026-10-07T23:08:00.000 -4326.561814542810 740.716077240854 5187.953050104350 0.41189796135619 -7.51506182586921 1.41070004414658
2026-10-07T23:12:00.000 -4072.036510261590 -1067.902806332520 5333.774977809640 1.69626533584421 -7.46501713757183 -0.20297463288957
2026-10-07T23:16:00.000 -3522.184589785000 -2799.062102900070 5091.662510768270 2.85803836886945 -6.87339948262233 -1.80245513511318
2026-10-07T23:20:00.000 -2716.750156399060 -4327.085424650650 4479.027456222800 3.81315341340578 -5.78237669932788 -3.27185161411008
2026-10-07T23:24:00.000 -1714.016031615560 -5540.825009935900 3540.180406037720 4.49210834317876 -4.27017529253636 -4.50421951840421
2026-10-07T23:28:00.000 -586.687351177754 -6351.750426502280 2343.254763636240 4.84499297971738 -2.44602487667301 -5.40921970068946
2026-10-07T23:32:00.000 583.321265875373 -6700.545534675690 975.367604562003 4.84551263939704 -0.44270496695040 -5.92003564554151
2026-10-07T23:36:00.000 1710.874766289760 -6561.642787389910 -463.711982509511 4.49336644778285 1.59310116235135 -5.99880781010510
2026-10-07T23:40:00.000 2713.934141257440 -5945.224553099350 -1868.957354319630 3.81449571892952 3.51211836343747 -5.63989018843102
2026-10-07T23:44:00.000 3519.649347141120 -4896.444324410110 -3137.916758052130 2.85900730674427 5.17407116072308 -4.87021191919122
2026-10-07T23:48:00.000 4069.709016155370 -3491.965286825950 -4178.305032686940 1.69715283031481 6.45830672538979 -3.74696187783636
2026-10-07T23:52:00.000 4324.539534765310 -1834.141021631060 -4914.732308910820 0.41377510907145 7.27265889914005 -2.35276570523238
2026-10-07T23:56:00.000 4266.024814010680 -43.393669375618 -5294.044847844330 -0.89825281002562 7.55947125082911 -0.78911115442782
2026-10-08T00:00:00.000 3898.651835481960 1750.510705833190 -5288.982592263430 -2.14452570886494 7.29891039347239 0.83095856334984
2026-10-08T00:04:00.000 3249.100526887300 3417.716636486310 -4900.022774836490 -3.23556385436676 6.51001816806996 2.39069319026924
2026-10-08T00:08:00.000 2364.326492849760 4837.478371719280 -4155.309914096260 -4.09283302274518 5.24925124467885 3.77757548250499
2026-10-08T00:12:00.000 1308.273460892700 5906.760449306680 -3108.714360954550 -4.65414967164207 3.60697018580082 4.89100510150489
2026-10-08T00:16:00.000 157.370782769870 6547.720242048590 -1836.081967355450 -4.87832984822373 1.70156293108091 5.64960340783505
2026-10-08T00:20:00.000 -1004.936138057860 6713.496847761280 -429.846797327588 -4.74852898924438 -0.32869136277708 5.99744186718068
2026-10-08T00:24:00.000 -2094.268692599400 6391.803852307850 1007.675640085480 -4.27389929566907 -2.33580449366682 5.90867958729818
2026-10-08T00:28:00.000 -3031.519505417400 5605.915704092690 2371.811283344610 -3.48893781124497 -4.17327389407275 5.38964032458483
2026-10-08T00:32:00.000 -3748.669967218200 4412.983237851820 3563.252180221390 -2.45098282952750 -5.70712219289371 4.47843106231458
2026-10-08T00:36:00.000 -4193.777108138530 2899.769021235870 4495.365658163990 -1.23575895105858 -6.82610134780791 3.24184389773632
2026-10-08T00:40:00.000 -4334.689312370510 1176.195514122720 5100.472397388220 0.06856980889583 -7.44952838788698 1.77000771470168
2026-10-08T00:44:00.000 -4161.278974892480 -632.674583967305 5334.668731386350 1.36772778206549 -7.53263135821130 0.16971213734192
2026-10-08T00:48:00.000 -3686.110567190960 -2395.656775292070 5180.915429705640 2.56799398895634 -7.06940818943295 -1.44329062788243
2026-10-08T00:52:00.000 -2943.523683716140 -3984.820657017720 4650.227717100000 3.58266611420772 -6.09280527764098 -2.95229315332489
2026-10-08T00:56:00.000 -1987.228691780920 -5284.637903969490 3780.950533304590 4.33798527561139 -4.67272446974899 -4.24759936862873
2026-10-08T01:00:00.000 -886.527701612597 -6200.372293723310 2636.117532739710 4.77860265487921 -2.91155739191199 -5.23442402802505
2026-10-08T01:04:00.000 278.642643327762 -6665.093582470830 1299.000542626360 4.87185435625014 -0.93729231044177 -5.84001876508116
2026-10-08T01:08:00.000 1423.529426216140 -6644.757256446030 -132.920940071949 4.61057963128306 1.10572831561863 -6.01954564568009
2026-10-08T01:12:00.000 2464.823311832390 -6140.844097281610 -1555.151313493420 4.01392589556920 3.06770624963712 -5.75980063610812
2026-10-08T01:16:00.000 3326.852380729540 -5190.276698309030 -2863.965402873070 3.12596988516116 4.80503786817949 -5.08035077798206
2026-10-08T01:20:00.000 3947.173017675170 -3862.575645723680 -3964.116832873110 2.01210535965374 6.19139400409764 -4.03176482766280
2026-10-08T01:24:00.000 4281.077850013050 -2254.559003084240 -4775.808044577830 0.75375593048205 7.12697059837219 -2.69131292865132
2026-10-08T01:28:00.000 4304.709739168280 -483.117220223326 -5240.390774260410 -0.55781690566608 7.54521661424053 -1.15684582736249
2026-10-08T01:32:00.000 4016.635125869190 1323.322652546150 -5324.443371356800 -1.82812911336280 7.41698342609145 0.46056946887956
2026-10-08T01:36:00.000 3437.831992321830 3033.983960357750 -5022.012861348110 -2.96595310978525 6.75189192796398 2.04436756458541
2026-10-08T01:40:00.000 2610.162940212640 4525.002509660260 -4355.000886510520 -3.88946412712750 5.59761621871163 3.48033589822386
2026-10-08T01:44:00.000 1593.434370631090 5688.235715689310 -3371.643552621480 -4.53182693126097 4.03678872642782 4.66449430272980
2026-10-08T01:48:00.000 461.200091474885 6439.065170170080 -2143.168280977180 -4.84606094814177 2.18175571376349 5.51041331013566
2026-10-08T01:52:00.000 -704.485325084713 6722.660829854420 -758.760610970982 -4.80878847795158 0.16692400728056 5.95586911899552
2026-10-08T01:56:00.000 -1819.009740452750 6518.142872885030 680.881658862703 -4.42227643374244 -1.86093490033305 5.96781155464404
2026-10-08T02:00:00.000 -2801.419650118880 5840.244509123330 2070.935022156480 -3.71458515275809 -3.75372862518025 5.54516273988614
2026-10-08T02:04:00.000 -3580.402906312290 4738.254987793340 3310.193786056490 -2.73745677241107 -5.37343003743495 4.71893555245130
2026-10-08T02:08:00.000 -4099.510901815840 3292.335151672020 4308.515841522080 -1.56221404105219 -6.60237787569383 3.54969904542502
2026-10-08T02:12:00.000 -4321.230345793580 1607.564150663780 4993.396339786840 -0.27428600918401 -7.35186055438497 2.12288948643311
2026-10-08T02:16:00.000 -4229.597996349950 -193.795385992383 5315.148962860190 1.03323180245118 -7.56809231476701 0.54202492505049
2026-10-08T02:20:00.000 -3831.271824065290 -1981.104941191920 5250.387909630820 2.26602064829889 -7.23545475137387 -1.07849989300386
2026-10-08T02:24:00.000 -3155.039370250570 -3624.694142160670 4803.692547477210 3.33505753773230 -6.37759235606821 -2.62141049987111
2026-10-08T02:28:00.000 -2249.792095263040 -5005.146703283760 4007.312803943510 4.16281280735854 -5.05583540404576 -3.97473423713852
2026-10-08T02:32:00.000 -1181.093139197020 -6021.917557439370 2918.949139761400 4.68874675724890 -3.36528290502742 -5.03963040737636
2026-10-08T02:36:00.000 -26.516488857890 -6600.737009169300 1617.708414927720 4.87398570418385 -1.42855128041493 -5.73770110311731
2026-10-08T02:40:00.000 1129.977833129760 -6699.222517202380 198.415081932397 4.70458300483695 0.61289782001257 -6.01728176264543
2026-10-08T02:44:00.000 2204.231411862530 -6310.149348239830 -1235.366284780670 4.19288811753178 2.60942036777884 -5.85771152721205
2026-10-08T02:48:00.000 3118.144312123640 -5462.033198805550 -2579.038125575520 3.37669713838967 4.41478295806862 -5.27110097623142
2026-10-08T02:52:00.000 3805.451920938060 -4216.934768898240 -3734.756324461770 2.31616985944741 5.89745778181507 -4.30119956475499
2026-10-08T02:56:00.000 4216.543158611630 -2665.715909641860 -4618.622904853710 1.08899305357491 6.95042549773259 -3.01965025909828
2026-10-08T03:00:00.000 4321.956340422320 -921.214718042478 -5166.712663128800 -0.21567280742202 7.49857088557839 -1.52015592176313
2026-10-08T03:04:00.000 4114.353682821780 890.024992231541 -5339.541658711940 -1.50372235970649 7.50335681789872 0.08854302537385
2026-10-08T03:08:00.000 3608.923536761720 2636.843343496310 -5124.761735746000 -2.68261100381591 6.96501561033845 1.69039396243407
2026-10-08T03:12:00.000 2842.247722056060 4192.778502288800 -4537.954558240430 -3.66761050857979 5.92220601076579 3.16999479198792
2026-10-08T03:16:00.000 1869.725161932560 5445.031323221220 -3621.551341504890 -4.38755695709458 4.44955608080881 4.42029950670513
2026-10-08T03:20:00.000 761.683915476578 6302.578370895700 -2441.898912126360 -4.78996990682286 2.65288458278858 5.35026392982977
2026-10-08T03:24:00.000 -401.604291639757 6702.853034256270 -1084.594284018300 -4.84504034690812 0.66218087346751 5.89155973471404
2026-10-08T03:28:00.000 -1535.722559191690 6616.483367508360 351.665793141758 -4.54831500589102 -1.37766221489552 6.00411603521420
2026-10-08T03:32:00.000 -2558.298977864970 6049.575793955920 1762.313059228690 -3.92120553943328 -3.31774362986870 5.67940609431336
2026-10-08T03:36:00.000 -3395.079789234380 5043.328376751710 3044.620776427600 -3.00953282323510 -5.01641699281347 4.94122750600073
2026-10-08T03:40:00.000 -3985.396373464790 3670.959597819540 4105.290850445340 -1.87991310413372 -6.35018297041534 3.84378394378189
2026-10-08T03:44:00.000 -4286.555732421460 2032.239155734460 4867.263357628310 -0.61456928608407 -7.22259899656189 2.46732821342645
2026-10-08T03:48:00.000 -4276.850811720090 246.133116537524 5275.260113068910 0.69491308854170 -7.57101487097256 0.91193252584841
2026-10-08T03:52:00.000 -3957.034585026580 -1557.825309874820 5299.665767984540 1.95405797843851 -7.37045641777565 -0.70987410140158
2026-10-08T03:56:00.000 -3350.223137412310 -3248.793542688250 4938.597819911120 3.07203003739525 -6.63503598537026 -2.28082226267215
2026-10-08T04:00:00.000 -2500.276352907300 -4703.958565767440 4218.089445207710 3.96782507153487 -5.41724400735884 -3.68692820860633
2026-10-08T04:04:00.000 -1468.722567844970 -5817.404364069090 3190.311898537740 4.57611315823899 -3.80460360397744 -4.82566982921305
2026-10-08T04:08:00.000 -330.392835034319 -6507.860977082810 1929.917469507080 4.85207987117861 -1.91383497199447 -5.61339512639497
2026-10-08T04:12:00.000 831.968218739360 -6724.796850746890 528.705927414286 4.77508321663206 0.11716935990543 -5.99184373924659
2026-10-08T04:16:00.000 1933.778429456490 -6452.307417610040 -911.096026133847 4.35059912335145 2.13959344276823 -5.93299769308406
2026-10-08T04:20:00.000 2894.900390409750 -5710.370863278260 -2284.431253697100 3.60995817423289 4.00519245767974 -5.44146158762944
2026-10-08T04:24:00.000 3645.588884361000 -4553.310850777250 -3491.244888308800 2.60783198689963 5.57784828422477 -4.55398960981339
2026-10-08T04:28:00.000 4131.588908527560 -3065.623185279880 -4443.862468145770 1.41775913357542 6.74378163017874 -3.33626253148610
2026-10-08T04:32:00.000 4317.990332762060 -1355.604152653320 -5073.325183049950 0.12637288218250 7.41955986280630 -1.87752248348690
2026-10-08T04:36:00.000 4191.606629028900 452.634322735134 -5334.243730730920 -1.17302837712926 7.55748871003197 -0.28371644226993
2026-10-08T04:40:00.000 3761.783422588810 2228.116845375910 -5207.904598982520 -2.38705008926572 7.14829864423641 1.33009919543631
2026-10-08T04:44:00.000 3059.663908510600 3842.310641776200 -4703.519420788920 -3.42846550622420 6.22150549343162 2.84760325495173
2026-10-08T04:48:00.000 2135.981454767680 5178.248918414190 -3857.564918969480 -4.22219006482274 4.84342272931709 4.15920670087239
2026-10-08T04:52:00.000 1057.506727474980 6138.890806590120 -2731.259111191870 -4.71047404652838 3.11293473780985 5.16954302632036
2026-10-08T04:56:00.000 -97.666622408804 6654.218530092570 -1406.283229842890 -4.85734682840091 1.15504436354661 5.80455266398969
2026-10-08T05:00:00.000 -1245.739937264890 6686.486724843630 21.060436306374 -4.65159546975495 -0.88793517848805 6.01728480118162
2026-10-08T05:04:00.000 -2303.332805772920 6233.142545400450 1446.868961634760 -4.10794199155033 -2.86690415438539 5.79180185131510
2026-10-08T05:08:00.000 -3193.637420095050 5327.096991427970 2767.302756987050 -3.26608589641273 -4.63734520454191 5.14457990144940
2026-10-08T05:12:00.000 -3852.074334497080 4034.277983154860 3886.259335862460 -2.18755125215545 -6.07037099073727 4.12317337021856
2026-10-08T05:16:00.000 -4230.982251785380 2448.702044623280 4722.414477234870 -0.95090348869694 -7.06219856141358 2.80234979400770
2026-10-08T05:20:00.000 -4303.021688209250 685.524430098656 5215.091339001240 0.35417094025686 -7.54148822688086 1.27829701546870
2026-10-08T05:24:00.000 -4063.047360994890 -1127.358181737960 5328.551094175020 1.63347430408593 -7.47391308365417 -0.33861161483201
2026-10-08T05:28:00.000 -3528.417694675520 -2858.478667488800 5054.484161238670 2.79476319834380 -6.86419479898539 -1.93149607131574
2026-10-08T05:32:00.000 -2737.758664913330 -4382.171828652940 4412.607933169060 3.75405185341281 -5.75569700974143 -3.38500498003484
2026-10-08T05:36:00.000 -1748.277833214790 -5587.585962954640 3449.351513992490 4.44143386503701 -4.22790383545476 -4.59322503839341
2026-10-08T05:40:00.000 -631.724816530193 -6386.795475869990 2234.636448425220 4.80642012662458 -2.39126902032477 -5.46754288721422
2026-10-08T05:44:00.000 530.772400909603 -6721.348537337590 856.887705643947 4.82187979204014 -0.37951296622100 -5.94338789412234
2026-10-08T05:48:00.000 1654.634282923750 -6566.729757071040 -583.404787311133 4.48642921060709 1.66006754051947 -5.98551053252899
2026-10-08T05:52:00.000 2658.097180971160 -5934.277297989070 -1981.137761038550 3.82477587804921 3.57794797628025 -5.59097806788680
2026-10-08T05:56:00.000 3468.287511540400 -4870.319309804270 -3234.424857269820 2.88580734016717 5.23395569420470 -4.78933758206595
2026-10-08T06:00:00.000 4026.583361695390 -3452.612534652590 -4252.143473531090 1.73856440256117 6.50800413747566 -3.64007983493152
2026-10-08T06:04:00.000 4292.809198496780 -1784.440729249850 -4960.558378892840 0.46673352019813 7.30867874215510 -2.22762667379068
2026-10-08T06:08:00.000 4248.005160480960 13.043668209010 -5308.541326438410 -0.83766368022657 7.57925909159815 -0.65475256854096
2026-10-08T06:12:00.000 3895.645814986790 1809.596643551670 -5271.091636020300 -2.08077770400797 7.30105700170887 0.96487226629771
2026-10-08T06:16:00.000 3261.303831008340 3475.164615737360 -4851.010608405040 -3.17334182834313 6.49428172809087 2.51455634037654
2026-10-08T06:20:00.000 2390.827698768870 4889.093145775940 -4078.684241975220 -4.03662606323698 5.21666023679650 3.88242052888100
2026-10-08T06:24:00.000 1347.129076076110 5948.747940564960 -3009.990100975530 -4.60803063405587 3.55980590463896 4.96918276709282
2026-10-08T06:28:00.000 205.743206742250 6576.965409171910 -1722.393391195190 -4.84562068602164 1.64318518804858 5.69535417352476
2026-10-08T06:32:00.000 -950.568617246560 6727.799722127270 -309.434930090641 -4.73157153635060 -0.39408226076258 6.00735927711046
2026-10-08T06:36:00.000 -2037.846744478030 6390.045236103760 1126.056480612200 -4.27382426884877 -2.40342096800425 5.88192333562633
2026-10-08T06:40:00.000 -2977.114815387060 5588.171302859510 2479.532602401470 -3.50572856583895 -4.23803580514928 5.32811287180252
2026-10-08T06:44:00.000 -3700.213230358550 4380.523712620740 3652.461918361570 -2.48346023758189 -5.76422982216774 4.38664786035299
2026-10-08T06:48:00.000 -4154.770307199640 2854.949499345660 4559.569967273520 -1.28155249328040 -6.87135787294000 3.12652598351007
2026-10-08T06:52:00.000 -4307.951535324920 1122.279385346570 5135.004333034920 0.01273460660703 -7.47961766306628 1.63957424100829
2026-10-08T06:56:00.000 -4148.749062855470 -691.765789568359 5337.026907951320 1.30588592122716 -7.54541268482103 0.03366097760803
2026-10-08T07:00:00.000 -3688.695691688380 -2455.634458795080 5150.932136247710 2.50464750639182 -7.06396623586740 -1.57511053952843
2026-10-08T07:04:00.000 -2961.030116326110 -4041.331947905550 4590.080497553100 3.52243606091513 -6.06954028597307 -3.07031096182943
2026-10-08T07:08:00.000 -2018.367385989660 -5333.578066776210 3695.004197658150 4.28531041242122 -4.63326200441870 -4.34325854157663
2026-10-08T07:12:00.000 -929.013700207157 -6238.166015051600 2530.616842684930 4.73728743171134 -2.85869694812577 -5.30071184252012
2026-10-08T07:16:00.000 227.909666621918 -6688.968726507910 1181.628395778480 4.84485516408209 -0.87488215654262 -5.87204246916168
2026-10-08T07:20:00.000 1368.239250571080 -6652.964875241860 -253.602505127928 4.59983349590634 1.17306741470100 -6.01492929694862
2026-10-08T07:24:00.000 2408.996365602500 -6132.795738151940 -1670.335600389530 4.02023300510237 3.13499723864670 -5.71889235487094
2026-10-08T07:28:00.000 3274.555409359840 -5166.578807095630 -2965.253470810950 3.14889979464192 4.86736154917059 -5.00617373593565
2026-10-08T07:32:00.000 3902.217064543270 -3824.974522983540 -4044.134309746980 2.04997354647480 6.24422552732524 -3.92977893072025
2026-10-08T07:36:00.000 4246.737077182410 -2205.806231831240 -4828.741672218520 0.80380888757526 7.16652079256626 -2.56898109940471
2026-10-08T07:40:00.000 4283.483280305200 -426.753755366950 -5262.397045124070 -0.49926323719797 7.56870964665659 -1.02300385822861
2026-10-08T07:44:00.000 4010.053453991680 1383.215128465740 -5313.904649204840 -1.76539946209561 7.42271222892222 0.59629669743758
2026-10-08T07:48:00.000 3446.346325180240 3093.058888028130 -4979.655000196220 -2.90365663796447 6.73937865234489 2.17219791182875
2026-10-08T07:52:00.000 2633.119146701680 4578.950670307580 -4283.843320236560 -3.83214369725016 5.56764278266458 3.59104052715508
2026-10-08T07:56:00.000 1629.131896883430 5733.087186035840 -3276.793943621520 -4.48360426795442 3.99140202460631 4.75000879855879
2026-10-08T08:00:00.000 507.028593206286 6471.486547591100 -2031.469504123800 -4.81035908871686 2.12418605241238 5.56442978671712
2026-10-08T08:04:00.000 -651.855960231556 6740.217163095210 -638.308532628771 -4.78816277602513 0.10138311242710 5.97433225115990
2026-10-08T08:08:00.000 -1763.402047535970 6519.491169833210 801.327495249469 -4.41823641209867 -1.92962691716345 5.94928300042459
2026-10-08T08:12:00.000 -2746.875042270590 5825.235444344760 2182.597002246020 -3.72742568787248 -3.82050293711092 5.49093481784737
2026-10-08T08:16:00.000 -3530.882956832140 4707.950713465260 3404.927569523990 -2.76623235564350 -5.43332390346793 4.63296676485428
2026-10-08T08:20:00.000 -4058.610929635690 3248.930697187110 4379.421869720570 -1.60482185280652 -6.65099545571371 3.43832394507227
2026-10-08T08:24:00.000 -4291.911633841860 1554.208800831160 5035.316926032740 -0.32760322515731 -7.38565136204032 1.99419322256113
2026-10-08T08:28:00.000 -4213.982929117220 -253.218654096338 5325.034672682880 0.97303998297218 -7.58456113981389 0.40540434371617
2026-10-08T08:32:00.000 -3830.495510739000 -2042.273019769870 5227.529307030980 2.20331035241748 -7.23344426849890 -1.21308643036967
2026-10-08T08:36:00.000 -3169.158846411700 -3683.165469233740 4749.757624116620 3.27439372648651 -6.35726129451665 -2.74421837301300
2026-10-08T08:40:00.000 -2277.780681707090 -5056.673603672630 3926.223129700180 4.10861246711947 -5.01864501229285 -4.07683681872043
2026-10-08T08:44:00.000 -1220.909480382390 -6062.750867628850 2816.605399768850 4.64499240114023 -3.31390823018140 -5.11354870391464
2026-10-08T08:48:00.000 -75.248427225592 -6627.903896650620 1501.571084177510 4.84389630005932 -1.36672678883791 -5.77802620906395
2026-10-08T08:52:00.000 1075.891265263350 -6710.740001844540 76.954729650369 4.69032089026079 0.68067790984284 -6.02103319515710
2026-10-08T08:56:00.000 2148.737844998820 -6305.183741322290 -1353.280894516040 4.19549837647793 2.67815012358018 -5.82459887194631
2026-10-08T09:00:00.000 3065.295383791050 -5440.965943889300 -2684.801751035760 3.39599312889189 4.47940913851702 -5.20358739129257
2026-10-08T09:04:00.000 3759.108242565460 -4181.325162874630 -3820.665353157900 2.35075340466399 5.95328393945641 -4.20428121535882
2026-10-08T09:08:00.000 4180.091676561260 -2618.172006028250 -4678.434221859430 1.13633359237616 6.99345656938521 -2.90041542111147
2026-10-08T09:12:00.000 4298.056670951580 -865.197553575548 -5196.083380985920 -0.15905820334482 7.52572920895468 -1.38726639091216
2026-10-08T09:16:00.000 4104.742893786720 950.452822066762 -5336.335019637670 -1.44200100288665 7.51273466412194 0.22549792549955
2026-10-08T09:20:00.000 3614.285389008980 2697.303723273600 -5089.182496331000 -2.62032957932809 6.95589100040881 1.82157939337809
2026-10-08T09:24:00.000 2862.167820667840 4248.871040020590 -4472.540904005550 -3.60931408014414 5.89513997134343 3.28591529470536
2026-10-08T09:28:00.000 1902.730022038170 5492.648405757820 -3531.005525444920 -4.33747133976556 4.40640459329858 4.51252655467490
2026-10-08T09:32:00.000 805.357046902496 6338.204801617800 -2332.760695559980 -4.75168981465229 2.59672166256372 5.41201225259011
2026-10-08T09:36:00.000 -350.447328086334 6723.836041799550 -964.775256463472 -4.82131966880189 0.59705270683309 5.91825304053546
2026-10-08T09:40:00.000 -1480.794497906050 6621.236579881080 473.450772165984 -4.54080089352196 -1.44692757356670 5.99368976046713
2026-10-08T09:44:00.000 -2503.584691271550 6037.729887835200 1877.185531394280 -3.93050978770740 -3.38593852945806 5.63259194134531
2026-10-08T09:48:00.000 -3344.568836332240 5015.745565807650 3144.214682822120 -3.03503994902783 -5.07856878112890 4.86150331471205
2026-10-08T09:52:00.000 -3942.776011129780 3629.643971036850 4182.365474909200 -1.91975137308962 -6.40178165922719 3.73700352792741
2026-10-08T09:56:00.000 -4254.930466666110 1980.189023744680 4916.225623978250 -0.66579950422565 -7.25990932763299 2.34126543913404
2026-10-08T10:00:00.000 -4258.523233655470 187.126938384108 5292.557093651090 0.63600510554472 -7.59131514537298 0.77572518768545
2026-10-08T10:04:00.000 -3953.342276520300 -1619.497975556330 5284.042035863840 1.89174468447825 -7.37223784516556 -0.84632384522950
2026-10-08T10:08:00.000 -3361.443617867150 -3308.646578837640 4891.197715390510 3.01083010996248 -6.61819108544813 -2.40755889793750
2026-10-08T10:12:00.000 -2525.600423212880 -4757.644773934050 4142.368065828940 3.91222148425870 -5.38300528228930 -3.79476778179157
2026-10-08T10:16:00.000 -1506.305241453570 -5861.015140672900 3091.779979650960 4.53018675152311 -3.75538677692478 -4.90673588762791
2026-10-08T10:20:00.000 -377.494075732663 -6538.215196775560 1815.764674856940 4.81917409414601 -1.85326968074473 -5.66170469875596
2026-10-08T10:24:00.000 778.786638499764 -6739.692562768310 407.265873184845 4.75763261010111 0.18464042729327 -6.00389283110684
2026-10-08T10:28:00.000 1878.403464736770 -6450.668930523790 -1030.960561696590 4.34988365172465 2.20905883026091 -5.90789367327650
2026-10-08T10:32:00.000 2841.381281455450 -5692.334464999730 -2393.970789287390 3.62604788829281 4.07153929309344 -5.38106421463278
2026-10-08T10:36:00.000 3597.842799329220 -4520.213429698370 -3582.477225886890 2.63955915587227 5.63624667808811 -4.46277457410930
2026-10-08T10:40:00.000 4093.112436800960 -3019.890543692560 -4510.156224581580 1.46279865945504 6.79004642159946 -3.22092951439778
2026-10-08T10:44:00.000 4291.596602007950 -1300.564618950540 -5109.870721237000 0.18140039510365 7.45039086332871 -1.74646192990780
2026-10-08T10:48:00.000 4179.219412870200 512.988248189662 -5338.387218912320 -1.11204989942439 7.57067575899242 -0.14640034269197
2026-10-08T10:52:00.000 3764.300801678470 2289.411188912870 -5179.333979417050 -2.32459034312215 7.14290047073013 1.46375437963102
2026-10-08T10:56:00.000 3076.889979065280 3900.099326045730 -4644.280075809250 -3.36910188852732 6.19784935690781 2.96796837521077
2026-10-08T11:00:00.000 2166.650053693850 5228.318498911680 -3771.922227009720 -4.17020926656231 4.80313877318934 4.25751853495209
2026-10-08T11:04:00.000 1099.382334607770 6177.574743145920 -2625.407127502460 -4.66962817178106 3.05890979075895 5.23860067963613
2026-10-08T11:08:00.000 -47.627800493612 6678.671800930480 -1287.904003249280 -4.83057953217957 1.09121503228133 5.83923522454078
2026-10-08T11:12:00.000 -1191.173668190670 6694.911237571940 143.352817493944 -4.64087015198811 -0.95685141333136 6.01500701885892
2026-10-08T11:16:00.000 -2248.209771644500 6224.923735969480 1564.164982280180 -4.11405409159513 -2.93581465398552 5.75269320483490
2026-10-08T11:20:00.000 -3141.972412677730 5302.859158121350 2871.056630394110 -3.28863364080219 -4.70109662855786 5.07155299198785
2026-10-08T11:24:00.000 -3807.649793075900 3995.827163399420 3968.940017043480 -2.22498534593722 -6.12435364020356 4.02167730366621
2026-10-08T11:28:00.000 -4197.069640717770 2398.854632207120 4778.046476085510 -1.00051638358388 -7.10263830865310 2.67980895272031
2026-10-08T11:32:00.000 -4282.114612658430 627.893883928610 5239.659054250660 0.29607523676648 -7.56550981477135 1.14353716077985
2026-10-08T11:36:00.000 -4056.678947508320 -1188.594380410230 5320.280876618920 1.57115580717956 -7.47975118951485 -0.47583840374601
2026-10-08T11:40:00.000 -3537.059330283500 -2918.873437920190 5013.978452700360 2.73275831612510 -6.85137464359889 -2.06125942287042
2026-10-08T11:44:00.000 -2760.792012495760 -4437.327924422150 4342.810581925590 3.69686254925584 -5.72512664829317 -3.49784886166375
2026-10-08T11:48:00.000 -1784.032305493410 -5633.482483377440 3355.340571796130 4.39327116483357 -4.18177010569477 -4.68092143525848
2026-10-08T11:52:00.000 -677.595140153516 -6420.074208457410 2123.264612122880 4.77079422533159 -2.33290554143638 -5.52361921622390
2026-10-08T11:56:00.000 478.125149688711 -6739.579679534000 736.292128798172 4.80138226674863 -0.31326461664469 -5.96370695759910
2026-10-08T12:00:00.000 1599.049743519900 -6568.602301002740 -704.414808877207 4.48260854036485 1.72930594742980 -5.96863333936422
2026-10-08T12:04:00.000 2603.640454832280 -5919.679778878450 -2093.734004600850 3.83794233396013 3.64511502950558 -5.53818224300608
2026-10-08T12:08:00.000 3418.945898307430 -4840.343279722380 -3330.409434753540 2.91500412043430 5.29416343568543 -4.70456363697035
2026-10-08T12:12:00.000 3985.970943320380 -3409.463979396400 -4324.549892611010 1.78166470848878 6.55690827043267 -3.52958200571251
2026-10-08T12:16:00.000 4263.901926507150 -1731.269024239300 -5004.151485330440 0.52057600082039 7.34280395407113 -2.09947656456211
2026-10-08T12:20:00.000 4232.922402538860 72.377793619077 -5320.180605634790 -0.77700575199446 7.59618360522385 -0.51823881507458
2026-10-08T12:24:00.000 3895.500613316200 1870.796191956920 -5249.948225855970 -2.01771342047198 7.29958442000790 1.09988995160114
2026-10-08T12:28:00.000 3276.123535759720 3533.801682629720 -4798.626082027460 -3.11246696179161 6.47453256593270 2.63829851450257
2026-10-08T12:32:00.000 2419.543914354460 4940.925598678700 -3998.863331032760 -3.98240643840977 5.18004241035626 3.98591986868232
2026-10-08T12:36:00.000 1387.659326243530 5990.019281281250 -2908.530499613030 -4.56439585114799 3.50895154992481 5.04489938994774
2026-10-08T12:40:00.000 255.149665236129 6604.685513430630 -1606.673528892890 -4.81573985648078 1.58180472482697 5.73773784183807
2026-10-08T12:44:00.000 -895.869789504237 6739.971422588840 -187.883507962874 -4.71762368274162 -0.46146095908858 6.01326961805117
2026-10-08T12:48:00.000 -1981.832383323100 6385.824383724430 1244.580835763810 -4.27689114907537 -2.47180297980266 5.85095129738016
2026-10-08T12:52:00.000 -2923.874720079180 5567.918514726390 2586.403828817120 -3.52564433602219 -4.30243372390894 5.26257582716284
2026-10-08T12:56:00.000 -3653.645819469640 4345.767149540300 3739.918570508100 -2.51881400056603 -5.81996952932143 4.29139959192342
2026-10-08T13:00:00.000 -4118.296686347970 2808.259251682520 4621.284326739240 -1.32980403482999 -6.91448233417455 3.00857569371638
2026-10-08T13:04:00.000 -4284.259427315920 1067.058092049680 5166.532270522960 -0.04485553126761 -7.50718153061752 1.50748238521194
2026-10-08T13:08:00.000 -4139.573043860580 -751.529425331335 5336.092725050290 1.24326299466046 -7.55546017962797 -0.10313931243942
2026-10-08T13:12:00.000 -3694.692058668510 -2515.611821772360 5117.585064422650 2.44161042260378 -7.05566944657309 -1.70678094896138
2026-10-08T13:16:00.000 -2981.743253449380 -4097.150984358690 4526.707512148960 3.46358017300231 -6.04336614265387 -3.18732819953620
2026-10-08T13:20:00.000 -2052.274881001650 -5381.136138960400 3606.178922742720 4.23487809655750 -4.59101144306612 -4.43702999964076
2026-10-08T13:24:00.000 -973.641763547611 -6273.948724895280 2422.786576860290 4.69891937048648 -2.80341344587801 -5.36433100099363
2026-10-08T13:28:00.000 175.806425927768 -6710.317346680220 1062.646173251590 4.82130998402710 -0.81062956428701 -5.90076983323067
2026-10-08T13:32:00.000 1312.447478077990 -6658.292381471170 -375.050281070512 4.59282904889081 1.24148784516486 -6.00662915118231
2026-10-08T13:36:00.000 2353.572880239860 -6121.710139567080 -1785.388118980270 4.03028889178650 3.20250644591523 -5.67423994681821
2026-10-08T13:40:00.000 3223.531791524350 -5139.899940447910 -3065.536495581550 3.17528966470598 4.92899838478806 -4.92851534848499
2026-10-08T13:44:00.000 3859.309476252870 -3784.662292894250 -4122.370838390520 2.09080736457543 6.29551401719726 -3.82485077540538
2026-10-08T13:48:00.000 4215.075502178580 -2154.804425055110 -4879.275778243210 0.85612069260713 7.20377633181019 -2.44447100111960
2026-10-08T13:52:00.000 4265.382630550340 -368.771240585239 -5281.595189771950 -0.43925116147466 7.58928376122879 -0.88797053238804
2026-10-08T13:56:00.000 4006.849576191590 1443.977512268330 -5300.406827958580 -1.70202644259248 7.42517119421757 0.73207330485926
2026-10-08T14:00:00.000 3458.295765846280 3152.211030457930 -4934.466905028820 -2.84152143424301 6.72358516298810 2.29890775607757
2026-10-08T14:04:00.000 2659.379022738090 4632.223926412760 -4210.260248836280 -3.77575127645715 5.53474370411773 3.69950995920107
2026-10-08T14:08:00.000 1667.819444045970 5776.641355058510 -3180.176878160600 -4.43707374579078 3.94381087183412 4.83230953588391
2026-10-08T14:12:00.000 555.347520031132 6502.196621363780 -1918.861879033640 -4.77712400249553 2.06539849756593 5.61457408011181
2026-10-08T14:16:00.000 -597.410119465731 6755.897306218420 -517.913821883677 -4.77065085902287 0.03569052183047 5.98868363535845
2026-10-08T14:20:00.000 -1706.780837285150 6519.057823987430 920.739203461039 -4.41773990939127 -1.99737607932391 5.92679331053364
2026-10-08T14:24:00.000 -2692.200852674270 5808.796795196900 2292.333804048890 -3.74406721069226 -3.88531342090235 5.43331067322576
2026-10-08T14:28:00.000 -3482.159311086630 4676.780418740020 3497.024783947270 -2.79888156228945 -5.49054715223172 4.54450373839614
2026-10-08T14:32:00.000 -4019.417722767720 3205.350358483090 4447.216622869630 -1.65110871614624 -6.69657569666898 3.32551072603057
2026-10-08T14:36:00.000 -4265.134470874190 1501.414832414130 5073.921950754470 -0.38414633013091 -7.41640836854404 1.86523977222046
2026-10-08T14:40:00.000 -4201.592381908300 -311.396426943915 5331.677007015710 0.91045337583814 -7.59841401004449 0.26959938701321
2026-10-08T14:44:00.000 -3833.382649637800 -2101.634271666400 5201.722296749330 2.13937818084914 -7.22937084178261 -1.34607439538807
2026-10-08T14:48:00.000 -3187.078747046750 -3739.396428801030 4693.331879757330 3.21382053514779 -6.33537666720729 -2.86483431896922
2026-10-08T14:52:00.000 -2309.389781917310 -5105.641860841620 3843.223655317350 4.05579522926095 -4.98034658135813 -4.17629720000988
2026-10-08T14:56:00.000 -1263.879968104900 -6100.815085449300 2713.027498302150 4.60369197492127 -3.26187812749160 -5.18451178416590
2026-10-08T15:00:00.000 -126.449374184567 -6652.201456870930 1384.936886527890 4.81701890787005 -1.30475346501956 -5.81517172815942
2026-10-08T15:04:00.000 1020.175721092940 -6719.430986710590 -44.228573344801 4.67980374969691 0.74794501552918 -6.02156482025282
2026-10-08T15:08:00.000 2092.547033398280 -6297.595784516070 -1470.169818769210 4.20208122422365 2.74569073948578 -5.78851055551692
2026-10-08T15:12:00.000 3012.702629270800 -5417.635568892830 -2788.879440672110 3.41921023618028 4.54224554579469 -5.13357806167198
2026-10-08T15:16:00.000 3713.926832345600 -4143.943767227980 -3904.363536650480 2.38891789695525 6.00682417903930 -4.10550578256720
2026-10-08T15:20:00.000 4145.595228986180 -2569.456011629970 -4735.680394980450 1.18667109998819 7.03379601219750 -2.78011390552623
2026-10-08T15:24:00.000 4276.745099129390 -808.685624505305 -5222.740676102040 -0.10018949581520 7.54996300115192 -1.25421497059760
2026-10-08T15:28:00.000 4098.164244768020 1010.661613194950 -5330.491937807010 -1.37883470152820 7.51912958412096 0.36163241163672
2026-10-08T15:32:00.000 3622.928124078520 2756.852395748870 -5051.285334456400 -2.55742125421657 6.94403387389517 1.95094010720263
2026-10-08T15:36:00.000 2885.419453194560 4303.459744886510 -4405.355211224130 -3.55122648773579 5.86591691619354 3.39914471569721
2026-10-08T15:40:00.000 1938.915376276850 5538.337461687860 -3439.415588752670 -4.28843286963919 4.36190749734870 4.60142338221983
2026-10-08T15:44:00.000 851.864336488843 6371.694276053020 -2223.427216236390 -4.71523215848996 2.54018531869818 5.47006376383460
2026-10-08T15:48:00.000 -296.976621641076 6742.727421969340 -845.664052515328 -4.80012451691811 0.53270129419314 5.94119161575227
2026-10-08T15:52:00.000 -1424.245464219920 6624.211908623900 593.664532592153 -4.53650615945147 -1.51440460184723 5.97988648742071
2026-10-08T15:56:00.000 -2448.077326518020 6024.625378803070 1989.753864902260 -3.94342868381042 -3.45163740718936 5.58307475579751
2026-10-08T16:00:00.000 -3294.147524247800 4987.573211052630 3240.953505491060 -3.06425761528165 -5.13766584831621 4.77992843591460
2026-10-08T16:04:00.000 -3901.129362467410 3588.513394015670 4256.261677408030 -1.96321935141363 -6.45003604822488 3.62939908019094
2026-10-08T16:08:00.000 -4225.117704384840 1929.121655159220 4961.940439501200 -0.72033111414673 -7.29397467889643 2.21544562712731
2026-10-08T16:12:00.000 -4242.728885063560 129.837841925029 5306.788616266790 0.57443919816495 -7.60879434710352 0.64077685515077
2026-10-08T16:16:00.000 -3952.712853002030 -1678.859819986710 5265.761114264010 1.82773466443465 -7.37192690218191 -0.98068539354358
2026-10-08T16:20:00.000 -3375.988910682440 -3365.780424126220 4841.704789901340 2.94917199790164 -6.60001498250807 -2.53173448125126
2026-10-08T16:24:00.000 -2554.205901294780 -4808.368785708440 4065.202087707640 3.85741438145747 -5.34805272898870 -3.89978247633592
2026-10-08T16:28:00.000 -1546.846328913880 -5901.567550668680 2992.499876204760 4.48612183308893 -3.70607770425510 -4.98487352247332
2026-10-08T16:32:00.000 -427.001421684008 -6565.550988329650 1701.557350314500 4.78895866512238 -1.79310652934114 -5.70717323939962
2026-10-08T16:36:00.000 723.909597271973 -6751.722769686490 286.440279444821 4.74336175501927 0.25121757712815 -6.01321482985451
2026-10-08T16:40:00.000 1822.126213411580 -6446.453149472260 -1149.586728638380 4.35255691225924 2.27701678832115 -5.88037341044354
2026-10-08T16:44:00.000 2787.770964293640 -5672.145753273730 -2501.750443524650 3.64546374284254 4.13586100849924 -5.31875368127154
2026-10-08T16:48:00.000 3550.772705609380 -4485.501976007440 -3671.562288902770 2.67431360036530 5.69220383473701 -4.37025512203902
2026-10-08T16:52:00.000 4055.982356464820 -2973.169668530170 -4574.069307956690 1.51037296783971 6.83355581234133 -3.10496663366658
2026-10-08T16:56:00.000 4267.086112115900 -1245.221760257420 -5143.971107304700 0.23834797795767 7.47829549929905 -1.61550139114291
2026-10-08T17:00:00.000 4169.091584336310 572.941220115659 -5340.202114194020 -1.04987324826639 7.58095282789621 -0.00995072324008
2026-10-08T17:04:00.000 3769.275634879490 2349.625774828400 -5148.731801794720 -2.26167176958851 7.13479236646339 1.59580161626073
2026-10-08T17:08:00.000 3096.597911147450 3956.208976979640 -4583.478850956850 -3.30999262575657 6.17195654950423 3.08605170226515
2026-10-08T17:12:00.000 2199.653434719800 5276.253313057180 -3685.324342137060 -4.11919655597181 4.76131114143786 4.35310070587121
2026-10-08T17:16:00.000 1143.280809874670 6213.846399068930 -2519.286512169900 -4.63040040146606 3.00413218012470 5.30470432023162
2026-10-08T17:20:00.000 3.977661773658 6700.630684909930 -1169.967987470620 -4.80596702866276 1.02744970797071 5.87097410522715
2026-10-08T17:24:00.000 -1135.602478380510 6700.955899194500 264.516963057470 -4.63263945517754 -1.02487346127922 6.01000291458679
2026-10-08T17:28:00.000 -2192.706762472640 6214.637146443700 1679.731890022860 -4.12286577944998 -3.00305557558232 5.71135414749415
2026-10-08T17:32:00.000 -3090.581353757090 5277.014568900860 2972.621453046840 -3.31387186331860 -4.76272094454792 4.99691535492895
2026-10-08T17:36:00.000 -3764.112691366920 3956.324095794550 4049.116796388420 -2.26479744525032 -6.17585015770543 3.91918125605534
2026-10-08T17:40:00.000 -4164.556575620280 2348.591395487460 4831.016992882480 -1.05201433777079 -7.14027358229711 2.55697963955100
2026-10-08T17:44:00.000 -4262.996374750690 570.536655736706 5261.593201586640 0.23663553103353 -7.58664688929618 1.00929286378879
2026-10-08T17:48:00.000 -4052.347274002700 -1248.882982823130 5309.588589245800 1.50813537190437 -7.48289411869343 -0.61183308653870
2026-10-08T17:52:00.000 -3547.816805195970 -2977.720342563210 4971.424429564450 2.67082136396634 -6.83628232725207 -2.18916967795087
2026-10-08T17:56:00.000 -2785.821671532180 -4490.451473048390 4271.464581768100 3.64059898795470 -5.69279575595230 -3.60840461019877
2026-10-08T18:00:00.000 -1821.468333985380 -5676.988875639120 3260.364865544510 4.34676659669685 -4.13442548535210 -4.76606855581048
2026-10-08T18:04:00.000 -724.681302052977 -6450.744101463620 2011.549488685150 4.73736430871722 -2.27392306755702 -5.57710703846248
2026-10-08T18:08:00.000 424.832825484501 -6755.115569217120 615.961969343099 4.78339668630131 -0.24690328756293 -5.98155236030810
2026-10-08T18:12:00.000 1543.427945213680 -6567.812196976390 -824.583157129106 4.48128821239944 1.79813657049859 -5.94943819932198
2026-10-08T18:16:00.000 2549.722057096050 -5902.591183705930 -2204.964396212390 3.85337624010012 3.71126096218003 -5.48336222248209
2026-10-08T18:20:00.000 3370.643903735100 -4808.191361119460 -3424.588900117360 2.94608954390039 5.35277710165345 -4.61816881695994
2026-10-08T18:24:00.000 3946.790925198740 -3364.581375640330 -4394.817866975170 1.82612753170489 6.60374020269095 -3.41793675055937
2026-10-08T18:28:00.000 4236.680053572660 -1676.907759605940 -5045.392219038960 0.57514730489790 7.37448339455101 -1.97069938540227
2026-10-08T18:32:00.000 4219.614071539250 132.282147184672 -5329.382338544190 -0.71634726330116 7.61041235801111 -0.38164244416838
2026-10-08T18:36:00.000 3897.036572827520 1931.899897518660 -5226.413244604470 -1.95542940911682 7.29527338157644 1.23444562601089
2026-10-08T18:40:00.000 3292.350014731770 3591.653856194640 -4744.022176973380 -3.05306878187610 6.45190044526943 2.76107071793328
2026-10-08T18:44:00.000 2449.247715996000 4991.294308692320 -3917.113369945170 -3.93017320562059 5.14068446000400 4.08798680386622
2026-10-08T18:48:00.000 1428.655252150600 6029.203199097190 -2805.529117193820 -4.52309744648518 3.45565315227899 5.11884240590785
2026-10-08T18:52:00.000 304.440972890469 6629.774465449990 -1489.868628339200 -4.78831830392196 1.51835628657082 5.77810114023698
2026-10-08T18:56:00.000 -841.864860764876 6749.072082368390 -65.753114962902 -4.70599365795974 -0.53041981011879 6.01699233775768
2026-10-08T19:00:00.000 -1927.023600949140 6378.226456757230 1363.144202845480 -4.28186297680824 -2.54112068750630 5.81767943090497
2026-10-08T19:04:00.000 -2872.230999453830 5544.162781119640 2692.760153729670 -3.54689911340709 -4.36693016378030 5.19475666492682
2026-10-08T19:08:00.000 -3608.919783521370 4307.588953220950 3826.329246920400 -2.55486400697429 -5.87492581504125 4.19402833096698
2026-10-08T19:12:00.000 -4083.748025205500 2758.443641485160 4681.473308497100 -1.37804290816969 -6.95591289387397 2.88877215616043
2026-10-08T19:16:00.000 -4262.405124814590 1009.236289295300 5196.138734889190 -0.10176199221969 -7.53205864176326 1.37399682295209
2026-10-08T19:20:00.000 -4132.011638617890 -813.145580938620 5332.989934942240 1.18178492903765 -7.56202631424735 -0.24057115903796
2026-10-08T19:24:00.000 -3701.988625144660 -2576.552024326220 5082.020408331030 2.38003215481429 -7.04350620278551 -1.83822169942907
2026-10-08T19:28:00.000 -3003.377873506620 -4152.999561857250 4461.279543932570 3.40640988744930 -6.01335933125812 -3.30322846473669
2026-10-08T19:32:00.000 -2086.677468568030 -5427.846662802130 3515.659079684380 4.18630304610739 -4.54532891058277 -4.52894830687712
2026-10-08T19:36:00.000 -1018.306465208930 -6308.137794071670 2313.779347474310 4.66250873637013 -2.74539460375110 -5.42552700323957
2026-10-08T19:40:00.000 124.142502495467 -6729.518711552670 943.111078256020 4.79975321178829 -0.74451784446347 -5.92677368189206
2026-10-08T19:44:00.000 1257.561648672220 -6661.133595857760 -496.387360050165 4.58770172017495 1.31086957285925 -5.99554419764330
2026-10-08T19:48:00.000 2299.479427886180 -6108.020126862580 -1899.667923438090 4.04198659838475 3.27002996207145 -5.62688588484636
2026-10-08T19:52:00.000 3174.196180575390 -5110.725685075350 -3164.429055456380 3.20300087708049 4.98972931560402 -4.84844690911569
2026-10-08T19:56:00.000 3818.355612135270 -3742.169927052780 -4198.693126776600 2.13251581964254 6.34510690989090 -3.71799421886811
2026-10-08T20:00:00.000 4185.513990775850 -2102.104443989340 -4927.502348429340 0.90875665141372 7.23874949452656 -2.31862091711002
2026-10-08T20:04:00.000 4249.378746830830 -309.688196482388 -5298.237873611410 -0.37961547940403 7.60718612354020 -0.75220974439391
2026-10-08T20:08:00.000 4005.557614703820 1505.164913927610 -5284.250369326740 -1.63982326367564 7.42468845762630 0.86798896506593
2026-10-08T20:12:00.000 3471.781623675590 3211.057082094480 -4886.655131424040 -2.78133223383071 6.70465239984315 2.42518409467247
2026-10-08T20:16:00.000 2686.627745467030 4684.424594222320 -4134.226689392530 -3.72194342861356 5.49862142987565 3.80697810170901
2026-10-08T20:20:00.000 1706.822296480360 5818.355061817030 -3081.407596326600 -4.39352712928011 3.89306516945365 4.91315069999779
2026-10-08T20:24:00.000 603.245334903597 6530.327004354160 -1804.497850250420 -4.74699210600610 2.00362370155312 5.66288443861268
2026-10-08T20:28:00.000 -544.113797671144 6768.314385475840 -396.245799164793 -4.75605627532321 -0.03267807484145 6.00084853210616
2026-10-08T20:32:00.000 -1651.957184619220 6514.771397237450 1040.862555876350 -4.41967255815389 -2.06733979638525 5.90181635142557
2026-10-08T20:36:00.000 -2639.816509653240 5788.047749359400 2402.154011824650 -3.76232932667106 -3.95168081673357 5.37294633798261
2026-10-08T20:40:00.000 -3435.994190183020 4641.036959614520 3588.525191655670 -2.83213791233734 -5.54834565117521 4.45314598367042
2026-10-08T20:44:00.000 -3982.808336610970 3157.198519273600 4513.724462651090 -1.69700248184080 -6.74155405641704 3.20987636764905
2026-10-08T20:48:00.000 -4240.729424396680 1444.341769238970 5110.593180815930 -0.43932692570697 -7.44531889506570 1.73374810778388
2026-10-08T20:52:00.000 -4191.146827277940 -373.251175092798 5335.833631183140 0.85000627065124 -7.60909126346500 0.13179333850953
2026-10-08T20:56:00.000 -3837.646680521020 -2163.768969372230 5173.056103587310 2.07798532013777 -7.22102358695679 -1.48011435351449
2026-10-08T21:00:00.000 -3205.743770682050 -3797.297144770080 4633.929890903810 3.15593860384354 -6.30865217227656 -2.98536619460463
2026-10-08T21:04:00.000 -2341.101415089830 -5155.104755884530 3757.409682109920 4.00561971831997 -4.93719322710537 -4.27451623199005
2026-10-08T21:08:00.000 -1306.337297721940 -6138.255257633570 2607.056427038520 4.56486281546713 -3.20546603183795 -5.25323181107209
2026-10-08T21:12:00.000 -176.572172997045 -6674.923255891610 1266.540305301270 4.79236436514796 -1.23927711455142 -5.84936536308425
2026-10-08T21:16:00.000 966.031146686222 -6725.829876434970 -166.413649345062 4.67115769059215 0.81764607547543 -6.01874805236500
2026-10-08T21:20:00.000 2038.331342498400 -6287.274545113190 -1587.234217356040 4.21014730813709 2.81446529049394 -5.74892567103707
2026-10-08T21:24:00.000 2962.388468585810 -5391.428611610380 -2892.302394160960 3.44347248796066 4.60504334414874 -5.06020166378883
2026-10-08T21:28:00.000 3671.221461076940 -4103.840738939770 -3986.646854564280 2.42768294094583 6.05914402849912 -4.00381497637417
2026-10-08T21:32:00.000 4113.661584428730 -2518.426770273080 -4790.890313008710 1.23711456292330 7.07200003889009 -2.65757241478790
2026-10-08T21:36:00.000 4257.953208440820 -750.454811971178 -5246.916738667020 -0.04180198408800 7.57143103781504 -1.11970525642148
2026-10-08T21:40:00.000 4093.906580636570 1071.877830206070 -5321.909606814310 -1.31686527142565 7.52238896677464 0.49847156178558
2026-10-08T21:44:00.000 3633.511654134170 2816.623119063240 -5010.564248772960 -2.49648062235603 6.92878162551389 2.08030897288264
2026-10-08T21:48:00.000 2910.054582026170 4357.431962434650 -4335.424862185010 -3.49578487716465 5.83311770134132 3.51170268754337
2026-10-08T21:52:00.000 1975.790431037450 5582.546898445420 -3345.325943489620 -4.24249250893575 4.31383724865459 4.68895308849500
2026-10-08T21:56:00.000 898.283326978651 6402.870467605210 -2111.997101500060 -4.68212720387301 2.48030357067854 5.52615172350311
2026-10-08T22:00:00.000 -244.404110155460 6758.537361580230 -724.980071342266 -4.78225753963247 0.46529570083790 5.96174084190750
2026-10-08T22:04:00.000 -1369.349790736270 6623.421235905200 714.829031691405 -4.53512281390029 -1.58448656102302 5.96329402965368
2026-10-08T22:08:00.000 -2394.845751984820 6007.209308564530 2102.563780035230 -3.95858602890434 -3.51924340763195 5.53046178088676
2026-10-08T22:12:00.000 -3246.435465280530 4954.732031555020 3337.169480779930 -3.09480817720352 -5.19780880807754 4.69510253963240
2026-10-08T22:16:00.000 -3862.378357315760 3542.585029104930 4328.848111178060 -2.00688073687817 -6.49826365631624 3.51851509846707
2026-10-08T22:20:00.000 -4198.110900702420 1873.419685292710 5005.584374195840 -0.77394420808287 -7.32669771216759 2.08662438366747
2026-10-08T22:24:00.000 -4229.398493720320 68.392167028756 5318.290799270960 0.51478359242647 -7.62363768672289 0.50337414129963
2026-10-08T22:28:00.000 -3953.993117421070 -1741.591468056680 5244.249250651490 1.76636552655775 -7.36771236328942 -1.11671670627665
2026-10-08T22:32:00.000 -3391.767286830470 -3425.223292214070 4788.713192402540 2.89044668518533 -6.57699790342152 -2.65641478602780
2026-10-08T22:36:00.000 -2583.333332215000 -4860.191408843860 3984.577260453360 3.80558100829010 -5.30796252068230 -4.00396577759657
2026-10-08T22:40:00.000 -1587.203129740810 -5942.002452292370 2890.112662411900 4.44494582794775 -3.65186071957992 -5.06092564372208
2026-10-08T22:44:00.000 -475.652906323667 -6591.671209864520 1584.874897100290 4.76143736829929 -1.72877995875048 -5.74950989991393
2026-10-08T22:48:00.000 670.506698618218 -6761.666116731820 163.981833202379 4.73153997540037 0.32085092438313 -6.01871944914737
2026-10-08T22:52:00.000 1767.875755964690 -6439.563269299580 -1268.882805172910 4.35737106989602 2.34679027868584 -5.84868763920484
2026-10-08T22:56:00.000 2736.654894502360 -5649.007171891470 -2609.193485306040 3.66661410105528 4.20066307135123 -5.25228755659673
2026-10-08T23:00:00.000 3506.554436547750 -4447.886613192100 -3759.354699214790 2.71030261123798 5.74731486908895 -4.27399241409804
2026-10-08T23:04:00.000 4021.935177367290 -2923.892205896230 -4635.879334973490 1.55863548375893 6.87506880869252 -2.98605276777767
2026-10-08T23:08:00.000 4245.750035958210 -1187.903042557490 -5175.379121898220 0.29535008016447 7.50341603334822 -1.48259858734156
2026-10-08T23:12:00.000 4162.064591503890 634.141703040186 -5338.984167746760 -0.98838167714225 7.58799754121172 0.12739563360465
2026-10-08T23:16:00.000 3777.087517589270 2410.287243661610 -5115.000451777920 -2.20028109873146 7.12327306675435 1.72777757704300
2026-10-08T23:20:00.000 3118.673783197920 4011.936646038910 -4519.670735877500 -3.25324940883844 6.14258118009996 3.20320029238512
2026-10-08T23:24:00.000 2234.371310151080 5322.971672265150 -3596.045369517720 -4.07122854097730 4.71604912677891 4.44690104935495
2026-10-08T23:28:00.000 1188.104266539260 6248.106078171740 -2411.006603899520 -4.59465831453069 2.94619813297658 5.36826481029366
2026-10-08T23:32:00.000 55.647684881153 6719.881781082480 -1050.557528528370 -4.78500447617033 0.96108962504291 5.89959633767322
2026-10-08T23:36:00.000 -1080.842523256720 6703.750827482600 386.366962632472 -4.62801480125662 -1.09481269981302 6.00158057498509
2026-10-08T23:40:00.000 -2138.842245841820 6200.724824722100 1795.145571644940 -4.13489923140439 -3.07148513978899 5.66646205605531
2026-10-08T23:44:00.000 -3041.525178925400 5247.367645901280 3073.185073000040 -3.34166303481519 -4.82460235463967 4.91881778405048
2026-10-08T23:48:00.000 -3723.426828236910 3913.069969429560 4127.500675317710 -2.30633199563906 -6.22667511363296 3.81357316774858
2026-10-08T23:52:00.000 -4135.192426957190 2294.844953679690 4881.501157494050 -1.10424626550321 -7.17634102533195 2.43150541717347
2026-10-08T23:56:00.000 -4247.076102228420 510.185830277092 5280.483720874820 0.17752074490133 -7.60527642148072 0.87310521134756
2026-10-09T00:00:00.000 -4051.012624626370 -1311.462439152990 5295.499358456590 1.44644624220651 -7.48272141872117 -0.74880300211296
2026-10-09T00:04:00.000 -3561.148779015920 -3037.984140537730 4925.366155435130 2.61102297533319 -6.81726227009771 -2.31697730844946
2026-10-09T00:08:00.000 -2812.850183225800 -4544.010834384640 4196.777880866590 3.58693960216511 -5.65629397649200 -3.71769778111517
2026-10-09T00:12:00.000 -1860.247464576610 -5719.951525080030 3162.490157600010 4.30310370774544 -4.08317872555530 -4.84881765114481
2026-10-09T00:16:00.000 -772.410260356182 -6480.011395292660 1897.631200853340 4.70690826760699 -2.21175950849157 -5.62722714346118
2026-10-09T00:20:00.000 371.617444998199 -6768.612380840920 494.322527472030 4.76842236828631 -0.17846665617393 -5.99538712564494
2026-10-09T00:24:00.000 1488.604282152140 -6564.637378171460 -945.065748705674 4.48295493594699 1.86776531138178 -5.92603655763562
2026-10-09T00:28:00.000 2497.303468027950 -5883.076974406970 -2315.517279724270 3.87164354109037 3.77695922301972 -5.42454368106592
2026-10-09T00:32:00.000 3324.488559123240 -4773.862910070520 -3517.193741769010 2.97970902648109 5.40979103617022 -4.52835971303168
2026-10-09T00:36:00.000 3910.316431121040 -3318.021604851370 -4462.795902518930 1.87268711521164 6.64805876132092 -3.30378399700442
2026-10-09T00:40:00.000 4212.600589015550 -1621.554366181660 -5083.873923934150 0.63124652674267 7.40302728583723 -1.84055891102050
2026-10-09T00:44:00.000 4209.734833052030 192.393290375259 -5335.648431244770 -0.65485026606291 7.62130088741001 -0.24493385609659
2026-10-09T00:48:00.000 3902.109435736350 1992.423366242400 -5200.058025546740 -1.89310562628249 7.28780308314377 1.36795300547996
2026-10-09T00:52:00.000 3312.014683726800 3648.219344737790 -4686.969789446630 -2.99455106036795 6.42657075113901 2.88183967053989
2026-10-09T00:56:00.000 2482.063987712620 5039.792374266960 -3833.484878311470 -3.87976309845562 5.09916090971369 4.18733479280563
2026-10-09T01:00:00.000 1472.226623452770 6066.067120188710 -2701.375830862170 -4.48441938741326 3.40080877763879 5.18946860277825
2026-10-09T01:04:00.000 355.600554594942 6652.267742575820 -1372.759772918980 -4.76414253186218 1.45418576777376 5.81476689963974
2026-10-09T01:08:00.000 -786.828983744693 6755.513379257370 55.783058189789 -4.69806067046756 -0.59918895367006 6.01699726893918
2026-10-09T01:12:00.000 -1872.101265569000 6368.115730636360 1480.256754438030 -4.29073735418753 -2.60943581452666 5.78104082614525
2026-10-09T01:16:00.000 -2821.403559371200 5518.211199114830 2796.925827870380 -3.57193720189800 -4.42981991430807 5.12416270096753
2026-10-09T01:20:00.000 -3565.868006128750 4267.657676570240 3909.966887323760 -2.59422600152319 -5.92781563951335 4.09458828199103
2026-10-09T01:24:00.000 -4051.590647517880 2707.417867195510 4738.488856624200 -1.42892328053660 -6.99491801044515 2.76772357238923
2026-10-09T01:28:00.000 -4243.480314202750 950.805348847116 5222.376682506840 -0.16047443674399 -7.55439030776454 1.24011930781630
2026-10-09T01:32:00.000 -4127.690273096240 -874.756647288798 5326.521681417380 1.11955048993427 -7.56602268061646 -0.37757779880858
2026-10-09T01:36:00.000 -3712.571359454500 -2636.873153756730 5043.297767210030 2.31882183930387 -7.02882199087748 -1.96835391039168
2026-10-09T01:40:00.000 -3028.081988200840 -4207.645097976120 4393.108202359680 3.35065180271471 -5.98102977314349 -3.41699734192009
2026-10-09T01:44:00.000 -2123.703876687840 -5472.838497745070 3422.993217224290 4.13999318731207 -4.49770365294815 -4.61804730703999
2026-10-09T01:48:00.000 -1064.972311357530 -6340.203298516540 2203.365279839430 4.62897516427340 -2.68597112053447 -5.48341144996741
2026-10-09T01:52:00.000 71.215733276132 -6746.343197530200 823.002756813032 4.78143499644681 -0.67772910070779 -5.94917586135441
2026-10-09T01:56:00.000 1202.213983234570 -6661.540942946030 -617.424248972840 4.58598378253374 1.38003554807881 -5.98084205708464
2026-10-09T02:00:00.000 2245.745294696070 -6092.053021938930 -2012.811968141390 4.05707968235149 3.33648191956555 -5.57623201375733
2026-10-09T02:04:00.000 3126.009491681610 -5079.623809523700 -3261.455756184030 3.23386503666431 5.04863391218064 -4.76562974091233
2026-10-09T02:08:00.000 3779.259967908040 -3698.264792724130 -4272.577309006030 2.17694858031246 6.39226959104682 -3.60914782939442
2026-10-09T02:12:00.000 4158.393749110600 -2048.627165530580 -4972.919589159540 0.96350208167833 7.27089286189853 -2.19168637070363
2026-10-09T02:16:00.000 4236.236159997360 -250.532997954662 -5311.928443390280 -0.31860547243617 7.62208120909492 -0.61636011210693
2026-10-09T02:20:00.000 4007.359790533100 1565.710709310050 -5265.245266018600 -1.57706894089052 7.42131829292885 1.00296532715435
2026-10-09T02:24:00.000 3488.389714945100 3268.612320481820 -4836.330454991690 -2.72146763150550 6.68323844842756 2.54963723416303
2026-10-09T02:28:00.000 2716.812501755450 4734.805918710000 -4056.201867422060 -3.66936498069387 5.46059260819346 3.91196178030395
2026-10-09T02:32:00.000 1748.361800156730 5857.861819615610 -2981.302038854990 -4.35204796529747 3.84099089578759 4.99103457317233
2026-10-09T02:36:00.000 653.108611346979 6556.010063995760 -1689.556671749060 -4.71951130232660 1.94121317368301 5.70784629754544
2026-10-09T02:40:00.000 -489.539936106066 6778.237255000170 -274.829640530928 -4.74451998209552 -0.10078177120660 6.00950776328823
2026-10-09T02:44:00.000 -1596.623027305790 6508.172237195310 1159.910413251490 -4.42491376721173 -2.13606858919921 5.87355120566876
2026-10-09T02:48:00.000 -2587.728584544260 5765.385304107480 2510.167841788950 -3.78398296190790 -4.01598091704787 5.30982438613376
2026-10-09T02:52:00.000 -3390.929318790300 4603.949615090180 3677.647022745660 -2.86865012861888 -5.60352054792877 4.35979527806868
2026-10-09T02:56:00.000 -3948.036358806240 3108.376366815330 4577.474295368400 -1.74574779994170 -6.78356497773869 3.09308943125543
2026-10-09T03:00:00.000 -4218.781607502880 1387.334398136750 5144.344701402750 -0.49680299673493 -7.47111195879469 1.60208125975987
2026-10-09T03:04:00.000 -4183.631026196890 -434.310192889091 5337.150117279140 0.78795171866353 -7.61687151869128 -0.00519500734614
2026-10-09T03:08:00.000 -3845.119071026650 -2224.464816211290 5141.844096807030 2.01590490836125 -7.21021974070440 -1.61254720711280
2026-10-09T03:12:00.000 -3227.664518300360 -3853.227888680220 4572.455935166720 3.09834715838058 -6.27999035531192 -3.10356307470943
2026-10-09T03:16:00.000 -2375.881805047940 -5202.211683892320 3670.154955071250 3.95670206704978 -4.89277219354000 -4.36984183897088
2026-10-09T03:20:00.000 -1351.451817144700 -6173.124904942620 2500.385895018100 4.52819665647889 -3.14853482723013 -5.31870748336660
2026-10-09T03:24:00.000 -228.736755594247 -6695.038096482980 1148.244634865900 4.77063876023564 -1.17401649853628 -5.88016679025788
2026-10-09T03:28:00.000 910.616991350152 -6729.763397687980 -287.689132529024 4.66597470378244 0.88639195023249 -6.01263394755405
2026-10-09T03:32:00.000 1983.711812415450 -6274.798136604420 -1702.635526510410 4.22191901811411 2.88162197289747 -5.70640404751508
2026-10-09T03:36:00.000 2912.559189016160 -5363.520309849230 -2993.426203679780 3.47138233667611 4.66570760608050 -4.98449338382558
2026-10-09T03:40:00.000 3629.836498608670 -4062.593194963260 -4066.157814895200 2.46971265800843 6.10897629768338 -3.90052895297151
2026-10-09T03:44:00.000 4083.760964588160 -2466.880019684640 -4843.043131257460 1.29019970617385 7.10749599209529 -2.53426573043323
2026-10-09T03:48:00.000 4241.735417785160 -692.364541534774 -5267.954400917770 0.01842654481287 7.59014910992964 -0.98528311262506
2026-10-09T03:52:00.000 4092.556897318050 1132.303392453450 -5310.313753863760 -1.25396328202162 7.52300821597929 0.63435515549936
2026-10-09T03:56:00.000 3647.115793622350 2875.003232051430 -4967.163745252860 -2.43553538895538 6.91121574637618 2.20786036254432
2026-10-09T04:00:00.000 2937.599236183410 4409.522555680560 -4263.339181043710 -3.44127411908962 5.79856683795060 3.62175137065402
2026-10-09T04:04:00.000 2015.242235640980 5624.531821797680 -3249.742345094790 -4.19837792649725 4.26466704751097 4.77352071724543
2026-10-09T04:08:00.000 946.749706990133 6431.635846675050 -1999.817390102200 -4.65156357898654 2.41996527125033 5.57901882573837
2026-10-09T04:12:00.000 -190.449947765781 6771.912137192590 -604.342898977931 -4.76735022103250 0.39818561757802 5.97889446767262
2026-10-09T04:16:00.000 -1313.809244397610 6620.381903149300 835.139173095355 -4.53688939292919 -1.65329947987338 5.94344232728252
2026-10-09T04:20:00.000 -2341.731694142140 5987.962789057820 2213.791168423200 -3.97692481623787 -3.58465440860379 5.47509107361995
2026-10-09T04:24:00.000 -3199.594657689720 4920.681395147890 3431.226539585950 -3.12843433735366 -5.25500230934067 4.60826767029296
2026-10-09T04:28:00.000 -3825.213467918000 3496.222447651310 4398.907785742050 -2.05340976053211 -6.54304470639175 3.40659886692302
2026-10-09T04:32:00.000 -4173.338824824790 1818.133063637960 5046.579059130130 -0.83006509732297 -7.35584135907067 1.95781997404758
2026-10-09T04:36:00.000 -4218.845362728220 8.205113633980 5327.277093092940 0.45313618883528 -7.63509250098826 0.36707157145585
2026-10-09T04:40:00.000 -3958.453625447920 -1802.316516397390 5220.612982791100 1.70366653037954 -7.36073453776660 -1.25061906358274
2026-10-09T04:44:00.000 -3410.938054867230 -3482.103521877990 4734.197429492660 2.83131685074821 -6.55211517648420 -2.77828459674451
2026-10-09T04:48:00.000 -2615.833628897350 -4909.111305025910 3903.155085505110 3.75430169052537 -5.26691536539286 -4.10493647517722
2026-10-09T04:52:00.000 -1630.689058010440 -5979.422042381690 2787.723749018420 4.40524170564901 -3.59766392892130 -5.13360126020065
2026-10-09T04:56:00.000 -526.976239743338 -6614.896569084670 1468.996271122290 4.73623282462374 -1.66542299311596 -5.78855757107781
2026-10-09T05:00:00.000 615.071409266169 -6769.049977710800 43.077277051533 4.72269350553426 0.38868828414520 -6.02130520037596
2026-10-09T05:04:00.000 1712.360485744080 -6430.627430476770 -1385.992098785000 4.36556112909586 2.41411063901178 -5.81467884408854
2026-10-09T05:08:00.000 2685.107962138320 -5624.474517736040 -2713.980102651480 3.69130655487819 4.26252670384660 -5.18425522676487
2026-10-09T05:12:00.000 3462.752129769720 -4409.608426022260 -3844.213005014900 2.74975391560203 5.79931991329060 -4.17697988347938
2026-10-09T05:16:00.000 3989.092379109570 -2874.689254421590 -4694.667801377310 1.60994592723095 6.91356676329357 -2.86713909511927
2026-10-09T05:20:00.000 4226.273181328950 -1131.363108166500 -5203.849568992010 0.35473418784639 7.52569997503161 -1.35039681385902
2026-10-09T05:24:00.000 4157.375648934690 693.917293016497 -5335.080186692610 -0.92529764666564 7.59252124821896 0.26335616196224
2026-10-09T05:28:00.000 3787.516601596190 2468.969960293490 -5078.990838179290 -2.13815916899879 7.10968102450478 1.85775257968513
2026-10-09T05:32:00.000 3143.441103996300 4065.257797697760 -4454.131372779370 -3.19661156693470 6.11175267813156 3.31780757111935
2026-10-09T05:36:00.000 2271.655413398300 5367.030030762140 -3505.691663842710 -4.02420094467756 4.67014014717415 4.53781787428185
2026-10-09T05:40:00.000 1235.171981693750 6279.649571846440 -2302.361311244620 -4.56064713287074 2.88844471571406 5.42883416988935
2026-10-09T05:44:00.000 109.060973305921 6736.550228407840 -931.488305906349 -4.76644659601798 0.89562601922965 5.92534972364834
2026-10-09T05:48:00.000 -1024.965352944600 6704.252230442260 507.213816146624 -4.62614421559871 -1.16323403489928 5.99052910818791
2026-10-09T05:52:00.000 -2084.537649385020 6184.962792712180 1908.969401575670 -4.14979667988167 -3.13773986826351 5.61934378292269
2026-10-09T05:56:00.000 -2992.714183215600 5216.461116032540 3171.691975068440 -3.37227056826163 -4.88377114196609 4.83907844599653
2026-10-09T06:00:00.000 -3683.635479195250 3869.257071420410 4203.518326586270 -2.35043167873234 -6.27439280043576 3.70705819352661
2026-10-09T06:04:00.000 -4107.295488924450 2241.314095214290 4929.504146231290 -1.15867513486366 -7.20910846786572 2.30599531256284
2026-10-09T06:08:00.000 -4233.096814737470 450.832691453382 5296.991904093140 0.11667481872080 -7.62074261231861 0.73775889764211
2026-10-09T06:12:00.000 -4051.966626535650 -1372.329882333310 5279.321609706650 1.38360967685690 -7.47979753373218 -0.88418324965946
2026-10-09T06:16:00.000 -3576.964264191840 -3095.951120175790 4877.679769900470 2.55077267366114 -6.79617016789261 -2.44257016789183
2026-10-09T06:20:00.000 -2842.366885611640 -4594.875111992870 4121.042712136690 3.53372039761863 -5.61853753883493 -3.82442367508325
2026-10-09T06:24:00.000 -1901.298510218280 -5760.006409771290 3064.200538448420 4.26078244040164 -4.03139745342485 -4.92888618549855
2026-10-09T06:28:00.000 -821.999057523223 -6506.320806355900 1783.935478052490 4.67850616246483 -2.14969807020392 -5.67474364886480
2026-10-09T06:32:00.000 317.096085154919 -6779.245475446910 373.507905639195 4.75596848852872 -0.11070420619787 -6.00682614371235
2026-10-09T06:36:00.000 1433.110745143230 -6558.823187859040 -1064.184887351400 4.48736133067157 1.93621531355958 -5.90055990196995
2026-10-09T06:40:00.000 2444.873433253300 -5861.254901023320 -2424.254478301430 3.89261049282243 3.84109133053762 -5.36403647500012
2026-10-09T06:44:00.000 3278.936575175140 -4737.641422295820 -3607.626841556520 3.01570697447970 5.46492017095080 -4.43727706683003
2026-10-09T06:48:00.000 3874.956274547260 -3270.056601257130 -4528.349997069700 1.92110729280445 6.69020908544424 -3.18881466563857
2026-10-09T06:52:00.000 4190.006396992590 -1565.336617549170 -5119.789731741550 0.68854929841157 7.42924414075592 -1.71003447663866
2026-10-09T06:56:00.000 4201.540829241700 252.791943548966 -5339.303708878660 -0.59289550088406 7.62971154078011 -0.10824484484576
2026-10-09T07:00:00.000 3908.887230649260 2052.626176332360 -5171.153271306450 -1.83106468354826 7.27776212401610 1.50095729123435
2026-10-09T07:04:00.000 3333.235156607050 3703.848403946290 -4627.550436262200 -2.93697442521110 6.39870401966751 3.00158120316639
2026-10-09T07:08:00.000 2516.144708111920 5086.769260440450 -3747.800972240560 -3.83081513910913 5.05534360213172 4.28512386016859
2026-10-09T07:12:00.000 1516.661782616580 6100.911058173660 -2595.593716456840 -4.44759320873619 3.34412465656700 5.25812238080590
2026-10-09T07:16:00.000 407.146913984966 6672.367052214530 -1254.532961037030 -4.74206667682534 1.38875035111620 5.84916752795718
2026-10-09T07:20:00.000 -731.924861455778 6759.331789648170 177.869050924489 -4.69232523991886 -0.66859416584654 6.01454513833938
2026-10-09T07:24:00.000 -1817.833799995140 6355.309015309630 1597.313102172800 -4.30173914538850 -2.67771237051089 5.74182340875674
2026-10-09T07:28:00.000 -2771.713060439680 5489.665274596990 2900.413721873980 -3.59884243960951 -4.49188010182022 5.05100642732350
2026-10-09T07:32:00.000 -3524.357976801690 4225.431842692320 3992.340585226470 -2.63507685594428 -5.97905457812401 3.99288755095664
2026-10-09T07:36:00.000 -4021.266511690400 2654.575096902900 4793.755447763780 -1.48071767102485 -7.03160600014030 2.64490518918395
2026-10-09T07:40:00.000 -4226.532032212710 891.188070043396 5246.515595823920 -0.21947580774133 -7.57380831631151 1.10513418312391
2026-10-09T07:44:00.000 -4125.345798019300 -936.809809337747 5317.785687082300 1.05759529813264 -7.56678775222586 -0.51487929864012
2026-10-09T07:48:00.000 -3725.000468285930 -2696.855822150470 5002.329033405400 2.25841716038449 -7.01090604239865 -2.09802831800270
2026-10-09T07:52:00.000 -3054.379446666270 -4261.201368973620 4322.884299173450 3.29619425976478 -5.94572047814049 -3.52962875410377
2026-10-09T07:56:00.000 -2161.951308995980 -5516.075871603800 3328.619090527010 4.09548519646670 -4.44754086072335 -4.70542721503416
2026-10-09T08:00:00.000 -1112.370987064320 -6369.972066226950 2091.712044562700 4.59768741538922 -2.62457485509452 -5.53914116597853
2026-10-09T08:04:00.000 18.129892854856 -6760.467091495470 702.207246022163 4.76561416953176 -0.60955170483716 -5.96915525117560
2026-10-09T08:08:00.000 1147.312350497270 -6658.986546867370 -738.547214047258 4.58676544794578 1.44998259234828 -5.96357301890392
2026-10-09T08:12:00.000 2193.029684897410 -6073.016496335240 -2125.420372027850 4.07440424260698 3.40303393712357 -5.52299015694620
2026-10-09T08:16:00.000 3079.323708991620 -5045.515385525010 -3357.340124286340 3.26648560687615 5.10691594933363 -4.68036954253778
2026-10-09T08:20:00.000 3742.012283585890 -3651.588340219950 -4344.762581655420 2.22249438589412 6.43809362940011 -3.49812438029418
2026-10-09T08:24:00.000 4133.301346925770 -1992.786589315930 -5016.160617646530 1.01862864947694 7.30097760477098 -2.06298193606794
2026-10-09T08:28:00.000 4225.125508859340 -189.583969771021 -5323.083739908620 -0.25793851667048 7.63432012136586 -0.47929558850767
2026-10-09T08:32:00.000 4011.028359340290 1627.354744698330 -5243.483801386280 -1.51533823881253 7.41482618921941 1.13855158493591
2026-10-09T08:36:00.000 3506.546080878890 3326.475146311020 -4783.189422039690 -2.66320667700804 6.65839747805836 2.67395689590439
2026-10-09T08:40:00.000 2748.105217384560 4784.662281546930 -3975.488959816920 -3.61882215057921 5.41909558984524 4.01600430742084
2026-10-09T08:44:00.000 1790.487136796280 5896.039667869070 -2878.832259651910 -4.31286316459857 3.78575199745918 5.06717801464647
2026-10-09T08:48:00.000 702.982779624226 6579.669004667040 -1572.744406592570 -4.69450240465752 1.87618201401027 5.75047700419413
2026-10-09T08:52:00.000 -435.548022465949 6785.583393631140 -152.158700201011 -4.73541746628361 -0.17083511100402 6.01538044879136
2026-10-09T08:56:00.000 -1542.434716864990 6498.626086861970 1279.501184629830 -4.43240006601162 -2.20589879711165 5.84216406179509
2026-10-09T09:00:00.000 -2537.290850787330 5739.626647535800 2617.960934618120 -3.80755999116453 -4.08042944810952 5.24350918321717
2026-10-09T09:04:00.000 -3347.920129780580 4563.846330288260 3765.796588567130 -2.90659976234190 -5.65787894829918 4.26342617639163
2026-10-09T09:08:00.000 -3915.589730670820 3056.841656972280 4639.576418539770 -1.79527926512248 -6.82389119285333 2.97372290534665
2026-10-09T09:12:00.000 -4199.258816469160 1328.109509110310 5175.891013584870 -0.55431485950159 -7.49447433528989 1.46836890363872
2026-10-09T09:16:00.000 -4178.455041656120 -496.920133843507 5335.849847557360 0.72663182151052 -7.62153930662021 -0.14352728190061
2026-10-09T09:20:00.000 -3854.674232825820 -2285.904535536130 5107.801493938900 1.95521369334713 -7.19586766558617 -1.74539867154276
2026-10-09T09:24:00.000 -3251.265498319710 -3909.035724614610 4508.159371254450 3.04271089530696 -6.24769713715991 -3.22129777216447
2026-10-09T09:28:00.000 -2411.814935768840 -5248.334011435970 3580.283141347080 3.91020295909496 -4.84483199581490 -4.46392762987433
2026-10-09T09:32:00.000 -1397.099856246280 -6206.200056089270 2391.486594898980 4.49423208713593 -3.08842994822961 -5.38220159189963
2026-10-09T09:36:00.000 -280.771315583138 -6712.665538543600 1028.266128241630 4.75171492967217 -1.10617761098981 -5.90843732942222
2026-10-09T09:40:00.000 855.997687045354 -6730.670591839530 -409.992502840446 4.66348896188427 0.95703917667169 -6.00361356250175
2026-10-09T09:44:00.000 1930.498191156620 -6258.931312452680 -1818.335688028420 4.23605026470422 2.94989482982969 -5.66074356560510
2026-10-09T09:48:00.000 2864.640732849890 -5332.056610649370 -3094.083952409800 3.50110998619651 4.72661222635308 -4.90557921658300
2026-10-09T09:52:00.000 3590.718529354680 -4017.843845849870 -4144.445935768560 2.51286959536835 6.15812184753448 -3.79417551803774
2026-10-09T09:56:00.000 4056.302906445670 -2412.108299341040 -4893.273535344200 1.34361007907534 7.14137271941052 -2.40823280597650
2026-10-09T10:00:00.000 4227.938956658600 -631.547512730779 -5286.477332712320 0.07816265747594 7.60634388112460 -0.84869007378098
2026-10-09T10:04:00.000 4093.421156484280 1194.756441525820 -5295.771579844390 -1.19228099571997 7.52036802854945 0.77163927998103
2026-10-09T10:08:00.000 3662.562725818510 2934.565311638050 -4920.581338494450 -2.37644359700122 6.88989398283287 2.33596266290971
2026-10-09T10:12:00.000 2966.482951188510 4461.855514496340 -4188.053308645050 -3.38907004531689 5.75999862303175 3.73137764087368
2026-10-09T10:16:00.000 2055.444556618740 5665.801025029060 -3151.181723541280 -4.15683217459706 4.21158712764332 4.85665729134033
2026-10-09T10:20:00.000 995.336514618132 6458.796479601920 -1885.118647661150 -4.62365797204661 2.35619477086824 5.62952633270954
2026-10-09T10:24:00.000 -137.014216577411 6782.948148270680 -481.840435029723 -4.75509638919231 0.32841601169215 5.99301157635231
2026-10-09T10:28:00.000 -1259.412913649790 6614.463060556780 956.525980173553 -4.54117959766313 -1.72394240035217 5.92006740894219
2026-10-09T10:32:00.000 -2290.329519263200 5965.519507870500 2325.209890920690 -3.99744775648182 -3.65084236371597 5.41592632020329
2026-10-09T10:36:00.000 -3154.938232425930 4883.382385414650 3524.572012987630 -3.16379813294272 -5.31186564707891 4.51776265310718
2026-10-09T10:40:00.000 -3790.584388139210 3446.806902717600 4467.416728431200 -2.10109285775531 -6.58656118276789 3.29140273757968
2026-10-09T10:44:00.000 -4151.285350611450 1760.191856362220 5085.298025928990 -0.88652778913787 -7.38293919026030 1.82627003866459
2026-10-09T10:48:00.000 -4210.986598437070 -54.058618352447 5333.407118484190 0.39203318023228 -7.64379428592448 0.22869982959318
2026-10-09T10:52:00.000 -3965.372693985150 -1864.382123298900 5193.716412500390 1.64237236690524 -7.35038111975645 -1.38579500565339
2026-10-09T10:56:00.000 -3432.144390131190 -3539.456166373590 4676.233583465460 2.77427717213873 -6.52343772862370 -2.90042026108377
2026-10-09T11:00:00.000 -2649.796291596240 -4957.579172078820 3818.344951317300 3.70569967250554 -5.22199865836357 -4.20515603906241
2026-10-09T11:04:00.000 -1674.937229493790 -6015.470795901260 2682.243497809120 4.36865388454675 -3.53971780697343 -5.20456066817576
2026-10-09T11:08:00.000 -578.287765694130 -6635.893407314360 1350.547852777920 4.71432014800451 -1.59872338855574 -5.82499904305037
2026-10-09T11:12:00.000 560.437600980712 -6773.479617351710 -79.683996875495 4.71710144306883 0.45920204477680 -6.02059236017229
2026-10-09T11:16:00.000 1658.399262942840 -6418.189570738810 -1504.104865516450 4.37672518246897 2.48329477978088 -5.77689641986374
2026-10-09T11:20:00.000 2635.768070791620 -5596.102173765210 -2818.832671951790 3.71841780434705 4.32531822039885 -5.11222908396881
2026-10-09T11:24:00.000 3421.646309775890 -4367.394791030880 -3928.180368349310 2.79083980697251 5.85117520245832 -4.07603864754688
2026-10-09T11:28:00.000 3959.232335002700 -2821.723103161340 -4751.663187684080 1.66199681405825 6.95078512290152 -2.74468933694624
2026-10-09T11:32:00.000 4209.846154896780 -1071.496279996750 -5229.753030407840 0.41393979350102 7.54564509509886 -1.21532253812560
2026-10-09T11:36:00.000 4155.587970434680 756.344181911124 -5328.022082147490 -0.86325288693222 7.59378057061525 0.40129780077834
2026-10-09T11:40:00.000 3800.508966476220 2529.434483053440 -5039.483193646280 -2.07779406992664 7.09217070690026 1.98858020972083
2026-10-09T11:44:00.000 3170.272832695930 4119.379989982050 -4385.034267625390 -3.14235804021075 6.07672098543321 3.43205903073102
2026-10-09T11:48:00.000 2310.373756623780 5410.878251939570 -3412.010133087670 -3.97999720461252 4.62007166107669 4.62717835143801
2026-10-09T11:52:00.000 1282.965496847340 6310.030858230870 -2190.895966694230 -4.52968598178308 2.82697148432148 5.48675875383097
2026-10-09T11:56:00.000 162.461599197799 6751.251983370550 -810.347780957545 -4.75096579045845 0.82725119323183 5.94754521306456
2026-10-09T12:00:00.000 -969.834154857956 6702.222113491820 629.201663951812 -4.62730222266478 -1.23342587450878 5.97535586512516
2026-10-09T12:04:00.000 -2031.690692814410 6166.386080804510 2022.918793167380 -4.16756310150419 -3.20459049666009 5.56794564767493
2026-10-09T12:08:00.000 -2946.010494904240 5182.737257346850 3269.313224344570 -3.40539211589934 -4.94237213833274 4.75526189827063
2026-10-09T12:12:00.000 -3646.497606201790 3822.890290404100 4277.734753972420 -2.39654992955636 -6.32052574517264 3.59703895645255
2026-10-09T12:16:00.000 -4082.461446731350 2185.702104906440 4974.962466600840 -1.21445157799480 -7.23958865312188 2.17781937508570
2026-10-09T12:20:00.000 -4222.398081180220 390.002989009266 5310.418812018770 0.05539264684512 -7.63347792981564 0.60060956215727
2026-10-09T12:24:00.000 -4056.184514119620 -1433.976232683280 5259.739099803250 1.32135513735424 -7.47381216143371 -1.02044642766169
2026-10-09T12:28:00.000 -3595.782648446870 -3153.935602387190 4826.489477555800 2.49210365179388 -6.77180369289554 -2.56810650938285
2026-10-09T12:32:00.000 -2874.404756637510 -4644.957702209540 4041.937799491890 3.48289674235082 -5.57744757327030 -3.93007399043791
2026-10-09T12:36:00.000 -1944.216859698450 -5798.505323120660 2962.920695179080 4.22148193816718 -3.97654255951983 -5.00688661864169
2026-10-09T12:40:00.000 -872.673555549214 -6530.394871333460 1667.853562208330 4.65356828840145 -2.08508540634364 -5.71932688698284
2026-10-09T12:44:00.000 262.351587338396 -6787.113008528660 251.094683884362 4.74719485274856 -0.04111106221199 -6.01467844480978
2026-10-09T12:48:00.000 1378.277243843680 -6549.908778665270 -1183.993783493690 4.49540107561309 2.00560370824377 -5.87115047607546
2026-10-09T12:52:00.000 2393.942556272430 -5836.226830176090 -2532.730099089740 3.91689898008165 3.90515661648408 -5.29959795100317
2026-10-09T12:56:00.000 3235.621848410350 -4698.348652808230 -3696.889166866760 3.05450241347162 5.51900822017038 -4.34259630250309
2026-10-09T13:00:00.000 3842.421314610180 -3219.378489300240 -4591.936830415720 1.97159562320236 6.73042845031004 -3.07084960131117
2026-10-09T13:04:00.000 4170.632905223840 -1506.967702953180 -5153.118734906850 0.74707464368026 7.45273615855749 -1.57738744938607
2026-10-09T13:08:00.000 4196.758424304730 314.614591561770 -5339.990548840970 -0.53056774798200 7.63483379394365 0.02947229052191
2026-10-09T13:12:00.000 3919.068599451740 2113.428115321450 -5139.176564085560 -1.76945430911980 7.26419059628358 1.63378903422825
2026-10-09T13:16:00.000 3357.667599807420 3759.236171385920 -4565.248075981390 -2.88054927563035 6.36743250672758 3.11992334658955
2026-10-09T13:20:00.000 2553.079164534950 5132.743999173620 -3659.711722783820 -3.78370038179614 5.00865372284152 4.38035550367708
2026-10-09T13:24:00.000 1563.431945535170 6134.161857852010 -2488.136478040390 -4.41324832415824 3.28543197198349 5.32330650567335
2026-10-09T13:28:00.000 460.366227495753 6690.512646218280 -1135.535595713730 -4.72299723176380 1.32234015034317 5.87956093977044
2026-10-09T13:32:00.000 -676.113448158132 6761.097995322820 299.735657749015 -4.68993021911189 -0.73783022364644 6.00791378262493
2026-10-09T13:36:00.000 -1763.483899123460 6340.633542462040 1713.169680736770 -4.31625524396813 -2.74464448725788 5.69869193480558
2026-10-09T13:40:00.000 -2722.792554192280 5459.693736451840 3001.837529827040 -3.62930652449695 -4.55164990586071 4.97461550538079
2026-10-09T13:44:00.000 -3484.455408888580 4182.409258760690 4071.980377050080 -2.67930822515809 -6.02739267734312 3.88886640831502
2026-10-09T13:48:00.000 -3993.319958381370 2601.673145771790 4845.859133718510 -1.53551005461761 -7.06511708485972 2.52086259470461
2026-10-09T13:52:00.000 -4212.606541801590 832.260917554645 5267.336023397130 -0.28079335240473 -7.59023134014583 0.97005602168486
2026-10-09T13:56:00.000 -4126.462247273460 -997.505669241747 5305.823817840940 0.99435148096686 -7.56500509153935 -0.65135517458994
2026-10-09T14:00:00.000 -3741.055828824540 -2754.926631002190 4958.424590174680 2.19793880385529 -6.99091739469273 -2.22612836891114
2026-10-09T14:04:00.000 -3084.170722425020 -4312.405721041730 4250.177661003970 3.24290716796491 -5.90880321280386 -3.64007917193456
2026-10-09T14:08:00.000 -2203.277042087320 -5556.629692337430 3232.350314276610 4.05322319107248 -4.39623012454761 -4.79011489782786
2026-10-09T14:12:00.000 -1162.208804196100 -6396.843313945970 1978.860811298380 4.56944043864845 -2.56256716360381 -5.59176886006431
2026-10-09T14:16:00.000 -36.591492264676 -6771.625668217440 580.995356576107 4.75340798305409 -0.54143893892665 -5.98576186831004
2026-10-09T14:20:00.000 1091.682861299130 -6653.573385592900 -859.271469230061 4.59144893226865 1.51909765818926 -5.94293738599055
2026-10-09T14:24:00.000 2140.530136421970 -6051.408495448160 -2236.854405223390 4.09564313555749 3.46804605216294 -5.46669041959543
2026-10-09T14:28:00.000 3033.764933860860 -5009.277619475110 -3451.374188386550 3.30272957698371 5.16307272650571 -4.59256536988768
2026-10-09T14:32:00.000 3706.697510168460 -3603.354663809830 -4414.567975948790 2.27109901093321 6.48129120384686 -3.38526812932070
2026-10-09T14:36:00.000 4110.791033069210 -1936.063467386600 -5056.685738057230 1.07607783150688 7.32809999152580 -1.93332660451922
2026-10-09T14:40:00.000 4217.053909173910 -128.488298631383 -5331.410163338330 -0.19578918384086 7.64341926031000 -0.34226502906991
2026-10-09T14:44:00.000 4017.991247656060 1688.396722082040 -5219.030409936330 -1.45296026868940 7.40528851230604 1.27302792003883
2026-10-09T14:48:00.000 3528.053930987860 3383.050694294300 -4727.747777743290 -2.60511624703153 6.63094552694313 2.79614881387931
2026-10-09T14:52:00.000 2782.612365736110 4832.685877668560 -3893.091702556040 -3.56924422255755 5.37570795699387 4.11707456026957
2026-10-09T14:56:00.000 1835.505902519160 5932.040380653890 -2775.469685160250 -4.27537368365989 3.72956608510974 5.13973930420883
2026-10-09T15:00:00.000 755.266477998309 6601.059184967010 -1455.946719813130 -4.67183578117334 1.81138264755476 5.78918897847753
2026-10-09T15:04:00.000 -379.789444253929 6790.860431789660 -30.436000350800 -4.72931069638167 -0.23949901614021 6.01746323189282
2026-10-09T15:08:00.000 -1487.255705011070 6487.458771934700 1397.287026988820 -4.44330524326422 -2.27342815898616 5.80747795671343
2026-10-09T15:12:00.000 -2486.704529683520 5712.889545914260 2723.240180141950 -3.83470498964319 -4.14184712670151 5.17462575686137
2026-10-09T15:16:00.000 -3305.619575526820 4523.555571889740 3850.928735975200 -2.94809801554829 -5.70873598634211 4.16545917566629
2026-10-09T15:20:00.000 -3884.682181229100 3005.976084218720 4698.405928545240 -1.84813343357077 -6.86064460791455 2.85383431671191
2026-10-09T15:24:00.000 -4182.015893327490 1270.383446061110 5204.172660919780 -0.61463210332138 -7.51455915687593 1.33523831720388
2026-10-09T15:28:00.000 -4176.142372678820 -557.318916636917 5331.547526626320 0.66331455540908 -7.62360722482605 -0.28029601844323
2026-10-09T15:32:00.000 -3867.441173579310 -2344.610490632020 5071.216302276090 1.89365928995928 -7.17975710552877 -1.87604592682555
2026-10-09T15:36:00.000 -3278.133381940150 -3961.778318605530 4441.897915882950 2.98747639893004 -6.21437175483776 -3.33644796928589
2026-10-09T15:40:00.000 -2450.775916599040 -5291.224182446820 3489.104662219340 3.86526547278341 -4.79653833563354 -4.55513606532692
2026-10-09T15:44:00.000 -1445.283021978760 -6236.034935059940 2281.982384694910 4.46277323770372 -3.02857487268420 -5.44275684938974
2026-10-09T15:48:00.000 -334.658266467430 -6727.172812476090 908.388532524425 4.73591363892832 -1.03909545250337 -5.93377138366800
2026-10-09T15:52:00.000 800.314901765066 -6728.712849651620 -531.500363373323 4.66441364134577 1.02628457592635 -5.99178803360927
2026-10-09T15:56:00.000 1877.049937134230 -6240.612439400830 -1932.612902196610 4.25362851988173 3.01615124631069 -5.61268392380160
2026-10-09T16:00:00.000 2817.292908964310 -5298.688048754350 -3192.808231211010 3.53405905238643 4.78499901803880 -4.82483252748816
2026-10-09T16:04:00.000 3552.894600426520 -3971.841704493070 -4220.439478813990 2.55880288405590 6.20436982131108 -3.68666325198604
2026-10-09T16:08:00.000 4030.736938426820 -2356.810480040900 -4941.021666043230 1.39920546531514 7.17211869006720 -2.28180602271104
2026-10-09T16:12:00.000 4216.477242488280 -570.965303482848 -5302.524332845840 0.13938644902079 7.61936938466465 -0.71255177731102
2026-10-09T16:16:00.000 4096.887938927300 1256.230346143350 -5278.965071379230 -1.12985068647741 7.51472982951189 0.90761146971115
2026-10-09T16:20:00.000 3680.706565106240 2992.476958624950 -4872.151839296570 -2.31731011572878 6.86603117405443 2.46191674820564
2026-10-09T16:24:00.000 2997.989803382050 4512.014358036370 -4111.518910507800 -3.33752380916833 5.71964418486180 3.83821124331380
2026-10-09T16:28:00.000 2098.029931335760 5704.574033659590 -3052.094509550430 -4.11662256457805 4.15763072141535 4.93661133913127
2026-10-09T16:32:00.000 1045.910212675410 6483.367652229600 -1770.676096914430 -4.59769970733836 2.29251998589228 5.67674057183805
2026-10-09T16:36:00.000 -82.117546044660 6791.533198558520 -360.373508951368 -4.74524856120873 0.25970890659831 6.00396942696586
2026-10-09T16:40:00.000 -1204.173675474710 6606.465700012880 1076.166515144090 -4.54820799815239 -1.79256922154024 5.89399787294571
2026-10-09T16:44:00.000 -2238.769199794210 5941.558141377250 2434.320351732220 -4.02088488655293 -3.71444994023842 5.35478079067090
2026-10-09T16:45:00.000 -2474.729687466800 5705.301798607020 2749.790835823250 -3.84147554835095 -4.15775528188277 5.15689315502532
2026-10-09T16:49:00.000 -3295.682550189130 4512.469504792760 3872.305089274530 -2.95820445437935 -5.72179195410845 4.14033905997479
2026-10-09T16:53:00.000 -3877.501738683390 2992.201415616530 4713.050387005670 -1.86086574313830 -6.86986351181707 2.82321005124218
2026-10-09T16:57:00.000 -4178.115431933810 1254.920179362550 5211.026408324870 -0.62905788231864 -7.51932552962609 1.30132295805894
2026-10-09T17:01:00.000 -4175.802068787760 -573.347946367395 5330.107869001620 0.64824108442489 -7.62351802355394 -0.31506373601666
2026-10-09T17:05:00.000 -3870.692722700480 -2360.033708806610 5061.589013381020 1.87898416684562 -7.17483994734626 -1.90908557689431
2026-10-09T17:09:00.000 -3284.747345830580 -3975.479906338980 4424.793509126310 2.97431428105973 -6.20503548591218 -3.36533967229835
2026-10-09T17:13:00.000 -2460.265320757350 -5302.217550957890 3465.774461211840 3.85460858832702 -4.78343352017868 -4.57780597459602
2026-10-09T17:17:00.000 -1456.951769599150 -6243.523991090480 2254.129834793320 4.45537943212074 -3.01265699520224 -5.45754296911007
2026-10-09T17:21:00.000 -347.652830660703 -6730.618824686090 878.047513300182 4.73232836794956 -1.02152891765591 -5.93959331723021
2026-10-09T17:25:00.000 786.946969519481 -6727.872902104130 -562.113669930558 4.66490554333787 1.04421983722768 -5.98821917941026
2026-10-09T17:29:00.000 1864.288548695540 -6235.557342465680 -1961.261187317040 4.25816487084152 3.03312340933482 -5.59998624606170
2026-10-09T17:33:00.000 2806.076839977610 -5289.798844362020 -3217.402073820170 3.54231873265205 4.79978570488907 -4.80395021799977
2026-10-09T17:37:00.000 3544.049024065610 -3959.776338992850 -4239.187928901720 2.57018129383239 6.21589006514099 -3.65914143385440
2026-10-09T17:41:00.000 4024.915293910510 -2342.452908348140 -4952.566915352370 1.41286626262090 7.17959055185261 -2.24966132204841
2026-10-09T17:45:00.000 4214.107221870690 -555.355221122428 -5306.028712100450 0.15430691687420 7.62227663905107 -0.67809144024966
2026-10-09T17:49:00.000 4098.137287967480 1271.965372548900 -5274.165351553850 -1.11479861352888 7.51284795133404 0.94193648475391
2026-10-09T17:53:00.000 3685.472922152920 3007.189591934130 -4859.379696155950 -2.30323062094784 6.85943757493612 2.49361848203929
2026-10-09T17:57:00.000 3005.915706928920 4524.621850863980 -4091.689991237300 -3.32543466389755 5.70880449693917 3.86495099200938
2026-10-09T18:01:00.000 2108.527734665420 5714.147356007550 -3026.641916372360 -4.10740907127850 4.14333493688808 4.95645357505733
2026-10-09T18:05:00.000 1058.205927374290 6489.194286753580 -1741.438000231920 -4.59201898138894 2.27578007314955 5.68825017968535
2026-10-09T18:09:00.000 -68.924535933572 6793.165019327750 -329.464493242751 -4.74348860624602 0.24169876558867 6.00628504600651
2026-10-09T18:13:00.000 -1191.039965450740 6603.756730283600 1106.497577962490 -4.55045714016781 -1.81049901825417 5.88689224554727
2026-10-09T18:17:00.000 -2226.643901258610 5934.693529438910 2461.860066672350 -4.02699422265179 -3.73092977412218 5.33876969989793
2026-10-09T18:21:00.000 -3100.575023858450 4834.702735565650 3637.959412632680 -3.21146517776980 -5.37964332113176 4.40225363773126
2026-10-09T18:25:00.000 -3749.501775218250 3383.844179435240 4549.303408437760 -2.16342381203587 -6.63708971305578 3.14602354396442
2026-10-09T18:29:00.000 -4126.478146115460 1687.546232145720 5129.755510397590 -0.95899696668346 -7.41263054679096 1.66164262985812
2026-10-09T18:33:00.000 -4204.263567020650 -131.109215042682 5337.225225488410 0.31473082190870 -7.65059483940138 0.05670827310675
2026-10-09T18:37:00.000 -3977.215355221540 -1940.250716395740 5156.611849344210 1.56591376266011 -7.33378322689145 -1.55275444263384
2026-10-09T18:41:00.000 -3461.670562102290 -3608.632190947830 4600.880656096930 2.70428720643767 -6.48458859073256 -3.05025535934943
2026-10-09T18:45:00.000 -2694.821529980490 -5015.017275769320 3710.195773645560 3.64731791838461 -5.16361113997141 -4.32694457345542
2026-10-09T18:49:00.000 -1732.148177554530 -6056.956506302150 2549.147895266200 4.32610359364490 -3.46596857763030 -5.28938160295109
2026-10-09T18:53:00.000 -643.494235140904 -6658.358435826970 1202.185431729270 4.69063689465285 -1.51493307602213 -5.86660956672348
2026-10-09T18:57:00.000 491.989344840197 -6775.237774922990 -232.501370661450 4.71391718438223 0.54689009860596 -6.01586199726973
2026-10-09T19:01:00.000 1591.681076590700 -6399.092290510380 -1650.224017562630 4.39424464925585 2.56831658892737 -5.72616299536972
2026-10-09T19:05:00.000 2575.629885999100 -5557.551095828880 -2947.601826870560 3.75540026978931 4.40141740966721 -5.01927775577637
2026-10-09T19:09:00.000 3372.464826624410 -4312.213631371810 -4030.232947787190 2.84460864066864 5.91282065152022 -3.94772437686603
2026-10-09T19:13:00.000 3924.589817631650 -2753.935966449470 -4819.592719240410 1.72864327283363 6.99356045628143 -2.59038252163060
2026-10-09T19:17:00.000 4192.263085871770 -996.025261845417 -5258.636997610490 0.48857618813401 7.56652558225382 -1.04622171086894
2026-10-09T19:21:00.000 4156.329089580890 834.033482743756 -5315.761033248410 -0.78613292200216 7.59126882344579 0.57299636025890
2026-10-09T19:25:00.000 3819.489404060530 2603.708037534710 -4986.943206067340 -2.00384689538546 7.06636995109798 2.15050471634551
2026-10-09T19:29:00.000 3206.079382472070 4184.826467786130 -4295.991025473510 -3.07693791454558 6.02939561205884 3.57247076705390
2026-10-09T19:33:00.000 2360.377113062230 5462.706596521120 -3292.892901611430 -3.92783103813670 4.55459606280250 4.73585305107027
2026-10-09T19:37:00.000 1343.508917475970 6344.423612863890 -2050.325050372390 -4.49454842973455 2.74802541194144 5.55576153554791
2026-10-09T19:41:00.000 229.129443180599 6765.642799953420 -658.519659873988 -4.73537024623455 0.74053060642490 5.97175948026434
2026-10-09T19:45:00.000 -901.889655627657 6695.496731314540 781.243832346832 -4.63231004760722 -1.32157862279045 5.95289306542404
2026-10-09T19:49:00.000 -1967.395122049460 6138.991739152830 2164.093072214250 -4.19277989644181 -3.28760427540879 5.50040540587872
2026-10-09T19:53:00.000 -2890.025151143130 5136.655540083390 3389.334781839000 -3.44901333836373 -5.01412729331428 4.64761355655289
2026-10-09T19:57:00.000 -3602.888761059350 3761.472106723730 4367.868593211520 -2.45543583266573 -6.37579327986262 3.45714734863722
2026-10-09T20:01:00.000 -4054.396955765030 2113.414501419430 5028.654961364910 -1.28430907119776 -7.27434563403118 2.01589124690944
2026-10-09T20:05:00.000 -4211.913989617840 312.103162483020 5323.773511135340 -0.02036108942546 -7.64521003715153 0.42844360555681
2026-10-09T20:09:00.000 -4064.040011549210 -1511.831356139870 5231.794116396550 1.24521494486946 -7.46171531805385 -1.19035679014938
2026-10-09T20:13:00.000 -3621.400294077180 -3226.096865285150 4759.272094594510 2.42112852805543 -6.73673030757972 -2.72346953675043
2026-10-09T20:17:00.000 -2915.915546521730 -4706.179856954000 3940.327295950780 3.42223617203025 -5.52191555286335 -4.05956707139655
2026-10-09T20:21:00.000 -1998.598522092640 -5844.333160227600 2834.306624104130 4.17554131832847 -3.90457729944699 -5.10103334206331
2026-10-09T20:25:00.000 -935.966770768530 -6557.497067981570 1521.606946045710 4.62569774223550 -2.00196692104708 -5.77121341763669
2026-10-09T20:29:00.000 194.755153726823 -6793.534133429580 97.879315442234 4.73942855409584 0.04705093994618 -6.02050245128846
2026-10-09T20:33:00.000 1311.304256578910 -6535.215002733920 -1332.999554301370 4.50833837309083 2.09230392028823 -5.83046525057664
2026-10-09T20:37:00.000 2332.484264330980 -5801.545183070280 -2666.660780141280 3.94964610045015 3.98399471065929 -5.21544839174309
2026-10-09T20:41:00.000 3184.181124144550 -4646.270124936230 -3806.007154414170 3.10473089428240 5.58427798783475 -4.22125831482576
2026-10-09T20:45:00.000 3804.779010350580 -3153.736197939000 -4668.338661816390 2.03564407245414 6.77752344864274 -2.92122113257904
2026-10-09T20:49:00.000 4149.557146183610 -1432.547867377540 -5191.287027443950 0.82022510324476 7.47836233640337 -1.41033830166151
2026-10-09T20:53:00.000 4193.793719921290 392.415285567155 -5337.173695306720 -0.45373252609147 7.63721616006832 0.20190657806189
2026-10-09T20:57:00.000 3934.416458673510 2188.974358950990 -5095.568672168700 -1.69463123848785 7.24311569648973 1.79922585137896
2026-10-09T21:01:00.000 3390.176644542690 3827.032542879140 -4483.979594896700 -2.81323901086543 6.32429255006560 3.26641919957748
2026-10-09T21:05:00.000 2600.345757044610 5187.821762718490 -3546.638483619560 -3.72877332806283 4.94642971945381 4.49727573422377
2026-10-09T21:09:00.000 1621.989309210930 6172.446211843950 -2351.433866751850 -4.37465606190274 3.20855669152728 5.40208196748732
2026-10-09T21:13:00.000 525.933471641913 6709.134313269700 -985.115033608597 -4.70352542354575 1.23634785018653 5.91439233516305
2026-10-09T21:17:00.000 -608.318884872924 6758.602138697870 452.945174065378 -4.69094187735510 -0.82674391485168 5.99615605433806
2026-10-09T21:21:00.000 -1698.389341568860 6317.099407794150 1858.005227881420 -4.33758944278521 -2.82995890599526 5.64107688090060
2026-10-09T21:25:00.000 -2665.109368165970 5416.756985328000 3127.726058879330 -3.66935282820219 -4.62701640652595 4.87530634552093
2026-10-09T21:29:00.000 -3438.348699227650 4123.145904768620 4169.729530558310 -2.73514304232538 -6.08723993717072 3.75511923765054
2026-10-09T21:33:00.000 -3962.111426550550 2530.361303048760 4908.331726684840 -1.60306559744905 -7.10505718253350 2.36243441092667
2026-10-09T21:37:00.000 -4198.532135894090 754.062885536246 5289.962232153240 -0.35515377269854 -7.60731483868990 0.79845247824087
2026-10-09T21:41:00.000 -4130.515867199150 -1076.912561994660 5286.927899399710 0.91856030332302 -7.55792611660004 -0.82365066464231
2026-10-09T21:45:00.000 -3762.921911057000 -2829.767441639110 4899.358100226000 2.12619642233934 -6.96018061130676 -2.38654036106128
2026-10-09T21:49:00.000 -3122.242071795220 -4377.236107176290 4155.221059346820 3.18042701970195 -5.85662279238813 -3.77691583577849
2026-10-09T21:53:00.000 -2254.772964062700 -5606.728165808480 3108.405788080850 4.00450739315999 -4.32640042592707 -4.89335363454553
2026-10-09T21:57:00.000 -1223.381450670560 -6428.569457692390 1834.958164942350 4.53801056200335 -2.48024126123245 -5.65382376016879
2026-10-09T22:01:00.000 -102.989490233232 -6782.695219600560 427.630195142998 4.74156500928042 -0.45269831945684 -6.00207470824726
2026-10-09T22:05:00.000 1024.899159042300 -6643.230065589690 -1010.909619795620 4.60009963817279 1.60769205181744 -5.91232856278407
2026-10-09T22:09:00.000 2078.234629074160 -6020.478590410310 -2375.712969058090 4.12417439632333 3.54994117197230 -5.39147405248916
2026-10-09T22:13:00.000 2980.516412226390 -4960.106866306590 -3567.360739485590 3.34914618828212 5.23226400216992 -4.47837557221909
2026-10-09T22:17:00.000 3666.418098162940 -3539.606730551560 -4499.293769216860 2.33210768721436 6.53286998092258 -3.24055913846260
2026-10-09T22:21:00.000 4086.469639474140 -1862.415906311000 -5104.056570232410 1.14722505963013 7.35855217362270 -1.76862963243206
2026-10-09T22:25:00.000 4210.499992367170 -50.289326425560 -5338.030923599200 -0.11980051194623 7.65067622359476 -0.16942496283375
2026-10-09T22:29:00.000 4029.691264173720 1765.486512394990 -5184.432501961430 -1.37778182357119 7.38883597992833 1.44160821383111
2026-10-09T22:33:00.000 3557.138614765260 3453.438972803070 -4654.420911129190 -2.53631786198511 6.59186063214743 2.94835728468278
2026-10-09T22:37:00.000 2826.933844129150 4891.228238713540 -3786.320354200490 -3.51184308263331 5.31665795767389 4.24186222795276
2026-10-09T22:41:00.000 1891.809092015090 5974.418846553460 -2642.976009314530 -4.23352892566404 3.65471866673988 5.22798323880082
2026-10-09T22:45:00.000 819.434936488709 6624.106566081910 -1307.342346132560 -4.64852756165572 1.72612454577658 5.83435992768845
2026-10-09T22:49:00.000 -312.433131190347 6792.816283335320 123.468836719424 -4.72621725206257 -0.32892407604894 6.01618372351309
2026-10-09T22:53:00.000 -1421.618961418590 6468.105541957410 1545.280103425210 -4.46063274670312 -2.36048623799638 5.75978410860905
2026-10-09T22:57:00.000 -2427.560879562970 5673.571251144340 2854.528414086800 -3.87115229242247 -4.22013739932605 5.08396122165920
2026-10-09T23:01:00.000 -3257.263251601230 4467.083783631960 3955.931641774640 -3.00098977609382 -5.77251063291706 4.03841795764223
2026-10-09T23:05:00.000 -3850.616248319800 2936.423284087920 4769.457384627660 -1.91360230390560 -6.90520598901346 2.69968392928836
2026-10-09T23:09:00.000 -4164.700979255780 1192.782390390910 5236.084831289740 -0.68789459974229 -7.53665401176788 1.16521818519696
2026-10-09T23:13:00.000 -4176.814864898380 -637.342768607499 5321.980087560800 0.58758638125875 -7.62156804433268 -0.45382873828136
2026-10-09T23:17:00.000 -3886.039601715780 -2421.240758411700 5020.847026936260 1.82090605996580 -7.15368382432648 -2.04044160463422
2026-10-09T23:21:00.000 -3313.308320932750 -4029.440425050700 4354.386940407690 2.92292943869764 -6.16618032130445 -3.47966345060187
2026-10-09T23:25:00.000 -2499.980975301780 -5345.007610480530 3370.831185541630 3.81360662692795 -4.72978864722259 -4.66669531075401
2026-10-09T23:29:00.000 -1504.951606355460 -6272.054257684670 2141.579787931150 4.42777278028841 -2.94821299538310 -5.51446956769430
2026-10-09T23:33:00.000 -400.455679556199 -6742.862015541450 756.113425101614 4.72016176154059 -0.95109847708879 -5.96039095013928
2026-10-09T23:37:00.000 733.182582895722 -6723.016991666890 -684.528945527114 4.66911894652204 1.11539256783070 -5.97141878765423
2026-10-09T23:41:00.000 1813.489775515430 -6214.059667613250 -2075.238607137010 4.27852709387283 3.09977827298802 -5.54692273805740
2026-10-09T23:45:00.000 2761.974637566370 -5253.337894202870 -3314.668889647040 3.57743576180622 4.85707230493582 -4.71863665474240
2026-10-09T23:49:00.000 3509.906267591510 -3911.105138301220 -4312.723104908180 2.61755254206166 6.25975893649144 -3.54791208436368
2026-10-09T23:53:00.000 4003.276344681450 -2285.180349154350 -4997.098941990990 1.46906014277622 7.20699468207556 -2.12068693258792
2026-10-09T23:57:00.000 4206.606751817630 -493.670900532283 -5318.406172689000 0.21520062566852 7.63144430222717 -0.54072404934990
2026-10-10T00:01:00.000 4105.364861240470 1333.594664578810 -5253.548560649860 -1.05372821875316 7.50323344901130 1.07787407266990
2026-10-10T00:05:00.000 3706.921031007960 3064.314089533360 -4807.285597853280 -2.24653806829176 6.83172668218455 2.61842055798404
2026-10-10T00:09:00.000 3040.019003572890 4573.098110837830 -4011.886285153740 -3.27731753294169 5.66485244319132 3.96965780672159
2026-10-10T00:13:00.000 2152.792641092200 5750.417850688480 -2924.904290987060 -4.07135541280440 4.08617988174516 5.03339665543514
2026-10-10T00:17:00.000 1109.408054752310 6510.568110522280 -1625.157959837890 -4.57061272949771 2.20955798627323 5.73174163442422
2026-10-10T00:21:00.000 -14.507038420522 6798.038054052030 -207.108568898679 -4.73825948549304 0.17126417027584 6.01311530354762
2026-10-10T00:25:00.000 -1137.357511480450 6591.736474742910 1226.016859070100 -4.56177493617000 -1.87997600335415 5.85657137624722
2026-10-10T00:29:00.000 -2177.592804481980 5906.622903163870 2569.840764403930 -4.05403171644207 -3.79439284699305 5.27352228394669
2026-10-10T00:33:00.000 -3059.710138535020 4792.590368914330 3726.539091577340 -3.25222498920588 -5.43247562910661 4.30680653516907
2026-10-10T00:37:00.000 -3719.781757639950 3330.726105813940 4612.025197675720 -2.21498184627295 -6.67541429038320 3.02730799372642
2026-10-10T00:41:00.000 -4110.061171970760 1627.258313022090 5162.041173429750 -1.01761479426284 -7.43369000440911 1.52826182828531
2026-10-10T00:45:00.000 -4202.334731079980 -194.208700138215 5336.700176012850 0.25335742530505 -7.65281236678522 -0.08165886377733
2026-10-10T00:49:00.000 -3989.897388953190 -2001.585922015520 5123.291523962830 1.50627194408739 -7.31694828260942 -1.68600873478906
2026-10-10T00:53:00.000 -3488.023438616160 -3663.744913357250 4537.171377145960 2.65069056675453 -6.44987639690567 -3.16868946581533
2026-10-10T00:57:00.000 -2732.923862208740 -5059.892479441200 3620.721251643400 3.60358836178077 -5.11353299519421 -4.42190173326412
2026-10-10T01:01:00.000 -1779.240792649880 -6088.326674624090 2440.418444668590 4.29536510922008 -3.40420652251582 -5.35388629068744
2026-10-10T01:05:00.000 -696.171813564965 -6673.958110145950 1082.130323330110 4.67512107295660 -1.44609879763201 -5.89590196630947
2026-10-10T01:09:00.000 437.543028146069 -6773.981385492410 -355.120228994995 4.71479617853529 0.61764292057859 -6.00781448621395
2026-10-10T01:13:00.000 1539.426681707470 -6381.149003754040 -1766.470028901370 4.41153130631145 2.63576498848118 -5.68144332519065
2026-10-10T01:17:00.000 2529.385830695120 -5524.315169414160 -3049.024690029590 3.78790804862999 4.46063045116357 -4.94124692837797
2026-10-10T01:21:00.000 3335.630061352520 -4266.187760750050 -4109.489758720680 2.89003888279460 5.95956186272153 -3.84218448048299
2026-10-10T01:25:00.000 3899.888099004930 -2698.524112110100 -4870.976256233130 1.78370178208535 7.02458674439811 -2.46506214028537
2026-10-10T01:29:00.000 4181.531372999020 -935.277253832567 -5278.467649941580 0.54921374992185 7.57971365381140 -0.91020211216239
2026-10-10T01:33:00.000 4160.374030202340 895.708473958307 -5302.642036038710 -0.72439878697248 7.58577262312869 0.70990782333442
2026-10-10T01:37:00.000 3838.023827839590 2661.850860389680 -4941.840394268440 -1.94558687857202 7.04260180702799 2.27852636831328
2026-10-10T01:41:00.000 3237.743588129030 4235.222789967300 -4222.158348003060 -3.02646217087719 5.98897984225836 3.68242034996376
2026-10-10T01:45:00.000 2402.843335606630 5501.668653118040 -3195.652078654700 -3.88883237843873 4.50027018142506 4.81976887412768
2026-10-10T01:49:00.000 1393.672296728220 6369.051811790190 -1936.715357082260 -4.46977873030743 2.68363520444216 5.60739160831182
2026-10-10T01:53:00.000 283.346403175004 6774.080403842070 -536.805296759107 -4.72655787604434 0.67083919139162 5.98724939782281
2026-10-10T01:57:00.000 -847.546997577029 6687.088627323080 902.198226262481 -4.64008340915833 -1.39140169715134 5.93111605147533
2026-10-10T02:01:00.000 -1916.863779390660 6114.323087435200 2275.482532061820 -4.21657477557644 -3.35245112807255 5.44295967757511
2026-10-10T02:05:00.000 -2846.966276901260 5097.501319325780 3483.053377612370 -3.48710754261006 -5.06925677837812 4.55870227578531
2026-10-10T02:09:00.000 -3570.422108617720 3710.664579326240 4437.097828173220 -2.50507714601748 -6.41716872382888 3.34322657983334
2026-10-10T02:13:00.000 -4034.880879515900 2054.642967864730 5068.362086126250 -1.34193653355575 -7.29894089982924 1.88530180678725
2026-10-10T02:17:00.000 -4206.775355057790 249.627408473819 5331.079635587340 -0.08181244248437 -7.65130757601213 0.29065899326262
2026-10-10T02:21:00.000 -4073.658154782720 -1573.492635038210 5206.161077801750 1.18444931369947 -7.44885690777075 -1.32539181265960
2026-10-10T02:25:00.000 -3645.073638077180 -3282.470000026200 4702.553767907070 2.36547850115600 -6.70578860510342 -2.84588469169487
2026-10-10T02:29:00.000 -2951.922146745700 -4753.170050591010 3856.651437158030 3.37573392493695 -5.47514246085387 -4.16042037504740
2026-10-10T02:33:00.000 -2044.321060671400 -5878.529403518570 2729.769859011340 4.14157759734548 -3.84538224449564 -5.17295420537216
2026-10-10T02:37:00.000 -988.078129051671 -6576.419769007410 1403.834804419140 4.60674271810151 -1.93467515876756 -5.80890110071526
2026-10-10T02:41:00.000 140.045108828414 -6795.831461036360 -24.525949106122 4.73686233676540 0.11744052186015 -6.02119077877095
2026-10-10T02:45:00.000 1257.977661194180 -6520.768947575070 -1451.101768411030 4.52236896239182 2.16057621636322 -5.79414981043859
2026-10-10T02:49:00.000 2284.431182225350 -5771.474183640690 -2771.856127105420 3.97930204163025 4.04513919871750 -5.14488496222335
2026-10-10T02:53:00.000 3144.918765729220 -4602.826865577540 -3890.658378154690 3.14788678040972 5.63390136298997 -4.12168036750355
2026-10-10T02:57:00.000 3777.189930038410 -3100.126149347150 -4726.322489434830 2.08917067246227 6.81213225860312 -2.79992971221813
2026-10-10T03:01:00.000 4135.672039195860 -1372.682042822130 -5218.421455958290 0.88018889213712 7.49558575776893 -1.27610459633303
2026-10-10T03:05:00.000 4194.630695754270 454.196804022671 -5331.499236718490 -0.39177619841044 7.63585842556555 0.33942935206468
2026-10-10T03:09:00.000 3949.903911326180 2248.194492348600 -5057.487615364930 -1.63525507884481 7.22325587018380 1.93012620094293
2026-10-10T03:13:00.000 3419.163423248530 3879.391774289510 -4416.226136785590 -2.76081515607519 6.28730432453829 3.38129741745984
2026-10-10T03:17:00.000 2640.689900090380 5229.490745514120 -3454.083382417570 -3.68712859497116 4.89485321831877 4.58781383228614
2026-10-10T03:21:00.000 1670.724962487800 6200.337142731150 -2240.754821156040 -4.34678375315730 3.14599339364062 5.46163219274354
2026-10-10T03:25:00.000 579.503258305152 6721.135711163120 -864.338292475867 -4.69133809515223 1.16732332776773 5.93844317412163
2026-10-10T03:29:00.000 -553.797265867280 6753.782954182030 575.021687851142 -4.69524639971480 -0.89700102757944 5.98288237013657
2026-10-10T03:33:00.000 -1646.862315333640 6295.794760361190 1972.492570306090 -4.35809240867623 -2.89623401424483 5.59150094316619
2026-10-10T03:37:00.000 -2620.310949005490 5380.516268210550 3226.297010822040 -3.70458226550397 -4.68443387230289 4.79306277587665
2026-10-10T03:41:00.000 -3403.532318272980 4074.619460013030 4245.226637069780 -2.78260099567075 -6.13158085374839 3.64625817991866
2026-10-10T03:45:00.000 -3939.821956827340 2473.095461418280 4955.289384545070 -1.65937085214738 -7.13310947048001 2.23492889389804
2026-10-10T03:49:00.000 -4190.415620456960 692.230016357984 5305.003218794890 -0.41623803908285 -7.61710080473734 0.66161349557509
2026-10-10T03:53:00.000 -4137.193188097940 -1138.826312762270 5269.000590223880 0.85711660766402 -7.54883252428511 -0.95988149470902
2026-10-10T03:57:00.000 -3783.934638299210 -2887.290868831820 4849.792820258920 2.06891616637077 -6.93289704734739 -2.51236312318786
2026-10-10T04:01:00.000 -3156.081619430950 -4426.207253914480 4077.634647313730 3.13146345920904 -5.81307591254382 -3.88316611821898
2026-10-10T04:05:00.000 -2299.001576459700 -5643.606231877870 3008.463308763090 3.96743181986897 -4.26979174779154 -4.97226014252972
2026-10-10T04:09:00.000 -1274.797908914790 -6450.700699797440 1719.959962451440 4.51555465754247 -2.41472074228675 -5.69960707047742
2026-10-10T04:13:00.000 -157.864220165777 -6788.513561135590 305.979641382698 4.73538279145727 -0.38312308576511 -6.01139433980183
2026-10-10T04:17:00.000 970.554773353372 -6632.376959333980 -1130.331570218440 4.61068403835161 1.67618997057433 -5.88456022959565
2026-10-10T04:21:00.000 2028.384628613970 -5993.821282076820 -2484.203492599010 4.15082725195585 3.61234455965413 -5.32872588247460
2026-10-10T04:25:00.000 2938.812672752620 -4919.657068859520 -3657.038684952380 3.38996551440711 5.28411470825289 -4.38532414745510
2026-10-10T04:29:00.000 3635.921668643620 -3488.352842682160 -4563.666101236440 2.38410507072024 6.57052296360498 -3.12401874333102
2026-10-10T04:33:00.000 4069.418270707300 -1804.104033687970 -5138.473779978440 1.20658072724442 7.37937412661080 -1.63706202982960
2026-10-10T04:37:00.000 4208.144774617090 10.846033964884 -5340.011357935850 -0.05744812815663 7.65325192737869 -0.03231330172460
2026-10-10T04:41:00.000 4042.198185225590 1825.019281197540 -5153.823715315990 -1.31705035457451 7.37297320988509 1.57443755561989
2026-10-10T04:45:00.000 3583.578514580960 3507.044319162050 -4593.412350455270 -2.48165100615026 6.55861784796749 3.06731823707700
2026-10-10T04:49:00.000 2865.359291841450 4934.991884467970 -3699.301048939080 -3.46724679936216 5.26836589278900 4.33833859175257
2026-10-10T04:53:00.000 1939.395602344800 6005.115399463570 -2536.224507865320 -4.20224546416631 3.59477010468471 5.29492654002113
2026-10-10T04:57:00.000 872.697251212127 6639.437573742520 -1188.585292826050 -4.63278571549566 1.65879412216506 5.86683657048469
2026-10-10T05:01:00.000 -257.371825340018 6791.586482503040 245.608982608624 -4.72703734902414 -0.39873802401253 6.01170505375035
2026-10-10T05:05:00.000 -1368.740768016190 6450.345605000590 1661.909782745110 -4.47789463396002 -2.42756075538014 5.71862130791305
2026-10-10T05:09:00.000 -2380.685604452370 5640.544663014070 2957.152225948890 -3.90360971513353 -4.27949638287657 5.00912634124551
2026-10-10T05:13:00.000 -3219.776344287990 4421.184838421040 4037.080969484950 -3.04629948743512 -5.81975500811691 3.93540599209150
2026-10-10T05:17:00.000 -3825.229574582790 2880.995725992880 4823.238835590150 -1.96852446771511 -6.93687745454927 2.57602706952283
2026-10-10T05:21:00.000 -4153.261427820050 1131.863037701330 5258.604660977560 -0.74849305391655 -7.55048085170100 1.02995172178536
2026-10-10T05:25:00.000 -4180.162087625410 -699.330623093151 5311.619700039600 0.52571522429473 -7.61659449445321 -0.59089662754860
2026-10-10T05:29:00.000 -3903.937555121780 -2479.803994839680 4978.371937864290 1.76226384360843 -7.13030464064467 -2.16936875895208
2026-10-10T05:33:00.000 -3344.455296792040 -4080.342086628140 4282.886223440460 2.87184838938781 -6.12608303953873 -3.59114959341543
2026-10-10T05:37:00.000 -2542.100004087750 -5384.548666998300 3275.494211701680 3.77380312360762 -4.67578118167884 -4.75262212599546
2026-10-10T05:41:00.000 -1554.976353731460 -6297.346420946570 2029.340623596820 4.40209161369357 -2.88420742407969 -5.56852063646624
2026-10-10T05:45:00.000 -454.754192617755 -6752.058863298260 635.152960430522 4.71044418685562 -0.88180984381125 -5.97856862886053
2026-10-10T05:49:00.000 678.551059310419 -6715.461085973600 -805.387137376430 4.67608297923200 1.18484861722090 -5.95239954509980
2026-10-10T05:53:00.000 1762.494403681360 -6190.323769696460 -2187.184237505080 4.30167922262020 3.16433189827902 -5.49212796512123
2026-10-10T05:57:00.000 2718.320914623210 -5215.174980189310 -3409.548589569980 3.61509219063294 4.91200662944065 -4.63209810489708
2026-10-10T06:01:00.000 3476.768456511300 -3861.318040128450 -4383.641080378200 2.66700063666475 6.30111953027502 -3.43599484680093
2026-10-10T06:05:00.000 3983.067994265000 -2227.395173122410 -5038.908166202760 1.52669039531195 7.23189314450232 -1.99149685874318
2026-10-10T06:09:00.000 4200.790523025960 -432.074289281713 -5328.058353692740 0.27676064745607 7.63811590751562 -0.40355839089422
2026-10-10T06:13:00.000 4114.340994815990 1394.541977323710 -5230.310936331790 -0.99278063949138 7.49117826509908 1.21313541417939
2026-10-10T06:17:00.000 3729.999452633430 3120.186599611090 -4752.791807902710 -2.19069060923409 6.80172403206108 2.74205077935561
2026-10-10T06:21:00.000 3075.477448279880 4619.805864660880 -3930.024776581510 -3.23061956656880 5.61892481170631 4.07269721510523
2026-10-10T06:25:00.000 2198.018141379520 5784.503447115920 -2821.557437060420 -4.03714961760251 4.02755340009147 5.10828931079848
2026-10-10T06:29:00.000 1161.088240086640 6529.474108258730 -1507.794878632380 -4.55135039862773 2.14245956535495 5.77291822755803
2026-10-10T06:33:00.000 39.854614314930 6800.309126255700 -84.244913843852 -4.73530974773710 0.10058538407493 6.01748177211034
2026-10-10T06:37:00.000 -1084.274944032660 6577.130656733060 1345.441205269790 -4.57530702765356 -1.94906390649462 5.82370105198157
2026-10-10T06:41:00.000 -2129.642975604830 5876.146059617880 2677.114206882690 -4.08300489911021 -3.85672731220362 5.20575773524335
2026-10-10T06:45:00.000 -3020.365762322260 4748.437611083910 3813.838245621210 -3.29452970700436 -5.48340277969229 4.20915292828901
2026-10-10T06:49:00.000 -3691.889487366420 3276.100786232360 4672.998376488190 -2.26752421598151 -6.71121917469080 2.90691469843739
2026-10-10T06:53:00.000 -4095.633548713390 1566.132849713070 5192.256056040430 -1.07660507368681 -7.45171886605421 1.39391175600493
2026-10-10T06:57:00.000 -4202.417540469350 -257.386086588353 5333.971977640720 0.19216289159009 -7.65178765222319 -0.22016014192918
2026-10-10T07:01:00.000 -4004.486904173260 -2062.228638015250 5087.829715939530 1.44731682035767 -7.29697896979014 -1.81863079244478
2026-10-10T07:05:00.000 -3516.060406061900 -3717.452754684680 4471.557407101910 2.59826931781188 -6.41241142006375 -3.28580282084982
2026-10-10T07:09:00.000 -2772.364742826400 -5102.769064881660 3529.727365707500 3.56156932076986 -5.06127892926708 -4.51499074874625
2026-10-10T07:13:00.000 -1827.199767825160 -6117.253580123560 2330.667478506360 4.26682994241790 -3.34091648894168 -5.41614595222203
2026-10-10T07:17:00.000 -749.145597887533 -6686.823484218680 961.618923493807 4.66211640682607 -1.37636206234713 -5.92275478609868
2026-10-10T07:21:00.000 383.415413063421 -6769.845204494820 -477.600284397384 4.71824214974124 0.68871063256941 -5.99726498519567
2026-10-10T07:25:00.000 1488.085862259160 -6360.322099379110 -1881.979386405110 4.43116823601790 2.70292160416918 -5.63426604499509
2026-10-10T07:29:00.000 2484.571485925280 -5488.338731248940 -3149.141106337630 3.82232993614622 4.51895169470765 -4.86094527489983
2026-10-10T07:33:00.000 3300.610793113150 -4217.702435606500 -4186.927013971060 2.93673910059649 6.00485591451923 -3.73465007870681
2026-10-10T07:37:00.000 3877.214956771940 -2641.067184644810 -4920.104653898330 1.83925695044861 7.05360811542257 -2.33813276048693
2026-10-10T07:41:00.000 4172.853215864590 -873.022528980005 -5295.716198647760 0.60956143560618 7.59044404761459 -0.77306653996931
2026-10-10T07:45:00.000 4166.310042234750 958.254113916639 -5286.734201449230 -0.66371770672349 7.57744399834066 0.84740828595270
2026-10-10T07:49:00.000 3858.113612912980 2720.149192322880 -4893.884218514510 -1.88904587256631 7.01573692522633 2.40647402467480
2026-10-10T07:53:00.000 3270.486881122630 4285.020028100130 -4145.577468618230 -2.97820081177640 5.94540746545428 3.79155605331364
2026-10-10T07:57:00.000 2445.818930662650 5539.296226165540 -3095.951538146730 -3.85234102658447 4.44303317168471 4.90210806431462
2026-10-10T08:01:00.000 1443.722073054280 6391.700540023780 -1821.096807888010 -4.44766014663593 2.61679528431316 5.65687102008446
2026-10-10T08:05:00.000 336.816936997558 6780.017246572040 -413.657252179537 -4.72033833644162 0.59928344508599 6.00010947745987
2026-10-10T08:09:00.000 -794.548109107353 6675.817044664910 1023.906853934530 -4.65021368700825 -1.46235064083687 5.90632439968523
2026-10-10T08:13:00.000 -1868.198511767290 6086.627070967160 2386.875992949100 -4.24233742610204 -3.41752532117983 5.38232493442441
2026-10-10T08:17:00.000 -2806.181899305540 5055.377819817320 3576.013675941800 -3.52661497034234 -5.12366925101573 4.46667676648129
2026-10-10T08:21:00.000 -3540.487565719690 3657.169467816600 4504.861536430400 -2.55542886995447 -6.45694823939969 3.22656926816463
2026-10-10T08:25:00.000 -4017.970555582670 1993.657479713360 5106.003834493740 -1.39946047992310 -7.32119210307143 1.75247546029196
2026-10-10T08:29:00.000 -4204.117733143870 185.584835523272 5335.862621652190 -0.14234242897609 -7.65437054672508 0.15134314440834
2026-10-10T08:33:00.000 -4085.451948692150 -1635.932484337710 5177.747948378870 1.12528394806388 -7.43252800709173 -1.46101872923725
2026-10-10T08:37:00.000 -3670.470500759200 -3338.773427089270 4643.024413904450 2.31198179342250 -6.67129445994393 -2.96798630535451
2026-10-10T08:41:00.000 -2989.081613885640 -4799.250680395620 3770.338778040020 3.33181132771898 -5.42496074642182 -4.26014949070770
2026-10-10T08:45:00.000 -2090.541199506090 -5911.035969314760 2622.959852566380 4.11045811856193 -3.78315072877012 -5.24297474496184
2026-10-10T08:49:00.000 -1039.990761018030 -6592.997723540440 1284.321424850830 4.59072418433076 -1.86497906529808 -5.84409801459920
2026-10-10T08:53:00.000 86.231451231703 -6795.288789317690 -148.023524760576 4.73713223931655 0.18954477463775 -6.01898680536636
2026-10-10T08:57:00.000 1206.191475924130 -6503.162130704050 -1569.569326003910 4.53889413963865 2.22979334710888 -5.75470183533202
2026-10-10T09:01:00.000 2238.454322316050 -5738.113081546790 -2876.653040577320 4.01089490066694 4.10640282755096 -5.07111861194937
2026-10-10T09:05:00.000 3108.113158861140 -4556.168301941080 -3974.155351687890 3.19225106749190 5.68278589001654 -4.01904024410590
2026-10-10T09:09:00.000 3752.247484699060 -3043.580390319130 -4782.453656564310 2.14305928269880 6.84515373705966 -2.67591428457187
2026-10-10T09:13:00.000 4124.414694150350 -1310.360289990780 -5243.110403562730 0.93964054062253 7.51040809685259 -1.13969234152609
2026-10-10T09:17:00.000 4197.875224973170 517.774751062745 -5322.943170626560 -0.33112610798760 7.63144740666006 0.47838708783700
2026-10-10T09:21:00.000 3967.399535464320 2308.422297420760 -5016.276416376710 -1.57788082667539 7.19990267835301 2.06165032860215
2026-10-10T09:25:00.000 3449.610876284940 3931.885889312580 -4345.302587390470 -2.71091442174128 6.24658574660893 3.49586072448450
2026-10-10T09:29:00.000 2681.847282936080 5270.403966527890 -3358.551811608670 -3.64832234007941 4.83963494961480 4.67705730680970
2026-10-10T09:33:00.000 1719.576754565630 6226.642688515440 -2127.522493676400 -4.32185323415818 3.08022281453482 5.51897477727375
2026-10-10T09:37:00.000 632.484271365182 6730.865441918350 -741.625027477209 -4.68206829013956 1.09581384238937 5.95961399931270
2026-10-10T09:41:00.000 -500.547126303638 6746.180806389920 698.285840771185 -4.70226960492455 -0.96902689702573 5.96625060894497
2026-10-10T09:45:00.000 -1597.210061212440 6271.391133538820 2087.316488206810 -4.38088065664781 -2.96332976232697 5.53824226624341
2026-10-10T09:49:00.000 -2577.874566652250 5341.105937197610 3324.318595670410 -3.74157560482503 -4.74163583199846 4.70717624697543
2026-10-10T09:53:00.000 -3371.423806890260 4023.085306710590 4319.329932621580 -2.83114423510177 -6.17481009085705 3.53405099948359
2026-10-10T09:57:00.000 -3920.397500625450 2413.180711289520 5000.103623227520 -1.71587252805367 -7.15929044101492 2.10454413177576
2026-10-10T10:01:00.000 -4185.097612577280 628.282620262446 5317.281388723890 -0.47657334334699 -7.62431833682224 0.52251529166474
2026-10-10T10:05:00.000 -4146.377601321400 -1202.161579534850 5247.855594895130 0.79733485449601 -7.53653518831125 -1.09761202832369
2026-10-10T10:09:00.000 -3806.964811317280 -2945.406316841890 4796.766485639050 2.01401874301471 -6.90196672736134 -2.63868551245366
2026-10-10T10:13:00.000 -3191.294560724300 -4474.878247535820 3996.590700075220 3.08546817846302 -5.76577934527022 -3.98890314143142
2026-10-10T10:17:00.000 -2343.837198830420 -5679.289893480420 2905.302803784210 3.93372892435295 -4.20951738097650 -5.04968325997259
2026-10-10T10:21:00.000 -1325.991809693310 -6470.795012214570 1602.212449575140 4.49659756415258 -2.34589743009359 -5.74298878110658
2026-10-10T10:25:00.000 -211.684237165653 -6791.570513113040 182.247259839874 4.73259817445940 -0.31083720915648 -6.01758794637481
2026-10-10T10:29:00.000 918.042371372367 -6618.196882380400 -1251.016745142690 4.62429918176067 1.74666099117665 -5.85313121152186
2026-10-10T10:33:00.000 1981.020678408730 -5963.467381370720 -2593.038651902180 4.17985571735574 3.67582908593707 -5.26202590393517
2026-10-10T10:37:00.000 2900.065008608860 -4875.372339484990 -3746.103971940650 3.43229989445896 5.33601616706023 -4.28829463336283
2026-10-10T10:41:00.000 3608.630970867310 -3433.383597544830 -4626.499858105190 2.43665830969335 6.60713397105738 -3.00379187498114
2026-10-10T10:45:00.000 4055.587096286970 -1742.452999121440 -5170.529518204970 1.26550158778104 7.39811557272591 -1.50236477326014
2026-10-10T10:49:00.000 4208.790528335150 74.705743725326 -5338.970055153290 0.00353422204246 7.65280447408106 0.10712760210045
2026-10-10T10:53:00.000 4057.281643195690 1886.458999027340 -5119.756870438710 -1.25845987615261 7.35337970438909 1.70854004915703
2026-10-10T10:57:00.000 3612.001597710570 3561.610963295970 -4528.777543530580 -2.42976321654046 6.52127062942976 3.18640202090107
2026-10-10T11:01:00.000 2905.046457301640 4978.715328375690 -3608.768595709390 -3.42583391476568 5.21589397566239 4.43374278692780
2026-10-10T11:05:00.000 1987.457408501850 6034.799784192710 -2426.355965671590 -4.17429299835086 3.53095850996611 5.35966333738140
2026-10-10T11:09:00.000 925.640734205943 6652.904173862100 -1067.364796040960 -4.62030304842121 1.58829570064205 5.89610432406230
2026-10-10T11:13:00.000 -203.392005647863 6787.851647663080 369.351373366245 -4.73094247194860 -0.47069454002985 6.00332571964639
2026-10-10T11:17:00.000 -1317.651517165610 6429.698008049080 1779.157958161730 -4.49793271350966 -2.49567387058835 5.67321626986152
2026-10-10T11:21:00.000 -2336.208623928260 5604.520046284480 3059.368262762820 -3.93834527216464 -4.33872720594092 4.93004903569452
2026-10-10T11:25:00.000 -3185.163753042790 4372.451386364160 4116.845170120710 -3.09327698969507 -5.86580315613623 3.82854015609424
2026-10-10T11:29:00.000 -3803.031404611600 2823.125502378080 4874.788626402790 -2.02436358897124 -6.96654407876918 2.44920612204906
2026-10-10T11:33:00.000 -4145.119052702080 1069.052113961900 5278.223064866630 -0.80905670215187 -7.56173646285870 0.89227983912818
2026-10-10T11:37:00.000 -4186.675879739480 -762.535090097597 5297.882634383020 0.46489831247875 -7.60858856826553 -0.72950088982035
2026-10-10T11:41:00.000 -3924.630644496420 -2538.813369479420 4932.263504616400 1.70564606069872 -7.10354577803833 -2.29888835469344
2026-10-10T11:45:00.000 -3377.816294747810 -4130.850541063440 4207.737251214570 2.82354452678156 -6.08242742319424 -3.70214684968801
2026-10-10T11:49:00.000 -2585.696505540930 -5422.855793421860 3176.760792471680 3.73733034022218 -4.61838130958992 -4.83694520476208
2026-10-10T11:53:00.000 -1605.631188724470 -6320.638898097390 1914.215546581140 4.38010082105383 -2.81725093647207 -5.61995000953386
2026-10-10T11:57:00.000 -508.781229037546 -6758.623425626810 512.038828660676 4.70450230663278 -0.81024214731387 -5.99330424768412
2026-10-10T12:00:00.000 342.667088410188 -6764.782738927850 -569.883863598452 4.72354938157460 0.74199921300351 -5.98666427806852
2026-10-10T12:04:00.000 1450.078334873190 -6342.824456420170 -1968.392500734270 4.44856566963816 2.75262910710331 -5.59625801234084
2026-10-10T12:08:00.000 2452.072886512970 -5459.706411636460 -3223.407786798540 3.85055965415251 4.56146530837424 -4.79836339955757
2026-10-10T12:12:00.000 3275.990699311490 -4180.046840332100 -4243.672541042100 2.97377147689497 6.03708087259710 -3.65212978087473
2026-10-10T12:16:00.000 3862.279639435180 -2597.148583340200 -4955.247149489590 1.88244095271140 7.07327166967250 -2.24172710813673
2026-10-10T12:20:00.000 4168.711352452940 -826.038202741832 -5306.747410441490 0.65577989137908 7.59618086055359 -0.66976667784758
2026-10-10T12:24:00.000 4173.293115347260 1004.896891283610 -5272.892627343420 -0.61778788955270 7.56888717914025 0.95012353108306
2026-10-10T12:28:00.000 3875.752040469990 2763.080123113650 -4856.207343664950 -1.84672413954902 6.99355599418168 2.50118043156134
2026-10-10T12:32:00.000 3297.535859401350 4321.146528039460 -4086.827579640640 -2.94258346979115 5.91123182925909 3.87138689747660
2026-10-10T12:36:00.000 2480.345438779260 5566.023979423590 -3020.422673725310 -3.82602564155832 4.39937284273638 4.96124377155360
2026-10-10T12:40:00.000 1483.246199106430 6407.132988941790 -1734.308132865590 -4.43260208385580 2.56691536554667 5.69100185784461
2026-10-10T12:44:00.000 378.477553118209 6783.092113261950 -321.940225897019 -4.71770447399623 0.54680623443402 6.00679986195686
2026-10-10T12:48:00.000 -753.775897666319 6666.367862762430 1113.869241119840 -4.66020889960125 -1.51359947758655 5.88510790445277
2026-10-10T12:52:00.000 -1831.280993761340 6065.402837582940 2468.536853486210 -4.26427772389430 -3.46380635406132 5.33479412625376
2026-10-10T12:56:00.000 -2775.815325614370 5023.980978466560 3643.442624177730 -3.55893948224055 -5.16164863088112 4.39634336359909
2026-10-10T13:00:00.000 -3518.900028979780 3617.929720026870 4553.176649222990 -2.59581861817102 -6.48394702581491 3.13859966996729
2026-10-10T13:04:00.000 -4006.754191838890 1949.446298565800 5131.720182659790 -1.44496080254125 -7.33539562244963 1.65326181770936
2026-10-10T13:08:00.000 -4204.096289165690 139.599466220680 5337.124327737970 -0.18953682318048 -7.65486760752643 0.04798068500943
2026-10-10T13:12:00.000 -4096.604420871520 -1680.373454023900 5154.438746639980 1.07994243386137 -7.41921686163793 -1.56118634070538
2026-10-10T13:16:00.000 -3691.944327914500 -3378.435305368600 4596.784283224190 2.27184408091092 -6.64499487377973 -3.05774896749892
2026-10-10T13:20:00.000 -3019.264038177520 -4831.207098337310 3704.470877003030 3.29981108216344 -5.38741698177659 -4.33293348734932
2026-10-10T13:24:00.000 -2127.196226901300 -5932.889773138070 2542.212669392270 4.08883737609421 -3.73700124643085 -5.29341342489231
2026-10-10T13:28:00.000 -1080.432577080950 -6603.068109360620 1194.549872155360 4.58096124675708 -1.81354314365702 -5.86837472603251
2026-10-10T13:32:00.000 44.939243456973 -6792.768101095580 -240.273103385691 4.73984945458738 0.24235290213530 -6.01523718077191
2026-10-10T13:36:00.000 1167.039918858760 -6488.200682027660 -1657.569844370820 4.55390171939622 2.28002130603528 -5.72326612668251
2026-10-10T13:40:00.000 2204.276593296630 -5711.779515138530 -2954.000943913710 4.03707931574860 4.15035825967651 -5.01433168268332
2026-10-10T13:44:00.000 3081.377398768130 -4520.369135778300 -4035.232467071630 3.22771039119944 5.71721971677094 -3.94107618401141
2026-10-10T13:48:00.000 3734.885719997420 -3000.920107409780 -4822.837763356800 2.18524409647092 6.86754407952925 -2.58249679725074
2026-10-10T13:52:00.000 4117.686206322030 -1263.942882179690 -5259.896422730270 0.98553318238231 7.51914660558098 -1.03766211559397
2026-10-10T13:56:00.000 4202.278492580740 564.581983886618 -5314.945954858700 -0.28481106661949 7.62594545214750 0.58162873491290
2026-10-10T14:00:00.000 3982.635407070830 2352.234315611110 -4984.105287098120 -1.53447088955842 7.18060345662220 2.15863595779176
2026-10-10T14:04:00.000 3474.597996713530 3969.544118861580 -4291.313252092220 -2.67356204027305 6.21491367385255 3.57959275990702
2026-10-10T14:08:00.000 2714.794563316130 5299.196072941730 -3286.677852095340 -3.61974420037889 4.79787412241836 4.74144736710969
2026-10-10T14:12:00.000 1758.114599960530 6244.502559524880 -2043.004265349160 -4.30413175468733 3.03144609014754 5.55931016855254
2026-10-10T14:16:00.000 673.833045439567 6736.531963953870 -650.624909369770 -4.67651023043972 1.04360850777171 5.97296613754497
2026-10-10T14:20:00.000 -459.378948630587 6739.291663644600 789.136850894718 -4.70933930997752 -1.02080863782172 5.95167272165111
2026-10-10T14:24:00.000 -1559.216821476020 6252.500790934390 2171.409156612440 -4.40010648098471 -3.01095732774764 5.49684824794703
2026-10-10T14:28:00.000 -2545.821868728830 5311.632153904770 3395.543632548970 -3.77155479875667 -4.78166711450423 4.64200250397798
2026-10-10T14:32:00.000 -3347.647246898650 3985.209377948640 4372.522928552880 -2.86971091187276 -6.20438184516803 3.44987691116582
2026-10-10T14:36:00.000 -3906.632596183940 2369.680135879840 5031.416058724040 -1.76023264216426 -7.17632193710103 2.00749046124145
2026-10-10T14:40:00.000 -4182.354029608840 582.321125621738 5324.449389397000 -0.52348269986288 -7.62768934338221 0.41957751932602
2026-10-10T14:44:00.000 -4154.843749003850 -1247.264605417480 5230.348553534750 0.75142641416151 -7.52604672377068 -1.19906975376363
2026-10-10T14:48:00.000 -3825.981092605810 -2986.383950479420 4755.815801244410 1.97255673719304 -6.87825517915696 -2.73141245755748
2026-10-10T14:52:00.000 -3219.419432501990 -4508.723541152800 3935.115752774390 3.05148522699849 -5.73039304590168 -4.06615904186121
2026-10-10T14:56:00.000 -2378.971899812810 -5703.478789028520 2827.725006297470 3.90964037001752 -4.16491132665127 -5.10578873752129
2026-10-10T15:00:00.000 -1365.544785702880 -6483.482620454910 1514.140774347030 4.48407237239201 -2.29523356154849 -5.77377930797355
2026-10-10T15:04:00.000 -252.769683408547 -6791.738341707170 90.082634365737 4.73241220578143 -0.25783680708169 -6.02067375948034
2026-10-10T15:08:00.000 878.397506018426 -6605.766831044120 -1340.550651723710 4.63641146834240 1.79798597556190 -5.82826294802260
2026-10-10T15:12:00.000 1945.677819749080 -5939.304470120270 -2673.414395376980 4.20337667052447 3.72167206572000 -5.21104661851243
2026-10-10T15:16:00.000 2871.573496597080 -4841.208068416680 -3811.467762694180 3.46552336334502 5.37300917568971 -4.21494321803346
2026-10-10T15:20:00.000 3589.040694828440 -3391.682071664040 -4672.093884219810 2.47716200066538 6.63255910819850 -2.91340457509032
2026-10-10T15:24:00.000 4046.302126760700 -1696.234042966890 -5193.036803716990 1.31035304166561 7.41010406579220 -1.40153778092001
2026-10-10T15:28:00.000 4210.468479394460 122.091206373151 -5336.756318734730 0.04948336833163 7.65048008913766 0.21105126945750
2026-10-10T15:32:00.000 4069.786174814780 1931.576013756900 -5092.984251235790 -1.21473208812992 7.33691682985420 1.80803093505859
2026-10-10T15:36:00.000 3634.415608838590 3601.190204617690 -4479.384460160780 -2.39141312723599 6.49186351107853 3.27427416507565
2026-10-10T15:40:00.000 2935.735983490780 5009.884979413980 -3540.327247124630 -3.39564451221958 5.17563857180674 4.50363807857352
2026-10-10T15:44:00.000 2024.186829923080 6055.285259139830 -2343.823731746820 -4.15445075129270 3.48271519454542 5.40646303057897
2026-10-10T15:48:00.000 965.741836295449 6661.199238939170 -976.739665630491 -4.61221587270506 1.53558536506117 5.91632198001590
2026-10-10T15:52:00.000 -162.827968337632 6783.349249683240 461.468478686139 -4.73519568626590 -0.52396925057130 5.99546288546420
2026-10-10T15:56:00.000 -1279.567542112560 6412.737380131060 1866.055826038810 -4.51422365803506 -2.54557278316538 5.63786195754963
2026-10-10T16:00:00.000 -2303.371748534180 5576.356017684170 3134.726339526780 -3.96551801789745 -4.38162667222424 4.86982640487073
2026-10-10T16:04:00.000 -3159.963848521740 4335.147031938210 4175.186865951830 -3.12935405755833 -5.89860550714502 3.74782983286599
2026-10-10T16:08:00.000 -3787.300724406220 2779.405881548770 4911.878488831120 -2.06671455522996 -6.98687931429508 2.35389678966956
2026-10-10T16:12:00.000 -4140.001574089440 1022.104426313190 5291.370924059760 -0.85461391104612 -7.56814322035078 0.78929116043198
2026-10-10T16:16:00.000 -4192.547139924310 -809.299261780881 5286.136698503520 0.41945222878845 -7.60067598611168 -0.83270559960698
2026-10-10T16:20:00.000 -3941.052748127070 -2582.009062867060 4896.468670683620 1.66372346384437 -7.08189242868646 -2.39487659101810
2026-10-10T16:24:00.000 -3403.560757763460 -4167.339257142290 4150.473499884990 2.78825718330335 -6.04851011115115 -3.78397665386362
2026-10-10T16:28:00.000 -2618.852579031500 -5449.959836632290 3102.166987493460 3.71122834498617 -4.57455926073582 -4.89864258206065
2026-10-10T16:32:00.000 -1643.754441561060 -6336.343681854610 1827.700877793570 4.36505378917277 -2.76665461393238 -5.65697270899466
2026-10-10T16:36:00.000 -549.074812518631 -6761.734851407010 419.895799982432 4.70156599962091 -0.75653270661127 -6.00287948300063
2026-10-10T16:40:00.000 585.560026095547 -6695.070464118310 -1018.550407212140 4.69596915503392 1.30856581557539 -5.91074904936116
2026-10-10T16:44:00.000 1677.604199870280 -6141.350433082530 -2382.698850092880 4.34889023769262 3.27733090375779 -5.38762958670252
2026-10-10T16:48:00.000 2647.716689985350 -5141.206377763890 -3573.175861942440 3.68620640023879 5.00603680961741 -4.47251324332111
2026-10-10T16:52:00.000 3425.598397142090 -3767.754060076930 -4503.495016398320 2.75684667253918 6.36940668919589 -3.23304342228957
2026-10-10T16:56:00.000 3955.062654600460 -2121.038323087600 -5106.302275755580 1.62869811467656 7.26957467676751 -1.75994445866516
2026-10-10T17:00:00.000 4197.986651942720 -320.638433747688 -5338.111840047940 0.38347771379179 7.64250464955971 -0.16017300392365
2026-10-10T17:04:00.000 4136.935677118630 1502.979156031930 -5182.291421339600 -0.88913784791289 7.46194603001004 1.45075347676726
2026-10-10T17:08:00.000 3776.339835487470 3217.757479118120 -4650.169294237850 -2.09765899076878 6.74094997126790 2.95668600245722
2026-10-10T17:12:00.000 3142.183162779960 4699.423158028560 -3780.230071790610 -3.15498322987032 5.53098768653523 4.24877041483634
2026-10-10T17:16:00.000 2280.221320591690 5840.368247378680 -2635.446855355650 -3.98442414016774 3.91873964763144 5.23299264816917
2026-10-10T17:20:00.000 1252.800741523180 6557.489793869380 -1298.879844539960 -4.52530267135371 2.02061646279924 5.83706491639715
2026-10-10T17:24:00.000 134.414077098232 6798.408615752730 132.269022655750 -4.73777060894902 -0.02531748607547 6.01625644164952
2026-10-10T17:28:00.000 -993.730137214982 6545.463835039400 1553.775340694660 -4.60610481390837 -2.06967177107327 5.75718789800299
2026-10-10T17:32:00.000 -2049.693666321830 5817.067079807650 2862.098074145320 -4.13998254461997 -3.96315331988598 5.07889383650348
2026-10-10T17:36:00.000 -2956.844442531790 4666.306557816590 3962.026613556240 -3.37362718238572 -5.56791207242986 4.03128412424808
2026-10-10T17:40:00.000 -3649.447232352930 3176.941044270610 4773.652319112370 -2.36301233167715 -6.76777431458222 2.69109401392244
2026-10-10T17:44:00.000 -4077.387144601160 1457.170935830080 5238.109622910410 -1.18150808818861 -7.47638054520575 1.15583279731254
2026-10-10T17:48:00.000 -4209.711977336680 -368.247007623365 5321.721646978660 0.08553376688657 -7.64285553198512 -0.46335552670082
2026-10-10T17:52:00.000 -4036.794344907740 -2166.952647641860 5018.357172101780 1.34679394569149 -7.25507082711115 -2.04939336969685
2026-10-10T17:56:00.000 -3571.011198917500 -3808.431239364670 4349.880652272010 2.51126182615889 -6.34043865637552 -3.48741744173250
2026-10-10T18:00:00.000 -2845.927691061510 -5173.353596533300 3364.662600789500 3.49441784437050 -4.96432172825398 -4.67271552263621
2026-10-10T18:04:00.000 -1913.995382138380 -6162.254080501400 2134.215995166830 4.22437429558088 -3.22598238196961 -5.51835095252685
2026-10-10T18:08:00.000 -842.841726245285 -6702.917558161600 748.102706103163 4.64741304091965 -1.25190096370084 -5.96187429752135
2026-10-10T18:12:00.000 289.645434522840 -6755.842531903710 -692.597103638532 4.73233153120222 0.81349002152550 -5.97041050963320
2026-10-10T18:16:00.000 1401.071274802910 -6317.262974449800 -2082.770611655750 4.47303158318132 2.81878481145852 -5.54348895118224
2026-10-10T18:20:00.000 2410.653106996180 -5419.401388196730 -3321.108034800380 3.88893914198925 4.61742481579915 -4.71301466417959
2026-10-10T18:24:00.000 3245.182358583920 -4127.947020916580 -4317.586164322540 3.02327845357851 6.07882480947109 -3.54047377499274
2026-10-10T18:28:00.000 3844.331215900460 -2537.043029631470 -5000.003878089010 1.93943603850781 7.09784810198385 -2.11188768969653
2026-10-10T18:32:00.000 4164.921808308510 -762.280642193350 -5319.089713089220 0.71604154097117 7.60185261082129 -0.53111939040860
2026-10-10T18:36:00.000 4183.912913050600 1067.689533672470 -5251.899574470270 -0.55871851913884 7.55521115887655 1.08759044741635
2026-10-10T18:40:00.000 3899.967260646050 2820.343816724700 -4803.362553238900 -1.79319121033779 6.96141815021271 2.62752934858206
2026-10-10T18:44:00.000 3333.541814907870 4368.692670063170 -4005.924209168250 -2.89845364971268 5.86287634405135 3.97742981780404
2026-10-10T18:48:00.000 2525.486698212340 5600.353681955600 -2917.294700595400 -3.79449009122514 4.33824595328619 5.03927405499397
2026-10-10T18:52:00.000 1534.207354497160 6425.686107926670 -1616.409882463170 -4.41592694785208 2.49735738806438 5.73528725976211
2026-10-10T18:56:00.000 431.530811651992 6784.436529229300 -197.824340957202 -4.71703775671877 0.47383679588613 6.01398873987542
2026-10-10T19:00:00.000 -702.491179880106 6650.328301675700 1235.167327272660 -4.67551036067049 -1.58459002711499 5.85457044242646
2026-10-10T19:04:00.000 -1785.478930960940 6033.098078554270 2578.171260183210 -4.29438412865333 -3.52750361228352 5.26873107255572
2026-10-10T19:08:00.000 -2738.810883502890 4977.748015607980 3733.421712546560 -3.60171021598083 -5.21330792680431 4.29962428569231
2026-10-10T19:12:00.000 -3493.380881052220 3561.129320590190 4616.954816885690 -2.64817473009481 -6.51981749544189 3.01831779817877
2026-10-10T19:16:00.000 -3994.573087854500 1886.203732315420 5164.665763761570 -1.50307230908171 -7.35287612205264 1.51817266704883
2026-10-10T19:20:00.000 -4206.134168050190 74.514587389147 5336.850125699020 -0.24920745566618 -7.65264866715394 -0.09206132968223
2026-10-10T19:24:00.000 -4112.721222791790 -1742.569662855630 5120.981201309450 1.02300331862195 -7.39752063849197 -1.69599362272602
2026-10-10T19:28:00.000 -3720.980089104590 -3433.232542427510 4532.586322570930 2.22178340746392 -6.60540886630883 -3.17754192275034
2026-10-10T19:32:00.000 -3059.117818467440 -4874.634420887680 3614.213126368390 3.26027306230652 -5.33283212218581 -4.42897312456763
2026-10-10T19:36:00.000 -2174.979069575380 -5961.808248133650 2432.481289362570 4.06270302988788 -3.67142964388815 -5.35865622126652
2026-10-10T19:40:00.000 -1132.677469837100 -6615.410744890220 1073.357135025820 4.57014351303654 -1.74184150435910 -5.89806180942389
2026-10-10T19:44:00.000 -7.968558199099 -6787.692140404240 -364.083761913552 4.74518426925571 0.31491720941641 -6.00723383539995
2026-10-10T19:48:00.000 1117.327197345180 -6466.141932498830 -1774.969061019060 4.57503755183652 2.34810122444039 -5.67817940800387
2026-10-10T19:52:00.000 2161.395380647870 -5674.426815005560 -3056.442908405260 4.07253782744707 4.20895091463448 -4.93556263826045
2026-10-10T19:56:00.000 3048.482871675780 -4470.519962327110 -4115.292649004520 3.27496971211449 5.76215201051734 -3.83448313273037
2026-10-10T20:00:00.000 3714.413753351810 -2942.250140335310 -4874.740719547420 2.24087278024705 6.89569747350766 -2.45588015414961
2026-10-10T20:04:00.000 4111.164946799010 -1200.730585617870 -5279.914264536980 1.04543350365982 7.52863695331490 -0.90017100453930
2026-10-10T20:08:00.000 4210.199941779800 627.756642404020 -5301.643546692540 -0.22510959252823 7.61614046394084 0.72013573712534
2026-10-10T20:12:00.000 4004.415135131160 2410.791989203530 -4938.437690573850 -1.47940598117534 7.15214992231871 2.28820805687918
2026-10-10T20:16:00.000 3508.626017457780 4019.216015334160 -4216.569094083700 -2.62718157393275 6.16975208432839 3.69084412123743
2026-10-10T20:20:00.000 2758.566711821480 5336.332896179680 -3188.259909882380 -3.58541865785736 4.73920473950268 4.82627023536261
2026-10-10T20:24:00.000 1808.417974137710 6266.350097160520 -1928.040849703180 -4.28436189500244 2.96346934404251 5.61152058613416
2026-10-10T20:28:00.000 726.981344795531 6741.428222314080 -527.454045429399 -4.67270936827094 0.97116836884551 5.98871672979067
2026-10-10T20:32:00.000 -407.267593146148 6726.787910986030 911.557772179468 -4.72171640175879 -1.09247714473224 5.92969319112790
2026-10-10T20:36:00.000 -1511.932291695510 6223.419455732440 2284.151015146870 -4.42769947672377 -3.07657890093124 5.43865406979712
2026-10-10T20:40:00.000 -2506.788531525820 5268.018184327440 3490.368136060900 -3.81228763441987 -4.83639143760719 4.55179395656029
2026-10-10T20:44:00.000 -3319.675213948530 3930.190353504590 4442.493914298090 -2.92059875544426 -6.24410629870051 3.33425126487330
2026-10-10T20:48:00.000 -3891.730597097040 2307.229435402840 5071.418364298150 -1.81759240718949 -7.19815499191133 1.87489815562095
2026-10-10T20:52:00.000 -4181.576361160800 516.951841987812 5331.544802149900 -0.58310223063258 -7.63001105989616 0.27961153150532
2026-10-10T20:56:00.000 -4168.215039851130 -1310.805740403220 5203.985251902080 0.69383977272001 -7.50857205186973 -1.33620697980832
2026-10-10T21:00:00.000 -3852.515095944240 -3043.469244263220 4697.891687116250 1.92112187896497 -6.84226818628429 -2.85567047493444
2026-10-10T21:04:00.000 -3257.179511571680 -4555.200285085950 3849.834874775280 3.00993056361857 -5.67851232445332 -4.16847002305025
2026-10-10T21:08:00.000 -2425.212983163910 -5735.969116648530 2721.294681469240 3.88095091926560 -4.10096011476362 -5.17863711336566
2026-10-10T21:12:00.000 -1416.909824016190 -6499.642021443250 1394.320780965840 4.47032325902070 -2.22393788050314 -5.81182573215667
2026-10-10T21:16:00.000 -305.528234435836 -6790.430061648880 -34.387818968428 4.73462178118949 -0.18446859083567 -6.02114693638673
2026-10-10T21:20:00.000 828.080999838444 -6587.147344112760 -1460.597028207880 4.65443739752770 1.86797516427799 -5.79116245817246
2026-10-10T21:24:00.000 1901.471749339420 -5904.815563302010 -2780.300983337450 4.23597163142069 3.78311088634029 -5.13917266617403
2026-10-10T21:28:00.000 2836.719583080620 -4793.456290112130 -3897.445861650200 3.51040678006174 5.42143054508714 -4.11366751591417
2026-10-10T21:32:00.000 3566.123350053060 -3334.219296179730 -4730.967674263830 2.53114365494036 6.66460676301563 -2.79019441086325
2026-10-10T21:36:00.000 4037.041742333550 -1633.270497111010 -5220.589787604940 1.36947259098835 7.42364535832577 -1.26532151612266
2026-10-10T21:40:00.000 4215.576266037470 185.985669600413 -5331.030583542960 0.10934904881262 7.64466333584098 0.35049459264271
2026-10-10T21:44:00.000 4088.901462886260 1991.780426050120 -5054.402880970280 -1.15860108433475 7.31215436439143 1.94073928793780
2026-10-10T21:48:00.000 3666.132311647840 3653.331119626890 -4410.724614459830 -2.34318206486456 6.44981164176100 3.39069396274450
2026-10-10T21:52:00.000 2977.719729724790 5050.137992761910 -3446.544885100390 -3.35883404658922 5.11920868114216 4.59528535195067
2026-10-10T21:56:00.000 2073.361474337470 6080.663844242650 -2231.714742074410 -4.13169809033703 3.41594990863681 5.46658895315379
2026-10-10T22:00:00.000 1018.513551579980 6669.796458888080 -854.450713767538 -4.60518153875432 1.46335352125076 5.94051072420251
2026-10-10T22:04:00.000 -110.318002447805 6774.471614617340 585.042084937296 -4.74438931129615 -0.59647869376957 5.98189506695318
2026-10-10T22:08:00.000 -1231.150060828880 6386.957869225170 1981.904319847240 -4.53892188433401 -2.61303837342359 5.58744120886742
2026-10-10T22:12:00.000 -2262.571536818070 5535.493349174300 3234.391721849880 -4.00390346758991 -4.43908421382677 4.78621362030807
2026-10-10T22:16:00.000 -3129.742988478060 4282.123409518190 4251.388416101430 -3.17857966266987 -5.94186536773396 3.63709880944925
2026-10-10T22:20:00.000 -3769.837589178200 2718.038052637280 4959.038295854090 -2.12315210602192 -7.01271360182752 2.22410335644046
2026-10-10T22:24:00.000 -4136.541946356780 956.832474021986 5306.033800570110 -0.91415980808616 -7.57464612915943 0.64993077736927
2026-10-10T22:28:00.000 -4203.317399962110 -873.748291540629 5267.212621394040 0.36114045113404 -7.58734053288817 -0.97153508613103
2026-10-10T22:32:00.000 -3965.247611450230 -2640.948718093710 4845.305345669830 1.61082514549436 -7.04958655890430 -2.52305131023191
2026-10-10T22:36:00.000 -3439.421839897230 -4216.472356571370 4070.781545963880 2.74452255873044 -5.99960645117867 -3.89207231385714
2026-10-10T22:40:00.000 -2663.784763845170 -5485.718322901890 2999.753586209190 3.67983582134217 -4.51269615659155 -4.97872728958288
2026-10-10T22:44:00.000 -1694.500492711620 -6356.150490882180 1710.040879411510 4.34829772038777 -2.69642003480582 -5.70315971176417
2026-10-10T22:48:00.000 -601.950122836293 -6764.200625321700 295.583632194817 4.70069050204379 -0.68316480271047 -6.01179372396860
2026-10-10T22:52:00.000 534.402233056833 -6680.099467063080 -1140.442028969020 4.71108112940267 1.37959674107019 -5.88180457888896
2026-10-10T22:56:00.000 1631.900239736860 -6110.142709269090 -2493.297046259450 4.37896611709781 3.34077246632143 -5.32306370284708
2026-10-10T23:00:00.000 2610.827987349900 -5096.150652783230 -3664.465091317270 3.72915122627857 5.05730801907315 -4.37717620589466
2026-10-10T23:04:00.000 3400.259557539380 -3712.226400966680 -4568.897620573410 2.80957131546144 6.40488732012890 -3.11399348451932
2026-10-10T23:08:00.000 3943.178363757050 -2059.143105207770 -5141.149714991910 1.68740996278230 7.28687791921909 -1.62592077457127
2026-10-10T23:12:00.000 4200.482728459650 -256.889201723280 -5339.955766635700 0.44385783215607 7.64058282560211 -0.02082006910869
2026-10-10T23:16:00.000 4153.672836518010 1563.970278671490 -5151.047968356750 -0.83158597818512 7.44102863069464 1.58547578920576
2026-10-10T23:20:00.000 3806.115513835530 3271.583658840440 -4588.117829181540 -2.04723649854607 6.70249989395835 3.07715245229686
2026-10-10T23:24:00.000 3182.823357661330 4742.167890280240 -3691.861051923220 -3.11542374341334 5.47762614424673 4.34627012848553
2026-10-10T23:28:00.000 2328.757029744390 5868.884782779980 -2527.170833717930 -3.95858571781024 3.85425242640531 5.30035818539772
2026-10-10T23:32:00.000 1305.694039652010 6569.655284831370 -1178.573537846860 -4.51504174651810 1.94968031745700 5.86932896465927
2026-10-10T23:36:00.000 187.817307420102 6793.293735658840 255.842118724905 -4.74380727794858 -0.09749765282942 6.01104988729978
2026-10-10T23:40:00.000 -943.700159435433 6523.406067317680 1671.613814693110 -4.62800836517183 -2.13782097819632 5.71489980110990
2026-10-10T23:44:00.000 -2006.674030516820 5779.636457676320 2965.619302439700 -4.17613288156603 -4.02232725986368 5.00259827981872
2026-10-10T23:48:00.000 -2923.953913059190 4616.191880692060 4043.687429131860 -3.42137513885627 -5.61378789944441 3.92651760507768
2026-10-10T23:52:00.000 -3629.071722511040 3117.756527727220 4827.495607341520 -2.41891857876983 -6.79702452270975 2.56545433647445
2026-10-10T23:56:00.000 -4071.002374299270 1393.188266544590 5260.192241765050 -1.24147202198267 -7.48685958215719 1.01841462217166
2026-10-11T00:00:00.000 -4217.766343137990 -432.396475698698 5310.408539309550 0.02591169195320 -7.63375088111179 -0.60252978576672
2026-10-11T00:04:00.000 -4058.680135266870 -2226.615224251650 4974.448294161150 1.29185661246279 -7.22700087814634 -2.18019414528945
2026-10-11T00:08:00.000 -3605.119883947240 -3859.264920445510 4276.548916483050 2.46494749704739 -6.29537980941404 -3.60030151114938
2026-10-11T00:12:00.000 -2889.781493888570 -5211.651085478780 3267.232658893140 3.46000556108220 -4.90555784243399 -4.75941072823932
2026-10-11T00:16:00.000 -1964.424343502030 -6185.231186087030 2019.783359490760 4.20432761475668 -3.15787563863509 -5.57246740360606
2026-10-11T00:20:00.000 -896.200589509265 -6708.932294680240 625.016396685276 4.64319967566793 -1.17954450623883 -5.97942882523378
2026-10-11T00:24:00.000 237.223568696237 -6744.522409116220 -815.356958432161 4.74431594032969 0.88469324226582 -5.95016652745063
2026-10-11T00:28:00.000 1353.399927230850 -6289.521264212670 -2196.265637542370 4.50040589515674 2.88358375126315 -5.48701611388833
2026-10-11T00:32:00.000 2371.218281745790 -5377.356640745190 -3417.100869029920 3.92979729111178 4.67109709307045 -4.62455020938618
2026-10-11T00:36:00.000 3216.890069095080 -4074.747419987960 -4389.144874903320 3.07471542796370 6.11756879621726 -3.42657725126553
2026-10-11T00:40:00.000 3829.286930454010 -2476.613531184290 -5041.992340336580 1.99772034912674 7.11900850020932 -1.98086788415194
2026-10-11T00:44:00.000 4164.263875406860 -699.035909731295 -5328.522479774610 0.77690353502562 7.60403891424583 -0.39248636987924
2026-10-11T00:48:00.000 4197.721289362960 1129.165541501130 -5228.140397046650 -0.49977645510857 7.53838400004036 1.22389944794397
2026-10-11T00:52:00.000 3927.249911447990 2875.608429135690 -4748.147995658970 -1.74054885935379 6.92678719230303 2.75177164803427
2026-10-11T00:56:00.000 3372.304233912590 4413.737550846660 -3923.243151891540 -2.85602553762248 5.81282783758348 4.08068963788849
2026-10-11T01:00:00.000 2572.887266992200 5631.869960087560 -2813.121067779800 -3.76536471067507 4.27622030420288 5.11400100325796
2026-10-11T01:04:00.000 1586.786598804690 6441.318982925790 -1498.308208358630 -4.40214880191783 2.42784318301827 5.77590046855475
2026-10-11T01:08:00.000 485.467915467244 6782.999510118330 -74.397415069534 -4.71956807010622 0.40198633452919 6.01748277493678
2026-10-11T01:12:00.000 -651.111582170610 6631.895083661650 1354.928237371240 -4.69415914873951 -1.65350863562731 5.82071658473361
2026-10-11T01:16:00.000 -1740.382980111840 5998.984052920760 2685.547082962590 -4.32778125135172 -3.58845771038579 5.20001241403982
2026-10-11T01:20:00.000 -2703.267060167650 4930.411850787670 3820.598733327090 -3.64742799844940 -5.26186658895662 4.20104214566551
2026-10-11T01:24:00.000 -3469.964808710860 3503.996555125420 4677.584824833170 -2.70291580155197 -6.55239152942789 2.89704021140857
2026-10-11T01:28:00.000 -3984.989147335820 1823.418733399290 5194.339900835730 -1.56290189199141 -7.36712869766558 1.38305467612876
2026-10-11T01:32:00.000 -4211.086121247350 10.619579580152 5333.405082688010 -0.30976047367610 -7.64758434112400 -0.23126589141375
2026-10-11T01:36:00.000 -4131.846061603630 -1802.947248189790 5084.648819368440 0.96617515257179 -7.37343998827171 -1.82916690287606
2026-10-11T01:40:00.000 -3752.879246045690 -3485.707446124160 4465.999502870690 2.17280652529940 -6.56403425418557 -3.29494586496508
2026-10-11T01:44:00.000 -3101.467890782610 -4915.392590632210 3522.214456279980 3.22268913726725 -5.27716578489030 -4.52203820084179
2026-10-11T01:48:00.000 -2224.700177990360 -5987.886331763810 2321.768064380440 4.03923236383030 -3.60550831724622 -5.42058067883678
2026-10-11T01:52:00.000 -1186.158836265450 -6624.917103054560 952.003079186286 4.56246873135737 -1.67052762059703 -5.92426316360330
2026-10-11T01:56:00.000 -61.328550102582 -6779.964574342120 -487.219949367769 4.75386582785568 0.38632236256067 -5.99579786572299
2026-10-11T02:00:00.000 1067.964769660620 -6441.799064937280 -1890.906099578430 4.59947791954798 2.41429882834220 -5.63000718582714
2026-10-11T02:04:00.000 2119.629448713790 -5635.310762835320 -3156.746352584150 4.11102215821491 4.26511860493137 -4.85426591347942
2026-10-11T02:08:00.000 3017.371223943670 -4419.539685323030 -4192.689068042600 3.32473551938852 5.80426721987542 -3.72606806573364
2026-10-11T02:12:00.000 3696.246146808470 -2883.152110395690 -4923.639411306590 2.29831050162503 6.92084425546504 -2.32825763643348
2026-10-11T02:16:00.000 4107.284080794310 -1137.816487877340 -5296.790208405190 1.10631330453967 7.53511025139772 -0.76254937213330
2026-10-11T02:20:00.000 4220.892823402960 689.926409463132 -5285.278957586780 -0.16529446361065 7.60350377561641 0.85784079469160
2026-10-11T02:24:00.000 4028.891244998010 2467.713950117630 -4890.008902643460 -1.42507258630159 7.12131272280114 2.41609827824602
2026-10-11T02:28:00.000 3545.077366855090 4066.754303802290 -4139.553838711100 -2.58233639063099 6.12284311388866 3.79972745592025
2026-10-11T02:32:00.000 2804.305563609020 5371.000117824140 -3088.201717120080 -3.55334044944659 4.67947878423612 4.90823258364797
2026-10-11T02:36:00.000 1860.085042556290 6285.556085093170 -1812.172100249740 -4.26732168885472 2.89512634377173 5.66047690219219
2026-10-11T02:40:00.000 780.810735186672 6743.695096949640 -404.197991760379 -4.67182545267663 0.89925472496774 6.00092336998231
2026-10-11T02:44:00.000 -355.180893280829 6711.909985098520 1033.216397685300 -4.73703365525928 -1.16255018124248 5.90426456281867
2026-10-11T02:48:00.000 -1465.365634378740 6192.464177453600 2395.353569156400 -4.45809841482296 -3.13965688509815 5.37748435101297
2026-10-11T02:52:00.000 -2469.116914951940 5223.238275444900 3583.026625355480 -3.85557611576259 -4.88781164348731 4.45938873981322
2026-10-11T02:56:00.000 -3293.638552440840 3874.853473385790 4509.882186220980 -2.97368897929246 -6.28011744449959 3.21736676023107
2026-10-11T03:00:00.000 -3879.236792623010 2245.372152296810 5108.658553079080 -1.87667339673451 -7.21615556521768 1.74209177956649
2026-10-11T03:04:00.000 -4183.556408255920 453.074295837608 5335.963177975530 -0.64390929180450 -7.62875826749608 0.14057234708249
2026-10-11T03:08:00.000 -4184.553985880610 -1372.077859847810 5175.291581529050 0.63573160905561 -7.48824964621309 -1.47143952215103
2026-10-11T03:12:00.000 -3882.044702648330 -3097.704621738560 4638.182340908170 1.86997580358215 -6.80429654131802 -2.97731455049775
2026-10-11T03:16:00.000 -3297.772355849790 -4598.468661087550 3763.466733539470 2.96944919093273 -5.62565734159238 -4.26762177847628
2026-10-11T03:20:00.000 -2473.935101015700 -5765.143872583050 2614.572965539310 3.85410513835050 -4.03708867541363 -5.24805644172601
2026-10-11T03:24:00.000 -1470.230307799690 -6512.629712397550 1275.041309203420 4.45908869170663 -2.15375699802117 -5.84640854500416
2026-10-11T03:28:00.000 -359.575280624448 -6786.335905170530 -157.507446137870 4.73984509640685 -0.11318668565965 -6.01837926678006
2026-10-11T03:32:00.000 777.240614355055 -6566.340014864290 -1578.569613727630 4.67578168894760 1.93511005126180 -5.75131374757817
2026-10-11T03:36:00.000 1857.549836934790 -5868.888764878560 -2884.535757338310 4.27193501850650 3.84121126100462 -5.06525994158761
2026-10-11T03:40:00.000 2802.933450164980 -4745.092578355340 -3980.380193556540 3.55839227670192 5.46635883344965 -4.01117223643850
2026-10-11T03:44:00.000 3544.953314380970 -3276.979865470210 -4786.605458237560 2.58764831860741 6.69321006789217 -2.66660951842368
2026-10-11T03:48:00.000 4030.047598433840 -1571.333812737610 -5244.921899075010 1.43037497348883 7.43396936602147 -1.12960437279551
2026-10-11T03:52:00.000 4223.278877797090 248.127883077395 -5322.305179312870 0.17015565848706 7.63604543872617 0.48860010708915
2026-10-11T03:56:00.000 4110.733671955350 2049.626764425840 -5013.239802360170 -1.10238658681296 7.28517732476209 2.07130901629447
2026-10-11T04:00:00.000 3700.487239170810 3702.677037211170 -4340.082773694510 -2.29568749514756 6.40637281844553 3.50429261085378
2026-10-11T04:04:00.000 3022.068050137840 5087.376725933600 -3351.513576999330 -3.32356057745472 5.06234617042835 4.68368714500771
2026-10-11T04:08:00.000 2124.442970631990 6103.038589387540 -2119.159425011530 -4.11119817100225 3.34968374427104 5.52331913240967
2026-10-11T04:12:00.000 1072.589464428340 6675.606896530110 -732.528444967621 -4.60085708212125 1.39242419720966 5.96133670310685
2026-10-11T04:16:00.000 -57.175689558884 6763.222668761330 707.462454621672 -4.75643544281228 -0.66681381284281 5.96518947386886
2026-10-11T04:20:00.000 -1182.784377319450 6359.426711506730 2095.906043407990 -4.56643584157441 -2.67754266398882 5.53442401455897
2026-10-11T04:24:00.000 -2222.475786728900 5493.665714391170 3331.675907382320 -4.04488932548961 -4.49297278584764 4.70077529073005
2026-10-11T04:28:00.000 -3100.816316571090 4229.044948664280 4324.883428494200 -3.23010718243655 -5.98116309933123 3.52551008276378
2026-10-11T04:32:00.000 -3754.179467946950 2657.578476096480 5003.413890826080 -2.18153532552745 -7.03455497502390 2.09452380659058
2026-10-11T04:36:00.000 -4135.301534948080 893.392106238011 5318.087544841930 -0.97519172489522 -7.57750249040460 0.51180230002112
2026-10-11T04:40:00.000 -4216.598874366810 -935.565325280475 5246.090482241850 0.30189246243695 -7.57104584496180 -1.10818718363546
2026-10-11T04:44:00.000 -3992.099538735360 -2696.668757419250 4792.558793729390 1.55769148989251 -7.01538509783946 -2.64834727621790
2026-10-11T04:48:00.000 -3477.892589814820 -4262.064406439190 3990.242773877620 2.70142291686076 -5.94990308255453 -3.99696294286479
2026-10-11T04:52:00.000 -2711.077548071730 -5517.866404828560 2897.275805044570 3.64986131559854 -4.45105184441833 -5.05553540284151
2026-10-11T04:56:00.000 -1747.186158179190 -6372.514702124860 1593.087785610680 4.33360313074048 -2.62734636047270 -5.74623028628328
2026-10-11T05:00:00.000 -656.210358405873 -6763.603404297620 172.685993672304 4.70234678714431 -0.61176980012477 -6.01795917885591
2026-10-11T05:04:00.000 482.503510500301 -6662.615018895990 -1260.321504647420 4.72898655017253 1.44806525649179 -5.85065095637791
2026-10-11T05:08:00.000 1586.130237987680 -6077.080371555600 -2601.426276927910 4.41182116355656 3.40132066563423 -5.25690437337554
2026-10-11T05:12:00.000 2574.510971954230 -5049.958010123340 -3752.981371160080 3.77460129088878 5.10551795820736 -4.28090946618061
2026-10-11T05:16:00.000 3376.044338605790 -3656.294368319390 -4631.382906600740 2.86435219297581 6.43736777450954 -2.99465495297116
2026-10-11T05:20:00.000 3932.833384563430 -1997.540653773530 -5173.073481823100 1.74750007384945 7.30137333206972 -1.49211991069859
2026-10-11T05:24:00.000 4204.755274948710 -194.080596581709 -5338.990035613650 0.50482645108125 7.63608071961212 0.11779994622631
2026-10-11T05:28:00.000 4172.231832641880 1623.437291249240 -5117.232777438150 -0.77424121704113 7.41784143974535 1.71895317241549
2026-10-11T05:32:00.000 3837.574752484580 3323.386741500860 -4523.853340141740 -1.99773545479796 6.66218308479759 3.19587702407606
2026-10-11T05:36:00.000 3224.856798183390 4782.507257971530 -3601.750527138740 -3.07733882474130 5.42297650995341 4.44160624964778
2026-10-11T05:40:00.000 2378.275715898120 5894.768122472460 -2417.707599681430 -3.93467201889998 3.78915773376362 5.36529247270392
2026-10-11T05:44:00.000 1359.069106988140 6579.126427228620 -1057.682171537460 -4.50701130479516 1.87884145574228 5.89903220259553
2026-10-11T05:48:00.000 241.146105372795 6785.585741345250 379.382192323764 -4.75220902982890 -0.16894695185487 6.00326336532755
2026-10-11T05:52:00.000 -894.301317796811 6499.003486065580 1788.803703526350 -4.65214006441215 -2.20462065569490 5.67007856971559
2026-10-11T05:56:00.000 -1964.784381939690 5740.269317359830 3067.907554654710 -4.21419911092039 -4.07944787304280 4.92401018174301
2026-10-11T06:00:00.000 -2892.605799204970 4564.709886104310 4123.620561948020 -3.47061462915145 -5.65700996364604 3.81996093150740
2026-10-11T06:04:00.000 -3610.527483555640 3057.897811767520 4879.259687307830 -2.47573325934138 -6.82317205003083 2.43870703481474
2026-10-11T06:08:00.000 -4066.599532825480 1329.309502096550 5280.030573242880 -1.30179116713905 -7.49401617247053 0.88074489820549
2026-10-11T06:12:00.000 -4227.825468433860 -495.652972847085 5296.893092635920 -0.03355182641500 -7.62144734416513 -0.74112075262591
2026-10-11T06:16:00.000 -4082.472465881900 -2284.660249495700 4928.567873402120 1.23757653983314 -7.19613935198874 -2.30966586816263
2026-10-11T06:20:00.000 -3640.915422960770 -3907.889704650290 4201.641018361680 2.41982546624155 -6.24821711643114 -3.71125516858581
2026-10-11T06:24:00.000 -2934.963408242810 -5247.327627755600 3168.742120928280 3.42738859857769 -4.84546486854205 -4.84377277740839
2026-10-11T06:28:00.000 -2015.688016609760 -6205.358645162360 1904.877874905260 4.18656802852414 -3.08918186377873 -5.62405236878945
2026-10-11T06:32:00.000 -949.806670724683 -6712.036968351470 502.070877778769 4.64155079966848 -1.10725605176650 -5.99442690793869
2026-10-11T06:36:00.000 185.175399910537 -6730.378308099320 -937.372650415261 4.75886495223488 0.95525431657851 -5.92746722948875
2026-10-11T06:40:00.000 1306.693731309480 -6259.174615796110 -2308.450274323090 4.53010679387694 2.94721218560460 -5.42830111827072
2026-10-11T06:44:00.000 2333.254878824850 -5333.041739265900 -3511.281061813630 3.97250750543012 4.72316704264318 -4.53415467954923
2026-10-11T06:48:00.000 3190.433582789960 -4019.706874239020 -4458.469686740280 3.12730788580713 6.15433926722676 -3.31111470906639
2026-10-11T06:52:00.000 3816.262129540110 -2414.858030785350 -5081.425539867580 2.05637572246030 7.13787597892852 -1.84874824559650
2026-10-11T06:56:00.000 4165.615763838290 -635.041860748061 -5335.191125019610 0.83731054098940 7.60371526220259 -0.25321273325150
2026-10-11T07:00:00.000 4213.333271954230 1190.765393897890 -5201.525381908670 -0.44208776693788 7.51886522508433 1.36031043860516
2026-10-11T07:04:00.000 3955.951533694090 2930.340676290600 -4690.128984709170 -1.68983251208496 6.88940458300907 2.87547634033334
2026-10-11T07:08:00.000 3411.962416038180 4457.599243347900 -3837.970221202010 -2.81599503407529 5.76015204013465 4.18270848211788
2026-10-11T07:12:00.000 2620.571991177180 5661.614817594840 -2706.732222062750 -3.73890376325509 4.21195433127523 5.18686322222917
2026-10-11T07:16:00.000 1638.998269300590 6454.701912431820 -1378.496848865200 -4.39110298495287 2.35659280758542 5.81418108647505
2026-10-11T07:20:00.000 538.393655586078 6778.965594258530 50.131858808510 -4.72469624786003 0.32899734581587 6.01826123668488
2026-10-11T07:24:00.000 -601.331655692561 6610.676995200760 1475.102573855850 -4.71508611100387 -1.72282836856416 5.78386178473087
2026-10-11T07:28:00.000 -1697.379603752200 5962.087743333880 2792.601332191380 -4.36297330204360 -3.64897859972769 5.12820202269162
2026-10-11T07:32:00.000 -2670.171757398730 4880.503277962020 3906.728208975370 -3.69429493665746 -5.30910936721040 4.09955796437716
2026-10-11T07:36:00.000 -3449.182146091200 3444.696677607170 4736.524017791690 -2.75802090459484 -6.58293399054887 2.77331189781696
2026-10-11T07:40:00.000 -3978.023411969010 1759.031812658640 5221.800555246390 -1.62223632257282 -7.37871035112691 1.24606703727960
2026-10-11T07:44:00.000 -4218.441237257740 -54.169650845025 5327.393860887380 -0.36904489159486 -7.63934061010638 -0.37149880675076
2026-10-11T07:48:00.000 -4152.992508009750 -1863.429038802350 5045.616014167230 0.91123150091299 -7.34601457352181 -1.96244010406776
2026-10-11T07:52:00.000 -3786.285937158600 -3537.492585960930 4396.790223427860 2.12620336150140 -6.51942415829834 -3.41161038208443
2026-10-11T07:56:00.000 -3144.710232407950 -4954.720619816020 3427.863175196500 3.18783999888457 -5.21859134507039 -4.61360192906879
2026-10-11T08:00:00.000 -2274.629068215590 -6011.899727464120 2209.150022921730 4.01870495152280 -3.53725409102905 -5.48030590692361
2026-10-11T08:04:00.000 -1239.130856033130 -6631.881328597210 829.331388912820 4.55779410019039 -1.59756502645400 -5.94780165289429
2026-10-11T08:08:00.000 -113.476545026839 -6769.382827278890 -610.995034319150 4.76536081155806 0.45866779075209 -5.98139492423526
2026-10-11T08:12:00.000 1020.443924459840 -6414.465346956500 -2006.751542302430 4.62630781571120 2.48069737767526 -5.57874108911152
2026-10-11T08:16:00.000 2080.204075989920 -5593.247044626910 -3256.218208274400 4.15124553147151 4.32072229274152 -4.76993418783620
2026-10-11T08:20:00.000 2988.922703142740 -4365.836394840430 -4268.552984114870 3.37542838227417 5.84507774569656 -3.61487670014119
2026-10-11T08:24:00.000 3680.856884113280 -2821.729936502030 -4970.388550653520 2.35577299541106 6.94397746157373 -2.19830101613690
2026-10-11T08:28:00.000 4106.080013369190 -1073.140088646350 -5311.029993134220 1.16633422581139 7.53894317691230 -0.62324026790687
2026-10-11T08:32:00.000 4233.959364629440 753.170598025782 -5265.962742424970 -0.10713207953326 7.58780666986404 0.99648267197619
2026-10-11T08:36:00.000 4055.260211036870 2524.941051070370 -4838.500543124430 -1.37306688107911 7.08715248641560 2.54409483868385
2026-10-11T08:40:00.000 3582.801782582190 4113.792465140340 -4059.545497136240 -2.54029471495258 6.07259805990349 3.90778124940174
2026-10-11T08:44:00.000 2850.609359110280 5404.392783330340 -2985.460782498010 -3.52431708047406 4.61669046330896 4.98844496624267
2026-10-11T08:48:00.000 1911.574306478290 6302.819319734350 -1694.138123780340 -4.25339326901556 2.82432526372068 5.70691193712393
2026-10-11T08:52:00.000 833.719708145149 6743.515161163890 -279.446407823287 -4.67397818498828 0.82558005927433 6.01010995649901
2026-10-11T08:56:00.000 -304.703569702665 6694.248259822400 1155.596765901900 -4.75501747927052 -1.23362929906311 5.87542830581721
2026-10-11T09:00:00.000 -1420.988121732210 6158.597379053140 2506.436513564750 -4.49065311005610 -3.20278218078216 5.31277052941460
2026-10-11T09:04:00.000 -2434.082169781930 5175.642567047570 3674.728297742150 -3.90040113428417 -4.93840427549239 4.36358403312229
2026-10-11T09:08:00.000 -3270.513643288990 3816.992246673660 4575.542387448140 -3.02749369738916 -6.31456221863598 3.09748122840691
2026-10-11T09:12:00.000 -3869.711204984240 2181.444194757130 5143.513141065400 -1.93550699083716 -7.23195689697250 1.60682876302908
2026-10-11T09:16:00.000 -4188.329016472180 387.721695533470 5337.483847426340 -0.70349844883312 -7.62475267825796 -0.00025819892920
2026-10-11T09:20:00.000 -4203.284384878460 -1434.102784927190 5143.369070514250 0.57971195676863 -7.46469355866388 -1.60759266902504
2026-10-11T09:24:00.000 -3913.381160131890 -3151.890200313870 4575.145109847680 1.82158990838357 -6.76292952650466 -3.09887167336445
2026-10-11T09:28:00.000 -3339.441754424970 -4640.877482644470 3673.903372121620 2.93226426209507 -5.56947238805936 -4.36576316317662
2026-10-11T09:32:00.000 -2522.901802478970 -5792.685459331870 2505.008322850650 3.83084601651409 -3.97014384120827 -5.31555825053481
2026-10-11T09:36:00.000 -1522.927875053540 -6523.302340686320 1153.474991976990 4.45145313405537 -2.08100054809005 -5.87831316154215
2026-10-11T09:40:00.000 -412.158972422402 -6779.380503038490 -282.202271060076 4.74842764639634 -0.03993907390886 -6.01238489400143
2026-10-11T09:44:00.000 728.612773903031 -6542.284710132230 -1697.292886221810 4.69996228488624 2.00347792222609 -5.70785612593271
2026-10-11T09:48:00.000 1816.432722970320 -5829.518880179010 -2988.632177170080 4.30996258736252 3.89969008547016 -4.98758585028556
2026-10-11T09:52:00.000 2772.337385890240 -4693.307060509850 -4062.279784724270 3.60750843871684 5.51072232521469 -3.90501774396932
2026-10-11T09:56:00.000 3527.124621945020 -3216.566204220700 -4840.370040987100 2.64427164124298 6.72032337085241 -2.53973496788082
2026-10-11T10:00:00.000 4026.298320045360 -1506.686008865470 -5266.659218703350 1.49035875772052 7.44193546963109 -0.99120161474432
2026-10-11T10:04:00.000 4233.891230857070 312.320159968991 -5310.437928352610 0.22911826088813 7.62431038063835 0.62853410860245
2026-10-11T10:08:00.000 4134.939013596910 2108.711707885630 -4968.618594466890 -1.04877662117863 7.25460651303941 2.20267559852741
2026-10-11T10:12:00.000 3736.515922237110 3752.366618189200 -4265.920869529140 -2.25137269320110 6.35910840203476 3.61759637680413
2026-10-11T10:16:00.000 3067.288142303250 5124.044402384700 -3253.170694077280 -3.29174458973394 5.00175208572691 4.77065348568283
2026-10-11T10:20:00.000 2175.558935791770 6123.993362683370 -2003.766207188680 -4.09417734534099 3.28013412805912 5.57755349548242
2026-10-11T10:24:00.000 1125.882191948580 6679.300453862430 -608.477730376674 -4.59984781782145 1.31902556027182 5.97879598514358
2026-10-11T10:28:00.000 -5.582150278437 6749.381646895470 831.132632331155 -4.77152041904177 -0.73863355742843 5.94457690114227
2026-10-11T10:32:00.000 -1136.644205432330 6329.072242656870 2210.182674230410 -4.59651627555668 -2.74247495959932 5.47723961920902
2026-10-11T10:36:00.000 -2185.148801876060 5449.045378623130 3428.240283929900 -4.08782098696980 -4.54619498635869 4.61128758833266
2026-10-11T10:40:00.000 -3075.038726476480 4173.448093179760 4396.736381457160 -3.28284757253537 -6.01886979972289 3.41034281464325
2026-10-11T10:44:00.000 -3741.860366385070 2595.062338745110 5045.369655646430 -2.24024942193863 -7.05418007793304 1.96204529952682
2026-10-11T10:48:00.000 -4137.358491014090 828.487524817137 5327.114441633660 -1.03553647778524 -7.57765672962624 0.37153713791348
2026-10-11T10:52:00.000 -4232.889919580880 -998.151873575231 5221.532513354300 0.24434745682809 -7.55168554400053 -1.24609823433174
2026-10-11T10:56:00.000 -4021.440775256180 -2752.386264187920 4736.189021699250 1.50714565594883 -6.97783999714363 -2.77391062429988
2026-10-11T11:00:00.000 -3518.150268126540 -4306.846492981240 3906.149563012130 2.66156067184904 -5.89687064340995 -4.10100914709621
2026-10-11T11:04:00.000 -2759.316423697170 -5548.436662925190 2791.577042592640 3.62362225058909 -4.38637205240044 -5.13042155283412
2026-10-11T11:08:00.000 -1799.888900409840 -6386.629288304990 1473.492585039680 4.32286139082740 -2.55574657042389 -5.78642851321205
2026-10-11T11:12:00.000 -709.544148629160 -6760.233736301520 47.928358531804 4.70786478165829 -0.53857784767337 -6.02052518542602
2026-10-11T11:16:00.000 432.420551469721 -6642.031026354760 -1381.138434507470 4.75040033129842 1.51744271161154 -5.81545550309453
2026-10-11T11:20:00.000 1542.952447993010 -6040.818549583750 -2709.502242285900 4.44760430202389 3.46179344082353 -5.18659438869366
2026-10-11T11:24:00.000 2541.396092901650 -5000.697074949380 -3840.467413392220 3.82216489053503 5.15271455717862 -4.18069936777876
2026-10-11T11:28:00.000 3355.420994066500 -3597.648726075910 -4691.949242846730 2.92025104055830 6.46791542556282 -2.87191136735078
2026-10-11T11:32:00.000 3926.224521038130 -1933.787618070030 -5202.358019636340 1.80767728253121 7.31313916791471 -1.35576759654802
2026-10-11T11:36:00.000 4212.667265639240 -129.851133990396 -5334.899295305990 0.56491937101028 7.62827084460508 0.25788868188536
2026-10-11T11:40:00.000 4194.117922327830 1683.489112545860 -5080.085290592360 -0.71859286039507 7.39105169630845 1.85266373299163
2026-10-11T11:44:00.000 3871.871663099600 3374.914701408660 -4456.359258659550 -1.95060189676879 6.61837532246796 3.31351586699188
2026-10-11T11:48:00.000 3269.088297109260 4821.785076936700 -3508.822113876060 -3.04219390502258 5.36532000249569 4.53462544435920
2026-10-11T11:52:00.000 2429.237176450840 5918.955602822200 -2306.108050603510 -3.91407452874576 3.72183036605034 5.42691041003886
2026-10-11T11:56:00.000 1413.067501400760 6586.481863894780 -935.539685080964 -4.50245529153353 1.80676388682277 5.92472714299137
2026-10-11T12:00:00.000 294.267923477960 6775.603481380590 503.162193814037 -4.76403102336871 -0.24044738969199 5.99113378480382
2026-10-11T12:04:00.000 -845.913381134276 6472.462580031710 1905.199860259630 -4.67953979328855 -2.27026215033110 5.62106824501048
2026-10-11T12:08:00.000 -1924.657822971050 5699.159344025060 3168.453695108080 -4.25522698015489 -4.13447260885502 4.84175569233216
2026-10-11T12:12:00.000 -2863.675627335360 4512.073936536850 4201.020775267900 -3.52232624532388 -5.69746046421928 3.71052155512815
2026-10-11T12:16:00.000 -3594.923692027230 2997.597650098220 4927.917909742150 -2.53439751239432 -6.84623112061662 2.31009551502204
2026-10-11T12:20:00.000 -4065.481535808790 1265.723285526640 5296.439540628190 -1.36308501003027 -7.49819351780488 0.74222001515274
2026-10-11T12:24:00.000 -4241.275274894730 -557.933038995162 5279.852152911430 -0.09289775415570 -7.60643533979679 -0.87966671676968
2026-10-11T12:28:00.000 -4109.488195195340 -2341.118008748750 4879.275689693710 1.18456947289792 -7.16290577002115 -2.43825034357044
2026-10-11T12:32:00.000 -3679.496566145540 -3954.397419628710 4123.628122929720 2.37703809993731 -6.19901084632842 -3.82053380134090
2026-10-11T12:36:00.000 -2982.272687107700 -5280.447401470070 3067.643294068000 3.39787942327293 -4.78378216118500 -4.92568390004545
2026-10-11T12:40:00.000 -2068.262703385150 -6222.616663775390 1788.035019827220 4.17245821688634 -3.01949279121382 -5.67251886059422
2026-10-11T12:44:00.000 -1003.811218787240 -6712.119410721270 378.000256814023 4.64380850225091 -1.03471828081833 -6.00581091505065
2026-10-11T12:48:00.000 133.670127215122 -6713.253783384660 -1059.615306818950 4.77730498052138 1.02521491276495 -5.90095548518916
2026-10-11T12:52:00.000 1261.431634207620 -6226.089722427100 -2419.957594688190 4.56337360977821 3.00943644807230 -5.36591300543474
2026-10-11T12:56:00.000 2297.523119462620 -5286.415711265090 -3603.948619944350 4.01817881514023 4.77309107904331 -4.44051928703711
2026-10-11T13:00:00.000 3166.830856435350 -3962.948960478300 -4525.585555739480 3.18210013446749 6.18834121851808 -3.19312882769524
2026-10-11T13:04:00.000 3806.512550814940 -2352.105263719620 -5118.150479663890 2.11632775103801 7.15353276466780 -1.71502425534633
2026-10-11T13:08:00.000 4170.445068091470 -570.855578117524 -5338.898253866290 0.89811602071507 7.59994273423540 -0.11346055795266
2026-10-11T13:12:00.000 4232.418182209380 1251.733452335730 -5171.980236317640 -0.38481829543888 7.49599109497183 1.49597780684412
2026-10-11T13:16:00.000 3987.936273955570 2983.682973290040 -4629.501004181550 -1.64025979005428 6.84911696936630 2.99726270196423
2026-10-11T13:20:00.000 3454.553259227090 4499.462124510570 -3750.676214326550 -2.77772153704288 5.70535991297013 4.28177647755221
2026-10-11T13:24:00.000 2670.704805449530 5688.980116631200 -2599.135073028220 -3.71471942412307 4.14668795211962 5.25594736964220
2026-10-11T13:28:00.000 1693.051184114400 6465.621593409320 -1258.443751647720 -4.38282527647919 2.28565023296001 5.84826857177634
2026-10-11T13:32:00.000 592.450921906658 6772.691686520160 173.893389073464 -4.73293531164421 0.25753923015965 6.01488572096314
2026-10-11T13:36:00.000 -551.184793944980 6587.720262413570 1593.556015309290 -4.73924023029885 -1.78952809516825 5.74328291763459
2026-10-11T13:40:00.000 -1654.781256982110 5924.192086511220 2897.129199819100 -4.40135756474746 -3.70601151333487 5.05346402150645
2026-10-11T13:44:00.000 -2638.232198080520 4830.495395800070 3989.750171192990 -3.74419665107459 -5.35241791986029 3.99618202541914
2026-10-11T13:48:00.000 -3430.245017048530 3386.256253341180 4792.036094711220 -2.81581228788473 -6.60948679342168 2.64883975691735
2026-10-11T13:52:00.000 -3973.486627558500 1696.422870554030 5245.799193116420 -1.68371038139265 -7.38671146268305 1.10952010108463
2026-10-11T13:56:00.000 -4228.644041838540 -116.415535584216 5318.148310154240 -0.42962420283514 -7.62834184082508 -0.51033182944555
2026-10-11T14:00:00.000 -4177.168387277500 -1920.816472129080 5003.767536871860 0.85609880625135 -7.31674325407049 -2.09366522446315
2026-10-11T14:04:00.000 -3822.625396664200 -3585.841590674430 4325.317860639990 2.08060050574476 -6.47380408121554 -3.52574088836797
2026-10-11T14:08:00.000 -3190.509963617400 -4990.460951541420 3331.904240158210 3.15507081959375 -5.15976358649224 -4.70225897124950
2026-10-11T14:12:00.000 -2326.512829341860 -6032.346911698690 2095.647254877320 4.00106657404443 -3.46940224929567 -5.53692558981616
2026-10-11T14:16:00.000 -1293.304047614120 -6635.453297732120 706.540252626333 4.55645428802817 -1.52567791752886 -5.96808955492873
2026-10-11T14:20:00.000 -165.997795501999 -6755.757687299000 -734.115938116286 4.78037776650892 0.52919938380004 -5.96384507608520
2026-10-11T14:24:00.000 973.386943863886 -6384.601877456030 -2121.224952052460 4.65654767322686 2.54464007463945 -5.52468465768278
2026-10-11T14:28:00.000 2042.021391490340 -5549.305514164350 -3353.713511582010 4.19450527372518 4.37337352695382 -4.68338233845234
2026-10-11T14:32:00.000 2962.379554893500 -4311.008537927030 -4341.991009056750 3.42857424449672 5.88259241966963 -3.50218144995255
2026-10-11T14:36:00.000 3667.875324901700 -2760.000190396540 -5014.451469756980 2.41495590397749 6.96363167557457 -2.06770550438039
2026-10-11T14:40:00.000 4107.601644050040 -1008.990252765910 -5322.543896952050 1.22728012412523 7.53933407405316 -0.48424711667505
2026-10-11T14:44:00.000 4249.881457579000 815.087849461806 -5244.118466227150 -0.04879763714402 7.56893381440881 1.13378381183151
2026-10-11T14:48:00.000 4084.444218350270 2580.144817520260 -4784.905903519700 -1.32155665884204 7.05042437986128 2.66977359434878
2026-10-11T14:52:00.000 3623.148213069470 4158.294798162990 -3978.104289975970 -2.49935796766614 6.02068829588712 4.01274676943806
2026-10-11T14:56:00.000 2899.202194689210 5434.978688695950 -2882.094648640250 -3.49695210505811 4.55333047877456 5.06506523360993
2026-10-11T15:00:00.000 1964.899201600780 6317.277797443260 -1576.370348297140 -4.24155724309525 2.75411913424520 5.74955877346276
2026-10-11T15:04:00.000 887.924154003400 6740.823234016910 -155.860910397191 -4.67854822692171 0.75375560256450 6.01565543972133
2026-10-11T15:08:00.000 -253.552787998470 6674.650372987340 1275.998062117060 -4.77574266926087 -1.30183451366306 5.84351696738436
2026-10-11T15:12:00.000 -1376.609111926650 6123.562449065780 2614.892170223200 -4.52600880079525 -3.26242821175863 5.24574539508599
2026-10-11T15:16:00.000 -2399.696703272280 5127.765780828360 3763.353348765510 -3.94782630196351 -4.98511754120985 4.26637855752516
2026-10-11T15:20:00.000 -3248.628073493220 3759.801618811790 4637.913678204680 -3.08360729632949 -6.34501887875854 2.97724410883529
2026-10-11T15:24:00.000 -3861.931526047290 2119.113406284470 5175.119275708550 -1.99621493294094 -7.24408655254966 1.47223787412599
2026-10-11T15:28:00.000 -4195.225219964630 324.774622059675 5336.030798747070 -0.76433137423739 -7.61774034579748 -0.13948923378248
2026-10-11T15:32:00.000 -4224.339390535030 -1493.112171555770 5108.946887355130 0.52330159356288 -7.43908547864987 -1.74145262012357
2026-10-11T15:36:00.000 -3947.013332594820 -3202.683894849780 4510.209331091860 1.77384533923115 -6.72045620607689 -3.21775186692843
2026-10-11T15:40:00.000 -3383.134637132240 -4679.728502782890 3583.113632043900 2.89666623832753 -5.51300493733273 -4.46099839881262
2026-10-11T15:44:00.000 -2573.419309158320 -5816.695882749240 2394.920243489550 3.80990753803894 -3.90367395639212 -5.38014395965267
2026-10-11T15:48:00.000 -1576.558430654920 -6530.630938926580 1032.072055604220 4.44658594871428 -2.00930369098607 -5.90741251818265
2026-10-11T15:52:00.000 -464.994487238417 -6769.404788440920 -406.075894973662 4.75986376114031 0.03165109810693 -6.00374108674181
2026-10-11T15:56:00.000 680.402215497296 -6515.678976788390 -1814.601655732100 4.72683044386628 2.06961911054756 -5.66213504533242
2026-10-11T16:00:00.000 1776.335235863000 -5788.186672123550 -3090.828504655450 4.35029154646272 3.95550801052962 -4.90814834096122
2026-10-11T16:04:00.000 2743.250323999770 -4640.236238418170 -4141.925521456260 3.65837392402947 5.55212739940836 -3.79768786453661
2026-10-11T16:08:00.000 3511.146153731580 -3155.600591535450 -4891.675397967220 2.70197900350738 6.74430660084955 -2.41233850461571
2026-10-11T16:12:00.000 4024.574619697850 -1442.241834886130 -5285.897144235050 1.55071312996042 7.44676555616208 -0.85299656243353
2026-10-11T16:16:00.000 4246.529116774340 375.575383689933 -5296.207642778040 0.28771372135815 7.60962555364033 0.76753725772028
2026-10-11T16:20:00.000 4161.001858012470 2166.190124609730 -4921.943346879440 -0.99617587512642 7.22144428365855 2.33240165977578
2026-10-11T16:24:00.000 3774.095716830500 3799.895855772420 -4190.175397587270 -2.20858454908729 6.30986176819743 3.72864960181840
2026-10-11T16:28:00.000 3113.638726042600 5158.165700298540 -3153.834631255600 -3.26188775148676 4.93993024407192 4.85498462320168
2026-10-11T16:32:00.000 2227.298380474240 6142.203710687800 -1888.039380947330 -4.07939687908686 3.21017032074705 5.62896280666779
2026-10-11T16:36:00.000 1179.244348283380 6680.247597326730 -484.773562038046 -4.60117795526788 1.24601827530042 5.99344107786179
2026-10-11T16:40:00.000 45.529873064606 6732.983942935880 953.799830614982 -4.78882639729223 -0.80926057417347 5.92134499592422
2026-10-11T16:44:00.000 -1091.491957761190 6296.537994113820 2322.876740755170 -4.62858450882058 -2.80550095770747 5.41788193897173
2026-10-11T16:48:00.000 -2149.243989351730 5402.758624620590 3522.762789726050 -4.13233751985574 -4.59707192450956 4.52013760405168
2026-10-11T16:52:00.000 -3050.992968850870 4116.792433159700 4466.214407866280 -3.33655044148032 -6.05387275847592 3.29407399557561
2026-10-11T16:56:00.000 -3731.421006914760 2532.177116039840 5084.766306466950 -2.29924790929797 -7.07078572332533 1.82917235356490
2026-10-11T17:00:00.000 -4141.289731778310 763.950112644354 5333.585090818330 -1.09556133115414 -7.57474652814970 0.23168406319148
2026-10-11T17:04:00.000 -4250.910122174780 -1059.659258753620 5194.608633482520 0.18769062165824 -7.52950109704031 -1.38284120788245
2026-10-11T17:08:00.000 -4052.230379917940 -2806.404325875580 4677.817788600290 1.45805717358566 -6.93798474828242 -2.89763455818838
2026-10-11T17:12:00.000 -3559.441549536650 -4349.450231414870 3820.560800704450 2.62367527129985 -5.84217740511445 -4.20271342615204
2026-10-11T17:16:00.000 -2808.068939144730 -5576.511792594990 2684.981366346350 3.59970247904594 -4.32071869939598 -5.20269399619634
2026-10-11T17:20:00.000 -1852.523306019560 -6398.100341931700 1353.640359327250 4.31462671458077 -2.48387222823333 -5.82394185065920
2026-10-11T17:24:00.000 -762.205842713929 -6754.227283928040 -76.448575094699 4.71586120768108 -0.46570134166095 -6.02047127831656
2026-10-11T17:28:00.000 383.571987656879 -6618.953700382270 -1500.960365616300 4.77397618072726 1.58593019717603 -5.77778419022391
2026-10-11T17:32:00.000 1501.469303845620 -6002.346045823570 -2816.022723866860 4.48503639340863 3.52081019902178 -5.11411222396853
2026-10-11T17:36:00.000 2510.297217648620 -4949.634892034500 -3925.925958129150 3.87074083527760 5.19797773178471 -4.07874582047995
2026-10-11T17:40:00.000 3336.969480921240 -3537.708954323030 -4750.128523409910 2.97642090009094 6.49619193867359 -2.74792490165199
2026-10-11T17:44:00.000 3921.755534531160 -1869.312533169670 -5229.023145929220 1.86730485221085 7.32243178881428 -1.21872720708244
2026-10-11T17:48:00.000 4222.483743197690 -65.505116092836 -5328.091597554450 0.62359728465044 7.61790410987995 0.39810113987970
2026-10-11T17:52:00.000 4217.466115524510 1743.041774149300 -5040.260017186580 -0.66520113801541 7.36169803618733 1.98592721329154
2026-10-11T17:56:00.000 3907.005483304130 3425.333037567150 -4386.360933797940 -1.90637390388287 6.57206176783401 3.43015659965750
2026-10-11T18:00:00.000 3313.409666850930 4859.372472518950 -3413.689181013810 -3.01032406826207 5.30534716138784 4.62616260495205
2026-10-11T18:04:00.000 2479.483263119050 5940.928516845470 -2192.708260487000 -3.89686976666898 3.65245731097461 5.48665451771068
2026-10-11T18:08:00.000 1465.551661600120 6591.168696156210 -812.087687595847 -4.50110943088668 1.73296216712726 5.94821800360282
2026-10-11T18:12:00.000 345.159826476976 6762.585501300850 627.689457510417 -4.77854918306857 -0.31326319833751 5.97653177063486
2026-10-11T18:16:00.000 -800.307801358926 6442.634861987720 2021.724186619720 -4.70879965363573 -2.33664288524929 5.56938739947877
2026-10-11T18:20:00.000 -1887.642441576720 5654.677564318650 3268.480273766270 -4.29712609739088 -4.18945478651510 4.75680829384569
2026-10-11T18:24:00.000 -2837.940509541770 4456.177517659440 4277.271385899220 -3.57386084926638 -5.73702043237410 3.59855709422368
2026-10-11T18:28:00.000 -3582.344005615280 2934.355901736080 4974.857501723210 -2.59181681251531 -6.86750885933935 2.17929496077782
2026-10-11T18:32:00.000 -4066.972589616520 1199.740265592860 5310.671065164360 -1.42221705684660 -7.49961852065063 0.60212781803361
2026-10-11T18:36:00.000 -4256.739595948810 -621.855728329278 5260.366138646350 -0.14950452745554 -7.58796020509450 -1.01884653663208
2026-10-11T18:40:00.000 -4137.820309090080 -2398.343598185760 4827.507983089990 1.13460345883334 -7.12591197803602 -2.56644373332256
2026-10-11T18:44:00.000 -3718.652139406800 -4000.780183835110 4043.358028453450 2.33736308630775 -6.14620063404254 -3.92840918514808
2026-10-11T18:48:00.000 -3029.415175674340 -5312.632633310810 2964.727408602130 3.37140566827529 -4.71900570687705 -5.00536144319140
2026-10-11T18:52:00.000 -2119.970815006570 -6238.290531742460 1669.987462782750 4.16112257323013 -2.94752687695430 -5.71816588851120
2026-10-11T18:56:00.000 -1056.325633707440 -6710.185795455260 253.438668037475 4.64847354605685 -0.96085138190113 -6.01412185587786
2026-10-11T19:00:00.000 84.174949023296 -6693.904775960900 -1181.602983472010 4.79764844081769 1.09557606580387 -5.87132923422495
2026-10-11T19:04:00.000 1218.565869649020 -6190.800269938250 -2530.477532526140 4.59794764888864 3.07109246626053 -5.30057951320765
2026-10-11T19:08:00.000 2264.426797324760 -5237.828456188490 -3694.968420333340 4.06452483089234 4.82159078523397 -4.34436152165790
2026-10-11T19:12:00.000 3145.942326304070 -3904.652948650800 -4590.516495978390 3.23686680478193 6.22027760477630 -3.07321268014240
2026-10-11T19:16:00.000 3799.383596263720 -2288.361800786470 -5152.308225703370 2.17551272247748 7.16674034726351 -1.58004902124276
2026-10-11T19:20:00.000 4177.612060030900 -506.289079069752 -5339.818795783710 0.95731770438437 7.59355720902875 0.02687362038102
2026-10-11T19:24:00.000 4253.352545192580 1312.446542328700 -5139.585857286670 -0.33000809120904 7.47044869427439 1.63159167508386
2026-10-11T19:28:00.000 4021.086205479810 3036.128271335390 -4566.112412573990 -1.59390052499103 6.80615942192290 3.11835845069118
2026-10-11T19:32:00.000 3497.469414863780 4539.797727685110 -3660.863067640640 -2.74318999859249 5.64800666094986 4.37953789866986
2026-10-11T19:36:00.000 2720.228374776970 5714.225288890410 -2489.391894740390 -3.69452817687429 4.07904182148223 5.32325130089883
2026-10-11T19:40:00.000 1745.541642996200 6473.874451618500 -1136.721496370810 -4.37843753761415 2.21254175537472 5.88016869745127
2026-10-11T19:44:00.000 644.060736025318 6763.265634831990 298.753354163132 -4.74460560347787 0.18422472409227 6.00895197690956
2026-10-11T19:48:00.000 -504.222334553603 6561.213317685500 1712.455995891040 -4.76604900831022 -1.85767176257184 5.69984233187496
2026-10-11T19:52:00.000 -1615.877324113800 5882.460706106890 3001.388031638720 -4.44127858642234 -3.76394404528320 4.97563646221927
2026-10-11T19:56:00.000 -2610.195786071360 4776.530397787710 4071.749333826020 -3.79428994093844 -5.39578983790607 3.88965985416766
2026-10-11T20:00:00.000 -3415.097815085440 3323.960774867130 4845.791593284870 -2.87247443691655 -6.63511875392353 2.52143860666281
2026-10-11T20:04:00.000 -3972.314717338290 1630.302425981130 5267.386740620170 -1.74278921374002 -7.39275192366723 0.97048294559177
2026-10-11T20:08:00.000 -4241.510003159080 -181.566826381931 5305.976088970650 -0.48682569902687 -7.61425749435937 -0.65089740748874
2026-10-11T20:12:00.000 -4203.126365480890 -1980.258743508600 4958.709653460410 0.80485996266147 -7.28355300341458 -2.22546878715056
2026-10-11T20:16:00.000 -3859.786833763330 -3635.256578927360 4250.647783563190 2.03904347374639 -6.42393661106763 -3.63919338618114
2026-10-11T20:20:00.000 -3236.176066190580 -5026.260310756620 3233.056348313970 3.12619001982056 -5.09686660561585 -4.78905274674677
2026-10-11T20:24:00.000 -2377.370795622600 -6051.941841319110 1979.826728602840 3.98694060210000 -3.39810133320852 -5.59070323569869
2026-10-11T20:28:00.000 -1345.669107079980 -6637.451081338590 582.193167919300 4.55809952818340 -1.45124507295459 -5.98493535951718
2026-10-11T20:32:00.000 -216.074773332060 -6740.067043081570 -857.924205480160 4.79768946643571 0.60124694168442 -5.94254380828589
2026-10-11T20:36:00.000 929.235341260760 -6352.443831372720 -2235.477817019240 4.68832136078095 2.60897105596461 -5.46685700786491
2026-10-11T20:40:00.000 2007.017245706300 -5503.115056970420 -3450.112263206310 4.23851225125432 4.42527031686624 -4.59335695837001
2026-10-11T20:44:00.000 2939.102815785580 -4254.234172086770 -4413.567062754470 3.48170870467135 5.91838835290066 -3.38662770247848
2026-10-11T20:48:00.000 3658.066324667240 -2696.820874689030 -5056.059204639930 2.47336271962788 6.98091448194919 -1.93504179167085
2026-10-11T20:52:00.000 4112.015005171680 -944.007717756391 -5331.208653733370 1.28665607281056 7.53700901068668 -0.34403750611397
2026-10-11T20:56:00.000 4268.216867057220 877.169407179618 -5219.228886870070 0.00711253978822 7.54722602984635 1.27151535068797
2026-10-11T21:00:00.000 4115.359395418640 2634.825882774250 -4728.252223826530 -1.27329005049858 7.01081323279557 2.79513985972396
2026-10-11T21:04:00.000 3664.365953272980 4201.581804965200 -3893.768858739930 -2.46229445511813 5.96590427530863 4.11664865808012
2026-10-11T21:08:00.000 2947.693935283220 5463.675380491880 -2776.179636526950 -3.47376482881104 4.48726553230079 5.13988051488939
2026-10-11T21:12:00.000 2017.111209985320 6329.239269249200 -1456.564992558940 -4.23393679085526 2.68157389413130 5.78978744403119
2026-10-11T21:16:00.000 940.028037050992 6735.114602380940 -30.873060355132 -4.68705915371462 0.67993353463123 6.01833444989896
2026-10-11T21:20:00.000 -205.371023292283 6651.608501711840 1397.063606004180 -4.79970869315125 -1.37156142413968 5.80834052480131
2026-10-11T21:24:00.000 -1335.865990541030 6084.796080960030 2723.197328951310 -4.56364519871942 -3.32292977278741 5.17523337379441
2026-10-11T21:28:00.000 -2369.356132633450 5076.038551719250 3850.985350036290 -3.99633692442851 -5.03196063249855 4.16566500814554
2026-10-11T21:32:00.000 -3230.881056709760 3698.829065314270 4698.462113163300 -3.13939562914657 -6.37472851462788 2.85364746379238
2026-10-11T21:36:00.000 -3858.044933294710 2053.302398923470 5204.152303592700 -2.05522617415144 -7.25445460918781 1.33481360956862
2026-10-11T21:40:00.000 -4205.457984396990 258.885759124128 5331.413891984890 -0.82225716393663 -7.60800636851077 -0.28078033674369
2026-10-11T21:44:00.000 -4247.920448591870 -1554.297787225930 5070.983240564910 0.47065603973802 -7.40984532106766 -1.87634304416008
2026-10-11T21:48:00.000 -3982.217857563940 -3254.706415163160 4441.640326959100 1.73020921303708 -6.67381186450182 -3.33633349632707
2026-10-11T21:52:00.000 -3427.407858225760 -4718.802824692140 3488.928327418320 2.86519393039916 -5.45241316499375 -4.55457629346531
2026-10-11T21:56:00.000 -2623.547835337920 -5839.991682323990 2281.984872715650 3.79288517437885 -3.83359600302541 -5.44185334044923
2026-10-11T22:00:00.000 -1628.902888892650 -6536.483653933690 908.629835208456 4.44525305476520 -1.93493341824045 -5.93272021100556
2026-10-11T22:04:00.000 -515.754063756865 -6757.448607684670 -531.012848963977 4.77433078434917 0.10475844715752 -5.99082310458555
2026-10-11T22:08:00.000 634.922428313413 -6486.875911958950 -1931.925285679720 4.75610768191003 2.13603061376025 -5.61201686754400
2026-10-11T22:12:00.000 1739.464611635320 -5744.741212825430 -3192.011682880530 4.39232515565879 4.01037865444600 -4.82460746035462
2026-10-11T22:16:00.000 2717.704225196400 -4585.411655473490 -4219.649528338900 3.71014356260544 5.59151909056525 -3.68695037085753
2026-10-11T22:20:00.000 3498.829386146690 -3093.466452878620 -4940.360811126060 2.75979225368258 6.76549690006584 -2.28257562827210
2026-10-11T22:24:00.000 4026.441050578000 -1377.350425045390 -5302.087121290980 1.61036319441903 7.44844255576623 -0.71359648148081
2026-10-11T22:28:00.000 4262.489620798080 438.515592148838 -5278.781458530300 0.34477973579251 7.59180008804646 0.90659020464254
2026-10-11T22:32:00.000 4189.917451771760 2222.629683172300 -4872.184233332560 -0.94596274570315 7.18541306979450 2.46117175742063
2026-10-11T22:36:00.000 3813.857488795690 3845.739246874970 -4111.682476670150 -2.16897630702203 6.25809876673490 3.83786942543710
2026-10-11T22:40:00.000 3161.334706095960 5190.049949709060 -3052.292519051170 -3.23577895727131 4.87606780552889 4.93665421831751
2026-10-11T22:44:00.000 2279.441392406200 6157.761906139700 -1770.827012765030 -4.06866447152083 3.13880956278319 5.67706804430894
2026-10-11T22:48:00.000 1232.032957890350 6678.299076296000 -360.425642213935 -4.60656366794557 1.17239158168038 6.00443396901276
2026-10-11T22:52:00.000 95.117297159500 6713.633804559580 1076.224051493890 -4.80995851508671 -0.87976154218113 5.89441897968420
2026-10-11T22:56:00.000 -1048.721760886280 6261.159633376250 2434.456204327640 -4.66390660349593 -2.86774888263151 5.35498671284008
2026-10-11T23:00:00.000 -2116.402552419600 5353.895249159980 3615.365655291620 -4.17924793606379 -4.64651092818977 4.42586300637152
2026-10-11T23:04:00.000 -3030.468452746650 4057.970899538290 4533.091462532750 -3.39165590628048 -6.08691820454704 3.17526932763045
2026-10-11T23:08:00.000 -3724.706360122340 2467.644846340760 5121.032278398920 -2.35851412170553 -7.08503096462647 1.69443974558892
2026-10-11T23:12:00.000 -4148.864719591040 698.377461349586 5336.579236229460 -1.15464218673004 -7.56911604766681 0.09085169513721
2026-10-11T23:16:00.000 -4272.208656568490 -1121.520452914830 5164.097170845800 0.13310878034152 -7.50438465110661 -1.51952316163023
2026-10-11T23:20:00.000 -4085.688217276920 -2860.060774160000 4616.001879633320 1.41191612199868 -6.89513513554475 -3.02022186933211
2026-10-11T23:24:00.000 -3602.626647364980 -4390.992029805780 3731.926736750960 2.58923544985367 -5.78469327515412 -4.30223331929681
2026-10-11T23:28:00.000 -2857.861346210410 -5602.917416404170 2575.982839652830 3.57941640178770 -4.25285508202266 -5.27183021395840
2026-10-11T23:32:00.000 -1905.327843845880 -6407.473196740820 1232.229386406890 4.30996718573794 -2.41068836358876 -5.85760726468283
2026-10-11T23:36:00.000 -814.204069852297 -6745.942508906910 -201.411055106396 4.72720735369105 -0.39265743285384 -6.01622954210625
2026-10-11T23:40:00.000 336.151064582829 -6593.699983591610 -1620.366723321810 4.80055171949925 1.65341790295563 -5.73602624106478
2026-10-11T23:44:00.000 1462.078447861550 -5962.064411970000 -2921.194840079120 4.52498355682827 3.57778964096872 -5.03799915786645
2026-10-11T23:48:00.000 2481.825115720730 -4897.359709029050 -4009.253740634400 3.92124114654151 5.24035459288107 -3.97395544368154
2026-10-11T23:52:00.000 3321.528225213660 -3477.320819859160 -4805.617662803660 3.03384881456660 6.52103510172599 -2.62214582189003
2026-10-11T23:56:00.000 3920.514270501780 -1805.246069485950 -5252.712591557610 1.92748795766377 7.32808669246625 -1.08112478834180
2026-10-12T00:00:00.000 4235.575672138970 -2.421069104275 -5318.325085145910 0.68211724434418 7.60413050893303 0.53762610116935
2026-10-12T00:04:00.000 4243.966019721260 1800.581318798720 -4997.776630863460 -0.61268886266171 7.32954574736887 2.11740595936763
2026-10-12T00:08:00.000 3944.988501862180 3473.165793742750 -4314.239361640170 -1.86379546374616 6.52379190453587 3.54417622500497
2026-10-12T00:12:00.000 3360.094071041600 4894.007686471300 -3317.139186683320 -2.98083486511084 5.24427602390396 4.71445761276691
2026-10-12T00:16:00.000 2531.453067655220 5959.795455339650 -2078.731465722380 -3.88257309604300 3.58293150295619 5.54267283951575
2026-10-12T00:20:00.000 1519.018419832360 6592.841623968690 -688.982814637055 -4.50300212071766 1.66009337018008 5.96779545601454
2026-10-12T00:24:00.000 396.233989330948 6746.905375301210 750.950488413757 -4.79646812226272 -0.38411757215150 5.95825256780360
2026-10-12T00:28:00.000 -755.335042817172 6410.713639457560 2136.163770977340 -4.74141520652814 -2.40029938572819 5.51460987002691
2026-10-12T00:32:00.000 -1852.033878454770 5608.812595016660 3365.769264598070 -4.34206722515692 -4.24128913860280 4.66953521641869
2026-10-12T00:36:00.000 -2814.276710050340 4399.679565995320 4350.325054763550 -3.62785966876314 -5.77323441024412 3.48510338615475
2026-10-12T00:40:00.000 -3572.344452253370 2871.320165747190 5018.355235329130 -2.65099897323885 -6.88545399478681 2.04795348452239
2026-10-12T00:44:00.000 -4071.371556462660 1134.728486741130 5321.441960495940 -1.48228080369989 -7.49804146414075 0.46239620529794
2026-10-12T00:48:00.000 -4275.215683692790 -684.139111215521 5237.605360889220 -0.20602464752740 -7.56692877837706 -1.15683361959104
2026-10-12T00:52:00.000 -4169.018434279170 -2453.379101949200 4772.854172995030 1.08575178497743 -7.08691046428904 -2.69260486048425
2026-10-12T00:56:00.000 -3760.293888695430 -4044.567554619000 3960.777891800170 2.29970845354516 -6.09203838836887 -4.03354124063234
2026-10-12T01:00:00.000 -3078.471003268260 -5341.984929748650 2860.224838228190 3.34764602198277 -4.65360926912915 -5.08179215765469
2026-10-12T01:04:00.000 -2172.881806631940 -6251.071505271980 1551.173124663980 4.15294637869728 -2.87568912374891 -5.76025930107398
2026-10-12T01:08:00.000 -1109.259575453730 -6705.483828856910 128.979733847179 4.65645838740528 -0.88790941408207 -6.01877739822382
2026-10-12T01:12:00.000 35.051836656319 -6672.110608427830 -1302.627601477130 4.82123782724589 1.16417957646982 -5.83824375905243
2026-10-12T01:16:00.000 1176.823126285240 -6153.572160125230 -2639.256414226460 4.63549525284234 3.13032009636120 -5.23225717210572
2026-10-12T01:20:00.000 2233.111331293990 -5187.949192750610 -3783.604966542270 4.11335182204484 4.86715485209619 -4.24587549819657
2026-10-12T01:24:00.000 3127.355787531400 -3845.809640008670 -4652.602630871010 3.29346891732588 6.24898541689877 -2.95179901099928
2026-10-12T01:28:00.000 3794.905680578060 -2224.858121991950 -5183.371903967860 2.23575878739721 7.17665325062512 -1.44450788573097
2026-10-12T01:32:00.000 4187.587077891790 -442.738885236363 -5337.628979841850 1.01676507644884 7.58403816127198 0.16676507017749
2026-10-12T01:36:00.000 4277.057115438510 1371.440378713710 -5104.308656263890 -0.27575354436821 7.44222993835876 1.76577144465933
2026-10-12T01:40:00.000 4056.781190602670 3086.292877238550 -4500.286855053820 -1.54885772982118 6.76122877011988 3.23721138279964
2026-10-12T01:44:00.000 3542.527586166810 4577.475779841180 -3569.225928890630 -2.71069088316475 5.58948969397391 4.47447129078209
2026-10-12T01:48:00.000 2771.333505277520 5736.627482854770 -2378.557824088910 -3.67693095308284 4.01101123297963 5.38729009016347
2026-10-12T01:52:00.000 1798.954192137320 6479.292369336070 -1014.734302235040 -4.37690558661045 2.13992032978631 5.90847571827981
2026-10-12T01:56:00.000 695.895817490211 6751.247201147850 423.004277697822 -4.75919716308775 0.11245053535638 5.99939915041895
2026-10-12T02:00:00.000 -457.726763054412 6532.604573996200 1829.917832196310 -4.79567927417267 -1.92329922098910 5.65316904628409
2026-10-12T02:04:00.000 -1578.091268682590 5839.331607919540 3103.510209909230 -4.48379444266449 -3.81856915031818 4.89527465058980
2026-10-12T02:08:00.000 -2583.862389336680 4722.018295278810 4151.108343931260 -3.84663512855081 -5.43543687549151 3.78148569505243
2026-10-12T02:12:00.000 -3402.136044737570 3262.034007733220 4896.624415873770 -2.93088227971510 -6.65688298044495 2.39335666066179
2026-10-12T02:16:00.000 -3973.679267952550 1565.467217412000 5286.018122957720 -1.80304708040632 -7.39508735245791 0.83185938489608
2026-10-12T02:20:00.000 -4257.123700822240 -244.608783223305 5291.074589906850 -0.54457934253636 -7.59708158015562 -0.79002872646245
2026-10-12T02:24:00.000 -4231.871048768760 -2036.946260716340 4911.362349341440 0.75386066828033 -7.24808240954571 -2.35506541634906
2026-10-12T02:28:00.000 -3899.584145849630 -3681.477112427480 4174.302044281070 1.99849732010770 -6.37272124857996 -3.74976776309749
2026-10-12T02:32:00.000 -3284.145303984150 -5058.664441890080 3133.280112704330 3.09905320503863 -5.03365105257506 -4.87253342738684
2026-10-12T02:36:00.000 -2430.034143882180 -6068.190776475910 1863.901810307140 3.97520326111890 -3.32752249908089 -5.64096206215110
2026-10-12T02:40:00.000 -1399.202579975600 -6636.395452828640 458.589281143441 4.56263149357145 -1.37851783948751 -5.99827604505249
2026-10-12T02:44:00.000 -266.587860894233 -6721.838711257790 -980.178433358524 4.81817822687540 0.67073918262460 -5.91803479344176
2026-10-12T02:48:00.000 885.419689126660 -6318.442287955480 -2347.468286516440 4.72330981203940 2.67011799585363 -5.40637984683893
2026-10-12T02:52:00.000 1973.097115033190 -5455.890223623540 -3543.700820017950 4.28548844739320 4.47365923871383 -4.50143997233771
2026-10-12T02:56:00.000 2917.562716723610 -4197.280195564420 -4481.979295021270 3.53727181988775 5.95059842676098 -3.27003097514841
2026-10-12T03:00:00.000 3650.493788441590 -2634.312423722500 -5094.362002707050 2.53348622572207 6.99473459321528 -1.80225006200180
2026-10-12T03:04:00.000 4118.980791939420 -880.489999415616 -5336.646871212300 1.34693231043120 7.53156218240028 -0.20460676291321
2026-10-12T03:08:00.000 4289.218227583240 937.095888553849 -5191.407466599170 0.06307290951403 7.52291928450172 1.40757251382100
2026-10-12T03:12:00.000 4148.855967812970 2686.814596272810 -4669.171142353200 -1.22576913920725 6.96936932011286 2.91800362167168
2026-10-12T03:16:00.000 3707.894121521410 4241.849143746580 -3807.682440546890 -2.42673793984642 5.91024055110654 4.21746007685392
2026-10-12T03:20:00.000 2998.049346131600 5489.259458150500 -2669.299124377560 -3.45277339449190 4.42129581444450 5.21128747454643
2026-10-12T03:24:00.000 2070.597106600680 6338.216574256440 -1336.627415284920 -4.22898164513803 2.60998718437277 5.82649942973192
2026-10-12T03:28:00.000 992.744538402966 6726.758879693430 93.402774010813 -4.69836692312112 0.60798714655043 6.01754023052581
2026-10-12T03:32:00.000 -157.242317939627 6626.482112172160 1516.625445036130 -4.82639490157196 -1.43849880539668 5.77009521940542
2026-10-12T03:36:00.000 -1295.803851330260 6044.708902014460 2829.341460007370 -4.60377387502909 -3.37988972792100 5.10235287415469
2026-10-12T03:40:00.000 -2340.258936769030 5023.909462163150 3935.993239494070 -4.04703094551757 -5.07473244296104 4.06349729722143
2026-10-12T03:44:00.000 -3214.859967808670 3638.462635028970 4756.166126031430 -3.19702075635784 -6.40017914821179 2.72968213627431
2026-10-12T03:48:00.000 -3856.276813314930 1989.101247196200 5230.383535023570 -2.11565521205130 -7.26077661414089 1.19810879823993
2026-10-12T03:52:00.000 -4218.091428780840 195.517232095709 5324.296305262960 -0.88111146020603 -7.59479649551259 -0.42028798282376
2026-10-12T03:56:00.000 -4274.060821958450 -1612.242122639180 5031.061824653420 0.41764789143605 -7.37814417744332 -2.00855025038459
2026-10-12T04:00:00.000 -4019.979554073600 -3303.040044566350 4371.825655805440 1.68696955410007 -6.62589321422928 -3.45172120541386
2026-10-12T04:04:00.000 -3474.054221819120 -4754.019652843080 3394.296874693560 2.83483977525940 -5.39169409360215 -4.64472288855403
2026-10-12T04:08:00.000 -2675.704136074090 -5859.536081336140 2169.430182249460 3.77760176424031 -3.76451776357771 -5.50014406992111
2026-10-12T04:12:00.000 -1682.795338404570 -6538.951830642430 786.362587486375 4.44615957981069 -1.86259130478723 -5.95487090916461
2026-10-12T04:16:00.000 -567.479624967269 -6742.696722954820 -654.072418513716 4.79137374375380 0.17503111536018 -5.97524382251885
2026-10-12T04:20:00.000 589.111482780933 -6456.026037901740 -2046.810764952830 4.78805114405133 2.19908210163942 -5.55990560863817
2026-10-12T04:24:00.000 1702.889232773190 -5700.095666029210 -3290.369342577100 4.43689162772268 4.06158983177733 -4.73984595041243
2026-10-12T04:28:00.000 2693.031932029090 -4530.270223136090 -4294.349132281220 3.76416774054547 5.62726362565617 -3.57576778645994
2026-10-12T04:32:00.000 3487.869548294000 -3031.860885914780 -4985.996496037830 2.81933488050257 6.78330782613171 -2.15302676513901
2026-10-12T04:36:00.000 4029.998572433210 -1313.757329504900 -5315.353384352170 1.67105222480584 7.44710400430538 -0.57503465935213
2026-10-12T04:40:00.000 4280.302263721410 499.490355825632 -5258.706730635560 0.40214422454188 7.57145236338365 1.04419856218312
2026-10-12T04:44:00.000 4220.668675801660 2276.568232144880 -4820.190371996920 -0.89617228837204 7.14746008517541 2.58794722749157
2026-10-12T04:48:00.000 3855.279350226490 3888.707618149570 -4031.492915843280 -2.13038626312421 6.20517536231456 3.94462234168032
2026-10-12T04:52:00.000 3210.382343765750 5218.886968896260 -2949.682845994980 -3.21121318413669 4.81193157330817 5.01558479744232
2026-10-12T04:56:00.000 2332.512763572510 6170.312891142530 -1653.218322187830 -4.05990004333717 3.06805242071355 5.72235234349338
2026-10-12T05:00:00.000 1285.237566041460 6673.581345055230 -236.350046085204 -4.61421476598366 1.10010942430997 6.01269327099064
2026-10-12T05:04:00.000 144.570296759758 6691.911470198480 1197.738891798490 -4.83335700907060 -0.94830271088137 5.86493440368125
2026-10-12T05:08:00.000 -1006.606038765580 6223.955512137300 2544.548488638230 -4.70127892434680 -2.92741056715098 5.28986969734762
2026-10-12T05:12:00.000 -2084.671252990030 5303.891097768340 3706.008268580160 -4.22788499382423 -4.69285742094689 4.32990149637057
2026-10-12T05:16:00.000 -3011.411793581790 3998.793253864980 4597.686002663580 -3.44799657993783 -6.11654408479352 3.05549448566170
2026-10-12T05:20:00.000 -3719.694235438520 2403.596700432230 5154.884434342270 -2.41850771925960 -7.09574678970204 1.55960119736450
2026-10-12T05:24:00.000 -4158.257812139370 634.114569247699 5337.238530342800 -1.21396250187911 -7.56018686509558 -0.04923602636234
2026-10-12T05:28:00.000 -4295.323987534500 -1181.335898349930 5131.519887720410 0.07877751014875 -7.47647607031013 -1.65472059119813
2026-10-12T05:32:00.000 -4120.843041825880 -2911.091225782970 4552.553790438790 1.36653906115071 -6.85028751397601 -3.14071855513804
2026-10-12T05:36:00.000 -3647.251128501710 -4429.537647199220 3642.210919419330 2.55618932730185 -5.72611771726185 -4.39929483318466
2026-10-12T05:40:00.000 -2908.686828180390 -5626.166998913400 2466.516192591260 3.56109771530281 -4.18473655687832 -5.33834370423961
2026-10-12T05:44:00.000 -1958.642303325410 -6413.717584413160 1110.980701550520 4.30765915276119 -2.33796828010134 -5.88866524314499
2026-10-12T05:48:00.000 -866.128054090191 -6734.716205478570 -325.600801840196 4.74102629199720 -0.32069223727379 -6.00952830100668
2026-10-12T05:52:00.000 289.388647744013 -6565.827292109450 -1738.438908695190 4.82948717804287 1.71931500682450 -5.69206515787147
2026-10-12T05:56:00.000 1423.876720489070 -5919.594032369980 -3024.543371369500 4.56695148204549 3.63279585191403 -4.96002159027151
2026-10-12T06:00:00.000 2454.961423692120 -4843.403137805630 -4090.356557854300 3.97317819253627 5.28048577565356 -3.86769274602843
2026-10-12T06:04:00.000 3307.955221787080 -3415.817718176970 -4858.583292880510 3.09199857352620 6.54342588571396 -2.49536485695570
2026-10-12T06:08:00.000 3921.222064546720 -1740.663015754310 -5273.693793260850 1.98760890683358 7.33121586850001 -0.94297610070265
2026-10-12T06:12:00.000 4250.504855049670 60.567069265626 -5305.776137171340 0.73977029853336 7.58778727617847 0.67720584130687
2026-10-12T06:16:00.000 4272.005737417450 1857.410961434730 -4952.567114598580 -0.56176542088493 7.29486937403276 2.24835248263722
2026-10-12T06:20:00.000 3984.059082396230 3519.700872139550 -4239.594839638010 -1.82336195975807 6.47317940085061 3.65702475878794
2026-10-12T06:24:00.000 3407.305942555680 4926.826703448330 -3218.422298117750 -2.95383089035082 5.18126546849373 4.80097628840232
2026-10-12T06:28:00.000 2583.332536435790 5976.445397888580 -1963.070516553910 -3.87090485324286 3.51201450916127 5.59646946048929
2026-10-12T06:32:00.000 1571.766768564700 6592.036127804650 -564.768149807646 -4.50747102599310 1.58644606660741 5.98482511557054
2026-10-12T06:36:00.000 445.995257023527 6728.639160588020 874.678876240544 -4.81673799176403 -0.45507669019076 5.93718210837740
2026-10-12T06:40:00.000 -712.196166939594 6376.268090011090 2250.383855444680 -4.77598589245351 -2.46333332493748 5.45692486132024
2026-10-12T06:44:00.000 -1818.661029637040 5560.666778291340 3462.147569432990 -4.38837809386926 -4.29171464032634 4.57945816854195
2026-10-12T06:48:00.000 -2793.095711033830 4341.327144236350 4421.842153029740 -3.68251885868255 -5.80735864497291 3.36927510007082
2026-10-12T06:52:00.000 -3564.887060284920 2806.994963564540 5059.809191642660 -2.71000523886595 -6.90078973248812 1.91478576808207
2026-10-12T06:56:00.000 -4078.171748724140 1069.108356851150 5329.818910517510 -1.54137151312790 -7.49343213286796 0.32161530673955
2026-10-12T07:00:00.000 -4295.779462158590 -746.282272018070 5212.306902424020 -0.26093320440977 -7.54274704999917 -1.29497290814277
2026-10-12T07:04:00.000 -4201.854118631050 -2507.534390327030 4715.725383209360 1.03902002789326 -7.04492690325862 -2.81810508078955
2026-10-12T07:08:00.000 -3803.016057743540 -4086.802697254590 3875.971219585470 2.26456391556349 -6.03528997780703 -4.13728476335034
2026-10-12T07:12:00.000 -3127.967182085760 -5369.229695960740 2753.909382368950 3.32669107405879 -4.58620754416281 -5.15618057594419
2026-10-12T07:16:00.000 -2225.537080072800 -6261.347783011400 1431.095364861300 4.14773748422966 -2.80254160272428 -5.79985483189975
2026-10-12T07:20:00.000 -1161.228261875850 -6698.043022757140 3.893874139445 4.66734863607753 -0.81432632577980 -6.02065028747175
2026-10-12T07:24:00.000 -12.440751698183 -6647.502788749670 -1423.592197979600 4.84741873834121 1.23277194130841 -5.80224294505985
2026-10-12T07:28:00.000 1137.267313478060 -6113.611283367350 -2747.276029027180 4.67505143189837 3.18888391636025 -5.16105502047390
2026-10-12T07:32:00.000 2204.375676567630 -5135.571707327330 -3870.814623211730 4.16341580496476 4.91143727240130 -4.14473177090166
2026-10-12T07:36:00.000 3111.539698646990 -3784.845536385210 -4712.665766845410 3.35040716190339 6.27583487137916 -2.82810157151907
2026-10-12T07:40:00.000 3793.166373405110 -2159.745079823830 -5211.926832329070 2.29540949239352 7.18417871519556 -1.30723755146379
2026-10-12T07:44:00.000 4200.053201901440 -378.199418139246 -5332.596205133980 1.07476036595551 7.57176886798668 0.30770778198493
2026-10-12T07:48:00.000 4302.811253230750 1430.733261640010 -5066.022998346010 -0.22370459157718 7.41103001629874 1.90025877232226
2026-10-12T07:52:00.000 4093.923349841980 3136.030100394970 -4431.482104275440 -1.50659151646962 6.71327028204001 3.35549981468554
2026-10-12T07:56:00.000 3588.320471416830 4614.018628831920 -3474.851836786060 -2.68130641884389 5.52814518491347 4.56794893100238
2026-10-12T08:00:00.000 2822.411013117230 5757.271334161250 -2265.436344185100 -3.66254085857773 3.94066991001670 5.44907034317663
2026-10-12T08:04:00.000 1851.570278887400 6482.478059214310 -891.072486886020 -4.37853742055429 2.06565536023611 5.93397223581148
2026-10-12T08:08:00.000 746.209426707514 6736.683702638090 548.205105207257 -4.77662569410902 0.03973766007481 5.98663423153004
2026-10-12T08:12:00.000 -413.375474900613 6501.328457356900 1947.525184064060 -4.82764527441634 -1.98898248410796 5.60305604638265
2026-10-12T08:16:00.000 -1542.939817224090 5793.624286928120 3204.956175307640 -4.52802440747107 -3.87241784795110 4.81153831453688
2026-10-12T08:20:00.000 -2560.482589058000 4665.208866270590 4229.016384707940 -3.89989739353045 -5.47355362839739 3.67028048898284
2026-10-12T08:24:00.000 -3392.236198823960 3198.250693933730 4945.340886106350 -2.98926982575286 -6.67652815026075 2.26278052055785
2026-10-12T08:28:00.000 -3977.985561076910 1499.343401558780 5302.008721453190 -1.86232057228471 -7.39482571803297 0.69138083455787
2026-10-12T08:32:00.000 -4275.329049510790 -308.265025661419 5273.179862510810 -0.60042802664974 -7.57690220728142 -0.93019684825442
2026-10-12T08:36:00.000 -4262.660632053980 -2093.503715894940 4860.892130079610 0.70548025071637 -7.20947402373889 -2.48470419746737
2026-10-12T08:40:00.000 -3940.727440485500 -3726.827756767210 4094.933020048490 1.96113481081508 -6.31850444553368 -3.85948902705302
2026-10-12T08:44:00.000 -3332.645806200420 -5089.507925630100 3030.786333274120 3.07548154018928 -4.96770885068267 -4.95432012718871
2026-10-12T08:48:00.000 -2482.356534515260 -6082.278486321930 1745.758818128960 3.96712073689150 -3.25470058444305 -5.68878660970118
2026-10-12T08:52:00.000 -1451.532881842510 -6632.712698774080 333.417195479496 4.57065231022875 -1.30415528854348 -6.00867122509240
2026-10-12T08:56:00.000 -315.106348716751 -6700.666370618250 -1103.248573330590 4.84172654252344 0.74122496677528 -5.89022479510991
2026-10-12T09:00:00.000 844.255158735927 -6281.343673902170 -2459.457167152940 4.76067262821072 2.73153845166827 -5.34242410105486
2026-10-12T09:04:00.000 1942.294633140700 -5405.594606817150 -3636.451251062490 4.33395264076053 4.52154566905302 -4.40606957814957
2026-10-12T09:08:00.000 2899.378953426560 -4137.469340276550 -4548.751447302920 3.59331767036167 5.98153615017441 -3.15024073578456
2026-10-12T09:12:00.000 3646.264420175150 -2569.341258670580 -5130.311620871850 2.59301329783245 7.00655044331150 -1.66674706612550
2026-10-12T09:16:00.000 4129.020660713600 -815.073816464718 -5339.162062226870 1.40558742489798 7.52343466574611 -0.06318251818502
2026-10-12T09:20:00.000 4312.798634766150 998.215745999568 -5160.292753935130 0.11655758616229 7.49546387919146 1.54470461245976
2026-10-12T09:24:00.000 4184.251429777840 2739.207264523560 -4606.655455681570 -1.18140326160671 6.92452351078594 3.04095479601309
2026-10-12T09:28:00.000 3752.511613104490 4281.696182075290 -3718.270359969650 -2.39471876354439 5.85116900659651 4.31726827133056
2026-10-12T09:32:00.000 3048.627834734210 5513.638379796260 -2559.462083377900 -3.43541827091063 4.35224489908367 5.28063295051103
2026-10-12T09:36:00.000 2123.446454586060 6345.322325279930 -1214.342930248420 -4.22752336407324 2.53598482814430 5.86023282380644
2026-10-12T09:40:00.000 1044.015197500680 6716.055408339330 219.230212676656 -4.71290171639997 0.53449944013677 6.01314573173380
2026-10-12T09:44:00.000 -111.283891674653 6598.748888307670 1636.823383812740 -4.85584934050594 -1.50603828710119 5.72786145557900
2026-10-12T09:48:00.000 -1258.498690696180 6001.993672410220 2935.149793245870 -4.64600363232481 -3.43641954917186 5.02543419569797
2026-10-12T09:52:00.000 -2314.332090015910 4969.370261327280 4019.730810018350 -4.09905939011923 -5.11614527032743 3.95763141440298
2026-10-12T09:56:00.000 -3202.230836372250 3576.098494248250 4811.780809214240 -3.25512185958070 -6.42361077459543 2.60261245054153
2026-10-12T10:00:00.000 -3857.894141751820 1923.445083996830 5253.860894610110 -2.17554039427286 -7.26461265522307 1.05899119174110
2026-10-12T10:04:00.000 -4233.854650257730 131.334280264160 5313.942330074410 -0.93838609106889 -7.57875603401551 -0.56138575117035
2026-10-12T10:08:00.000 -4302.833793248760 -1670.288703257020 4987.629976310330 0.36717051242647 -7.34334751535113 -2.14141916318513
2026-10-12T10:12:00.000 -4059.677991730040 -3350.722295500630 4298.471441040000 1.64696270154956 -6.57484688829274 -3.56668430270453
2026-10-12T10:16:00.000 -3521.791868911770 -4787.860255111730 3296.354832883900 2.80827479065247 -5.32808851489458 -4.73339906898953
2026-10-12T10:20:00.000 -2727.998667672350 -5877.056760406220 2054.036810635280 3.76641649868937 -3.69296186930759 -5.55599051833369
2026-10-12T10:24:00.000 -1735.839660947130 -6538.871146980040 661.944368552980 4.45113452552744 -1.78838443098327 -5.97377317850073
2026-10-12T10:28:00.000 -617.412484709019 -6725.038376215890 -778.432302568620 4.81217739973529 0.24640557662835 -5.95586689218349
2026-10-12T10:32:00.000 545.933000132251 -6422.104669799020 -2162.044265401610 4.82319298857142 2.26239768628840 -5.50370797717127
2026-10-12T10:36:00.000 1669.619582261860 -5652.414546522960 -3388.090442398050 4.48381867514598 4.11224232771404 -4.65101253383387
2026-10-12T10:40:00.000 2672.105984552730 -4472.328549792990 -4367.467594553020 3.81947876966658 5.66160550671822 -3.46084308091945
2026-10-12T10:44:00.000 3480.826691089950 -2967.888549008940 -5029.226260559480 2.87901010948616 6.79892783691688 -2.02039550392365
2026-10-12T10:48:00.000 4037.369497242280 -1248.404852374030 -5325.579595548990 1.73076075598030 7.44292405376470 -0.43430687685819
2026-10-12T10:52:00.000 4301.571965241300 561.482862630381 -5235.201707333110 0.45755387915204 7.54780362656800 1.18285775092104
2026-10-12T10:56:00.000 4254.312350781310 2330.708298502250 -4764.666404458410 -0.84910233356450 7.10607445219742 2.71448967375300
2026-10-12T11:00:00.000 3898.863669581530 3931.074474002070 -3947.983345714870 -2.09512854673064 6.14904287278081 4.04986870150017
2026-10-12T11:04:00.000 3260.744508033870 5246.407790245170 -2844.256184457390 -3.19032915795498 4.74510104469340 5.09185884651379
2026-10-12T11:08:00.000 2385.999958021640 6180.992187520400 -1533.546181624800 -4.05490072770204 2.99539760844917 5.76405501951596
2026-10-12T11:12:00.000 1337.972132682940 6666.657115658030 -111.154636104023 -4.62544625338651 1.02698573953520 6.01673209052245
2026-10-12T11:16:00.000 192.728985902573 6667.927448273010 1319.328579079340 -4.86003574604345 -1.01646145473274 5.83104268398650
2026-10-12T11:20:00.000 -966.525559789878 6184.714102111080 2653.679670557540 -4.74151075950556 -2.98561375744556 5.22058375134910
2026-10-12T11:24:00.000 -2055.592661095370 5252.309284962380 3794.753479386910 -4.27878254027821 -4.73687254468403 4.23035728371609
2026-10-12T11:28:00.000 -2995.470534377880 3938.674525725320 4659.623780094290 -3.50591938574205 -6.14325883061222 2.93301881430192
2026-10-12T11:32:00.000 -3718.081806489430 2339.329846754380 5185.554465596330 -2.47925202384794 -7.10342333238123 1.42307724957761
2026-10-12T11:36:00.000 -4171.111138636480 570.349850352475 5334.426183438210 -1.27301175159130 -7.54834637385432 -0.19005415387907
2026-10-12T11:40:00.000 -4321.703115085360 -1239.982402389880 5095.409727352480 0.02581013292832 -7.44590834745152 -1.78970315835037
2026-10-12T11:44:00.000 -4158.807248422170 -2960.351699372130 4485.731917163830 1.32356051686313 -6.80308654566468 -3.26010267235863
2026-10-12T11:48:00.000 -3694.010317260070 -4465.794242321770 3549.500262424200 2.52631858084656 -5.66560921672766 -4.49431598525294
2026-10-12T11:52:00.000 -2960.815511117480 -5646.732937256430 2354.644255343720 3.54648916172285 -4.11528090459781 -5.40200703261721
2026-10-12T11:56:00.000 -2012.332613497540 -6417.043754921180 988.092049707684 4.30932798560247 -2.26464987800136 -5.91622802809741
2026-10-12T12:00:00.000 -917.468561276562 -6720.527913213680 -450.538791500539 4.75881315628448 -0.24896726277338 -5.99894581802580
2026-10-12T12:04:00.000 244.130628600102 -6535.151858952710 -1856.315663660140 4.86207569935201 1.78413385334545 -5.64417876962100
2026-10-12T12:08:00.000 1387.987493617180 -5874.674663261410 -3126.782840541400 4.61196271591238 3.68594653509384 -4.87840879532795
2026-10-12T12:12:00.000 2431.049296838120 -4787.525680553900 -4169.541930041320 4.02737223967945 5.31810161084732 -3.75837251171578
2026-10-12T12:16:00.000 3297.764355618770 -3353.058644943090 -4908.990759203630 3.15145431659311 6.56281390378770 -2.36633798430335
2026-10-12T12:20:00.000 3925.505878422060 -1675.588578235450 -5291.698567493850 2.04804847349217 7.33101410292138 -0.80362358171645
2026-10-12T12:24:00.000 4268.975593004600 123.234283741536 -5290.103504647060 0.79683856730962 7.56805822315963 0.81679208797632
2026-10-12T12:28:00.000 4303.350817531520 1913.133313435660 -4904.379230194220 -0.51220113276535 7.25707826474702 2.37808461671616
2026-10-12T12:32:00.000 4026.032269904410 3564.447555933860 -4162.404595246010 -1.78489839835761 6.42006304426882 3.76750051869862
2026-10-12T12:36:00.000 3456.888244235170 4957.365101273390 -3117.854976832730 -2.92927835017030 5.11671291094259 4.88411129425844
2026-10-12T12:40:00.000 2636.944724396530 5990.587578045630 -1846.460486329460 -3.86208463114137 3.44076995899918 5.64621023129904
2026-10-12T12:44:00.000 1625.531321751640 6588.794293288540 -440.614890955732 -4.51502615089366 1.51371327044549 5.99755949411723
2026-10-12T12:48:00.000 496.025867377126 6708.300587968790 997.326389196466 -4.84011182085957 -0.52392608104834 5.91198134920391
2026-10-12T12:52:00.000 -669.519637941384 6340.387914654160 2362.594370824120 -4.81353885444540 -2.52319735780560 5.39570172345447
2026-10-12T12:56:00.000 -1786.444859310350 5511.938708402400 3555.774471255300 -4.43747357243873 -4.33827969488391 4.48677610612212
2026-10-12T13:00:00.000 -2773.700948700240 4283.359234005920 4490.110602287230 -3.73962276869320 -5.83734006706355 3.25193530143268
2026-10-12T13:04:00.000 -3559.749974610880 2744.039344341540 5097.797613893000 -2.77099294395299 -6.91214666590142 1.78132846835476
2026-10-12T13:08:00.000 -4087.691321669680 1005.739535341810 5334.798764298010 -1.60175665843132 -7.48552339676909 0.18165002246716
2026-10-12T13:12:00.000 -4319.262872318230 -805.489860749999 5183.910298902030 -0.31617870265850 -7.51617383233669 -1.43147912117685
2026-10-12T13:16:00.000 -4237.560565382080 -2558.289612947720 4655.969154585510 0.99304157456034 -7.00146518855377 -2.94133955554452
2026-10-12T13:20:00.000 -3848.296051722910 -4125.386528385630 3789.140803655150 2.23124805431086 -5.97791217952513 -4.23827071207093
2026-10-12T13:24:00.000 -3179.475011271680 -5392.769592963300 2646.276988899970 3.30841312235624 -4.51896275020194 -5.22746866587261
2026-10-12T13:28:00.000 -2279.492267664780 -6268.044330660700 1310.476264808800 4.14573001053586 -2.73029747618156 -5.83609949620899
2026-10-12T13:32:00.000 -1213.692679559330 -6687.338734302880 -120.917537622141 4.68169372706413 -0.74246618330455 -6.01912840027093
2026-10-12T13:36:00.000 -59.599975461295 -6620.134254087630 -1543.492374241410 4.87700984206532 1.29891178096259 -5.76309913167284
2026-10-12T13:40:00.000 1098.834037949790 -6071.549733479380 -2853.532628889170 4.71772969197415 3.24442995842137 -5.08720704024373
2026-10-12T13:44:00.000 2177.453446412140 -5081.866442367010 -3955.703466571110 4.21607516389534 4.95233016349203 -4.04160893665154
2026-10-12T13:48:00.000 3098.075622837820 -3723.395174969080 -4770.029153818250 3.40921931279718 6.29909089218708 -2.70325568124090
2026-10-12T13:52:00.000 3794.133203877980 -2095.010296119750 -5237.619395977560 2.35612484822983 7.18812755438845 -1.16976862734071
2026-10-12T13:56:00.000 4215.382922397930 -314.876250389010 -5324.775534607280 1.13301706326238 7.55613407312126 0.44781428654197
2026-10-12T14:00:00.000 4331.405169976720 1488.057425655730 -5025.277634416900 -0.17209632742409 7.37698099680078 2.03285759130916
2026-10-12T14:04:00.000 4133.725343808210 3183.209574376330 -4360.783740467930 -1.46537193761405 6.66329618292305 3.47099347652715
2026-10-12T14:08:00.000 3636.457547980150 4647.643584337050 -3379.340936701310 -2.65349098452148 5.46584464140519 4.65796084700175
2026-10-12T14:12:00.000 2875.405294070690 5774.909049609670 -2152.062270422830 -3.65011873066397 3.87056453808460 5.50699615661620
2026-10-12T14:16:00.000 1905.599057076910 6482.872231011960 -768.100030475723 -4.38240607162894 1.99296704510081 5.95555180684055
2026-10-12T14:20:00.000 797.361584821753 6719.857019431630 671.814810561857 -4.79658858092797 -0.03020595791775 5.97033656175819
2026-10-12T14:24:00.000 -368.811990464007 6468.557467040970 2062.772328443500 -4.86224758607110 -2.05109200407141 5.55009465053862
2026-10-12T14:28:00.000 -1508.195513093990 5747.352461836360 3303.458724461050 -4.57475939281169 -3.92212244081094 4.72582999436122
2026-10-12T14:32:00.000 -2538.087041346390 4608.867182238370 4303.632133254850 -3.95545743936910 -5.50727544959629 3.55816109407174
2026-10-12T14:36:00.000 -3383.838370898290 3135.974377705080 4990.678353386440 -3.04963774923982 -6.69198157907103 2.13239113939331
2026-10-12T14:40:00.000 -3984.211905608920 1435.666757215600 5314.793249148400 -1.92307165519119 -7.39098749639116 0.55214265642687
2026-10-12T14:44:00.000 -4295.730147002040 -368.730635451946 5252.486804625040 -0.65705286775737 -7.55415365676417 -1.06826350459041
2026-10-12T14:48:00.000 -4295.722795316500 -2146.389471266730 4808.195094526540 0.65726544993615 -7.16941473951355 -2.61173359217122
2026-10-12T14:52:00.000 -3983.983292515660 -3768.280336191950 4014.002082132950 1.92491996220197 -6.26382873601473 -3.96629374127040
2026-10-12T14:56:00.000 -3382.885111180600 -5116.458159439130 2927.452599473880 3.05384662598028 -4.90224766538719 -5.03305893997936
2026-10-12T15:00:00.000 -2535.876108715320 -6092.682073592380 1627.501926942440 3.96157095891230 -3.18310384838907 -5.73362011809908
2026-10-12T15:04:00.000 -1504.413871686570 -6625.716709321730 208.838993738948 4.58147048901529 -1.23166439804352 -6.01616991442689
2026-10-12T15:08:00.000 -363.504482074718 -6676.712071753950 -1225.060768832030 4.86803114450051 0.80917343634900 -5.85983453813756
2026-10-12T15:12:00.000 803.844797482413 -6242.132763707470 -2569.627852912340 4.80052257230282 2.78993756313629 -5.27639949154823
2026-10-12T15:16:00.000 1912.791917860010 -5353.952678312410 -3726.960831917450 4.38444494452956 4.56610078243041 -4.30925842425786
2026-10-12T15:20:00.000 2882.911011775570 -4077.132727261790 -4613.020075955670 3.65078640157315 6.00899303794841 -3.02971492581446
2026-10-12T15:24:00.000 3644.013063443480 -2504.679880767000 -5163.672451498330 2.65329378703330 7.01491550282790 -1.53127848780845
2026-10-12T15:28:00.000 4141.135273862260 -750.770228181215 -5339.194548744300 1.46429201832291 7.51210363040476 0.07739711075337
2026-10-12T15:32:00.000 4338.385447552710 1057.501739037780 -5126.992813879880 0.16944325353125 7.46523595179123 1.68020311251471
2026-10-12T15:36:00.000 4221.444233486040 2789.177859484810 -4542.435538444370 -1.13816265315575 6.87759362126085 3.16155674551837
2026-10-12T15:40:00.000 3798.601379167580 4318.726520042650 -3627.781002387710 -2.36427225038795 5.79090767172862 4.41424503892097
2026-10-12T15:44:00.000 3100.257723696260 5535.029971624810 -2449.262601800120 -3.41997844888692 4.28297323491222 5.34689243761913
2026-10-12T15:48:00.000 2176.858319376590 6349.504124918160 -1092.442380937640 -4.22819502561059 2.46271877733690 5.89086769784447
2026-10-12T15:52:00.000 1095.331608256340 6702.714756564600 343.950016758832 -4.72958122518717 0.46265887933736 6.00585982913570
2026-10-12T15:56:00.000 -65.783229951828 6568.876081148630 1755.273504850570 -4.88735376793529 -1.57112054536778 5.68323516595512
2026-10-12T16:00:00.000 -1222.123804215970 5957.788491688560 3038.711742261970 -4.69007754900502 -3.49005142252874 4.94674569136065
2026-10-12T16:04:00.000 -2289.727562774980 4914.070346319290 4100.871343525040 -4.15247138535744 -5.15440160773877 3.85062912490421
2026-10-12T16:08:00.000 -3191.182926715820 3513.752294293400 4864.612183379880 -3.31399960189533 -6.44372597822635 2.47515488516444
2026-10-12T16:12:00.000 -3861.210432302370 1858.598432214490 5274.563928488090 -2.23563418867650 -7.26522462315758 0.92033018063727
2026-10-12T16:16:00.000 -4251.299186555340 68.694083590637 5301.016761136030 -0.99530020857040 -7.55987376958415 -0.70126400181219
2026-10-12T16:20:00.000 -4333.130259487070 -1726.183720683930 4942.003046949220 0.31765913597605 -7.30635986516006 -2.27240093350453
2026-10-12T16:24:00.000 -4100.589780461650 -3395.817976971380 4223.435761811950 1.60856613041973 -6.52237369001266 -3.67927768503975
2026-10-12T16:28:00.000 -3570.292036465000 -4818.864004688130 3197.339690827880 2.78381461951352 -5.26382170755470 -4.81940515530712
2026-10-12T16:32:00.000 -2780.512296824540 -5891.673320134680 1938.224344182450 3.75763123044412 -3.62149040178358 -5.60909867598336
2026-10-12T16:36:00.000 -1788.509503197360 -6535.981213678750 537.754997040749 4.45861196553735 -1.71485796929312 -5.99002615943605
2026-10-12T16:40:00.000 -666.389706973957 -6704.795020006050 -901.943166123339 4.83526461666969 0.31658545793092 -5.93398549166728
2026-10-12T16:44:00.000 504.206759025217 -6385.949385049950 -2275.860495148390 4.86016270736096 2.32399331887221 -5.44530671759105
2026-10-12T16:48:00.000 1638.173036068060 -5602.966990195790 -3483.913919105060 4.53199167761721 4.16073808971330 -4.56039774551585
2026-10-12T16:52:00.000 2653.221125116970 -4413.176203884590 -4438.319988901220 3.87534518347400 5.69349543457053 -3.34464055139204
2026-10-12T16:56:00.000 3475.868594271170 -2903.315817794100 -5069.949440910090 2.93848422646455 6.81193916628134 -1.88704736658472
2026-10-12T17:00:00.000 4046.681195419690 -1183.081400021100 -5333.197853867540 1.78946589436975 7.43613058707521 -0.29345229745711
2026-10-12T17:04:00.000 4324.443847368110 622.831028579975 -5209.129998757650 0.51115042163805 7.52165720684726 1.32105016321314
2026-10-12T17:08:00.000 4289.036675385020 2383.625365326930 -4706.755127794530 -0.80452810203290 7.06237579030676 2.84000663171109
2026-10-12T17:12:00.000 3942.872662967140 3971.697451814840 -3862.395624080560 -2.06280050917663 6.09090521210117 4.15358255905629
2026-10-12T17:16:00.000 3310.797499967150 5271.751091196210 -2737.167392708060 -3.17259901487806 4.67666551215891 5.16622026939226
2026-10-12T17:20:00.000 2438.418760204170 6189.156949054690 -1412.706205381760 -4.05302411951729 2.92154422860188 5.80356522106601
2026-10-12T17:24:00.000 1388.922129754980 6656.981978759430 14.658253218051 -4.63947208447497 0.95309398342773 6.01838780007291
2026-10-12T17:28:00.000 238.503757733497 6641.065587803060 1440.947422704700 -4.88886383464346 -1.08488941912092 5.79464628897975
2026-10-12T17:32:00.000 -929.244737198464 6142.605217687590 2762.237868598200 -4.78304102064401 -3.04345402504909 5.14882073383150
2026-10-12T17:36:00.000 -2029.513686209810 5198.024606749680 3882.350166936040 -4.33003950416572 -4.77987468471234 4.12851771047986
2026-10-12T17:40:00.000 -2982.495455028560 3876.174135047320 4719.896498772120 -3.56319006737087 -6.16830568737089 2.80855508596531
2026-10-12T17:44:00.000 -3719.156885490640 2273.169338753430 5214.137569139470 -2.53835583903782 -7.10868801780570 1.28508301602234
2026-10-12T17:48:00.000 -4186.166593335770 505.349209225717 5329.268919508020 -1.32970869988192 -7.53349036379216 -0.33151889749654
2026-10-12T17:52:00.000 -4349.663308076960 -1299.103333972840 5056.909096601220 -0.02437174188864 -7.41206847807224 -1.92441194671358
2026-10-12T17:56:00.000 -4197.655081591770 -3009.307295817260 4416.699667489600 1.28357120186041 -6.75273484069875 -3.37827128481437
2026-10-12T18:00:00.000 -3740.929680336600 -4501.039257260830 3454.968562532270 2.49946141645011 -5.60240107608076 -4.58734163820742
2026-10-12T18:04:00.000 -3012.396471454720 -5665.719998736380 2241.507395748050 3.53474365629312 -4.04384216183076 -5.46307223453226
2026-10-12T18:08:00.000 -2064.818862103710 -6418.417273054190 864.606798750828 4.31357748543213 -2.19020950199372 -5.94087707944729
2026-10-12T18:12:00.000 -967.034346874094 -6704.218049281420 -575.362683072127 4.77875050654920 -0.17695534154868 -5.98537837764411
2026-10-12T18:16:00.000 201.097554894822 -6502.387123137060 -1973.368904885920 4.89624882846074 1.84839384218383 -5.59339918435862
2026-10-12T18:20:00.000 1354.628575302510 -5827.897211090530 -3227.537969939160 4.65792026199189 3.73775326421765 -4.79422065732421
2026-10-12T18:24:00.000 2409.809800472380 -4730.190006822020 -4246.683665671980 4.08179768831753 5.35376051546788 -3.64699459424809
2026-10-12T18:28:00.000 3290.213066462990 -3289.361901329870 -4956.935221655600 3.21039584434942 6.57986505567472 -2.23588413961527
2026-10-12T18:32:00.000 3932.208859812280 -1610.158179262050 -5306.977061705550 2.10715146179658 7.32833456002088 -0.66350310058499
2026-10-12T18:36:00.000 4289.440973295730 185.661157273658 -5271.597606411520 0.85170672584553 7.54585498914767 0.95650825988677
2026-10-12T18:40:00.000 4336.062728194700 1968.028908980710 -4853.401582404050 -0.46564976234831 7.21688234803295 2.50732088091375
2026-10-12T18:44:00.000 4068.568502409110 3607.805384585280 -4082.618794507540 -1.75007894283114 6.36468151113697 3.87686384835635
2026-10-12T18:48:00.000 3506.111549199590 4985.995454510490 -3015.021710961110 -2.90871540649823 5.05010385862696 4.96563771824605
2026-10-12T18:52:00.000 2689.229264388870 6002.353395945940 -1728.020336320050 -3.85729183083027 3.36768164588199 5.69393412562109
2026-10-12T18:56:00.000 1677.031695074570 6582.762533480350 -315.161526792483 -4.52630037232618 1.43939217991324 6.00790260214968
2026-10-12T19:00:00.000 542.970529024325 6684.825936318620 1120.661891125980 -4.86655394927646 -0.59406354587480 5.88408019048272
2026-10-12T19:04:00.000 -630.550172348013 6301.106133471260 2474.814115225620 -4.85313600867405 -2.58396469588755 5.33153244467012
2026-10-12T19:08:00.000 -1758.271279322130 5459.661824786010 3648.683947011000 -4.48729337385950 -4.38511858536110 4.39102230877846
2026-10-12T19:12:00.000 -2758.358923408860 4221.872189618280 4556.934049065330 -3.79608541954831 -5.86678829080534 3.13164104049478
2026-10-12T19:16:00.000 -3558.348343683350 2677.796000540780 5133.668367788860 -2.82998303013582 -6.92209392652579 1.64525275068679
2026-10-12T19:20:00.000 -4100.317876882810 939.540747028858 5337.097633402690 -1.65895850248004 -7.47518955079497 0.03967225837067
2026-10-12T19:24:00.000 -4344.990860045540 -866.830820060971 5152.465351454480 -0.36749966365075 -7.48628193110956 -1.56897728252640
2026-10-12T19:28:00.000 -4274.522859270250 -2610.318086945290 4593.068936706980 0.95131666017626 -6.95422201921093 -3.06437177269599
2026-10-12T19:32:00.000 -3893.810703236820 -4164.326093115270 3699.362297894660 2.20213679772750 -5.91675381918768 -4.33785334785464
2026-10-12T19:36:00.000 -3230.242352806590 -5415.799623925230 2536.161102588670 3.29401104806870 -4.44836192584896 -5.29631946562212
2026-10-12T19:40:00.000 -2331.838103897860 -6273.514414599980 1188.052784602460 4.14705813179258 -2.65547477729746 -5.86918638251643
2026-10-12T19:44:00.000 -1263.829142213800 -6674.896343923150 -246.722434622390 4.69866854509315 -0.66894920719275 -6.01404702914140
2026-10-12T19:48:00.000 -103.892707434099 -6590.753416891940 -1663.510098827470 4.90844131564788 1.36567610064767 -5.72025825383103
2026-10-12T19:52:00.000 1063.605714503630 -6027.456136013550 -2959.031653265530 4.76138764993897 3.29951966784539 -5.00982042564479
2026-10-12T19:56:00.000 2153.869620709050 -5026.360288375550 -4039.038180277360 4.26887761434040 4.99178592422048 -3.93544004950232
2026-10-12T20:00:00.000 3087.888353876620 -3660.579336482220 -4825.190904324290 3.46737481900538 6.32020624751031 -2.57608370281339
2026-10-12T20:04:00.000 3798.123900007090 -2029.478243618050 -5260.650505900100 2.41539099490695 7.18953752080872 -1.03080338293746
2026-10-12T20:08:00.000 4233.290629575830 -251.382289352601 -5314.031846450020 1.18899635201923 7.53784995182541 0.58861629661140
2026-10-12T20:12:00.000 4361.929247436900 1544.916324553770 -4981.532835782580 -0.12359929987270 7.34029330098681 2.16540476273052
2026-10-12T20:16:00.000 4174.621610538350 3229.296716385370 -4287.185897802080 -1.42796942387240 6.61074223409302 3.58570322592182
2026-10-12T20:20:00.000 3684.716500245950 4679.573768178200 -3281.208244590080 -2.62991077875508 5.40113395328544 4.74644764137376
2026-10-12T20:24:00.000 2927.481957083920 5790.310078965900 -2036.511438997950 -3.64208245252557 3.79836980611617 5.56276959114070
2026-10-12T20:28:00.000 1957.667048714080 6480.564688685480 -643.522654670051 -4.39051367380472 1.91847389564806 5.97453102891580
2026-10-12T20:32:00.000 845.597168275550 6699.930360459670 796.354971516114 -4.82021199200770 -0.10163644322420 5.95102750692441
2026-10-12T20:36:00.000 -327.940796121861 6432.383735742950 2178.188285129080 -4.89960699873551 -2.11421848796436 5.49382576899538
2026-10-12T20:40:00.000 -1477.669243231590 5697.497902779860 3401.317782244610 -4.62307124406098 -3.97230136355007 4.63668564592680
2026-10-12T20:44:00.000 -2520.116497802850 4548.903793593270 4376.777597173980 -4.01112412440646 -5.54080239273219 3.44261952301460
2026-10-12T20:48:00.000 -3379.707741780180 3070.228993250080 5033.757628422550 -3.10860290979676 -6.70634578079242 1.99892009331446
2026-10-12T20:52:00.000 -3994.199871236710 1368.890569466030 5324.649326792230 -1.98103549010931 -7.38515720843339 0.41043230851788
2026-10-12T20:56:00.000 -4319.081795333040 -431.703149437019 5228.367936010310 -0.70977893288981 -7.52845569605987 -1.20794493549053
2026-10-12T21:00:00.000 -4330.719536522280 -2200.974140095840 4751.826549479560 0.61352635602185 -7.12564424237928 -2.73914247332193
2026-10-12T21:04:00.000 -4028.077305683020 -3810.502494572210 3929.475813821750 1.89331302849313 -6.20521407272418 -4.07209384157520
2026-10-12T21:08:00.000 -3432.870332640930 -5143.250768689100 2820.921598737470 3.03665409245566 -4.83307746534743 -5.10950274470114
2026-10-12T21:12:00.000 -2588.123867847240 -6102.111053041360 1506.732241051490 3.96002135837039 -3.10847813413576 -5.77509691451041
2026-10-12T21:16:00.000 -1555.133917583760 -6617.135004102680 82.644115063830 4.59567563033854 -1.15714330942599 -6.01963000531229
2026-10-12T21:20:00.000 -409.012902675898 -6650.814754702180 -1347.474682887640 4.89699872774425 0.87805155670590 -5.82507066250113
2026-10-12T21:24:00.000 766.863578426982 -6200.894462458340 -2679.347616697090 4.84218413235972 2.84811579823241 -5.20604489413646
2026-10-12T21:28:00.000 1887.041198700820 -5300.471298063110 -3816.027226084230 4.43581102744240 4.60933308467109 -4.20857768814689
2026-10-12T21:32:00.000 2870.292571788130 -4015.389298226150 -4675.011586837130 3.70820800554940 6.03422123116040 -2.90616823737965
2026-10-12T21:36:00.000 3645.493415670870 -2439.217095279140 -5194.156547769470 2.71264098974645 7.02052693772180 -1.39385154143377
2026-10-12T21:40:00.000 4156.652836278300 -686.352678397536 -5336.012336263420 1.52119195175193 7.49785434048218 0.21883650056692
2026-10-12T21:44:00.000 4366.837296456360 1116.212529121570 -5090.396627749830 0.21964763684938 7.43221383605603 1.81554409057722
2026-10-12T21:48:00.000 4260.757050718360 2837.928575229270 -4475.068290904680 -1.09842855532224 6.82809368037709 3.28108852605699
2026-10-12T21:52:00.000 3845.889477632900 4353.952459673270 -3534.508542504010 -2.33795323282631 5.72837154419743 4.50925807732358
2026-10-12T21:56:00.000 3152.050828445940 5554.121503679410 -2336.849241978290 -3.40897625306849 4.21186717447397 5.41039774872759
2026-10-12T22:00:00.000 2229.368553473880 6351.016315104630 -969.064850226341 -4.23325564751532 2.38823879427498 5.91816740483280
2026-10-12T22:04:00.000 1144.722516081160 6686.492648132370 469.306111610172 -4.75036086506896 0.39025613163449 5.99494240375490
2026-10-12T22:08:00.000 -23.124097840474 6536.056832064000 1873.471478080800 -4.92231952212996 -1.63617611972470 5.63486160602435
2026-10-12T22:12:00.000 -1189.308873991130 5910.723663678000 3141.131512371210 -4.73664276845021 -3.54297507058286 4.86444420974028
2026-10-12T22:16:00.000 -2269.149047988900 4856.156633588080 4180.046577054160 -4.20725419605363 -5.19133946955065 3.74040650672771
2026-10-12T22:20:00.000 -3184.341845518550 3449.171962925260 4914.764933598000 -3.37298832532679 -6.46199700129062 2.34499753743622
2026-10-12T22:24:00.000 -3868.599755757580 1792.025197919900 5292.025796036260 -2.29450514261705 -7.26345875914992 0.77973759030663
2026-10-12T22:28:00.000 -4272.371869162760 4.950856547160 5284.506950890520 -1.04975916103089 -7.53819895930594 -0.84204594118663
2026-10-12T22:32:00.000 -4366.341885758340 -1782.473980367320 4892.708452632870 0.27156995759223 -7.26628974400558 -2.40315276304593
2026-10-12T22:36:00.000 -4143.524454135690 -3440.557417147710 4144.932030218940 1.57410681226105 -6.46677664747232 -3.79043710478251
2026-10-12T22:40:00.000 -3619.848622529850 -4848.797227653770 3095.343298302890 2.76342441724265 -5.19680409830341 -4.90281234028664
2026-10-12T22:44:00.000 -2833.115089824200 -5904.643074507690 1820.176864715920 3.75279130776280 -3.54803139301613 -5.65862401126644
2026-10-12T22:48:00.000 -1840.359601780150 -6531.093412711750 412.275467846557 4.46969021223433 -1.64043271251485 -6.00206150316813
2026-10-12T22:52:00.000 -713.736921702322 -6682.484310317940 -1025.701806294470 4.86148835653684 0.38644522960207 -5.90771224141662
2026-10-12T22:56:00.000 464.795999881936 -6347.942495537260 -2388.891720513800 4.89968510366465 2.38412928668041 -5.38275250206587
2026-10-12T23:00:00.000 1609.573157907950 -5552.141892999800 -3578.023243514930 4.58202603970678 4.20677892633970 -4.46625742270614
2026-10-12T23:04:00.000 2637.541503918720 -4353.327876105490 -4506.721773456660 3.93232878718781 5.72221490696239 -3.22586634399343
2026-10-12T23:08:00.000 3474.290957021520 -2838.862465093340 -5107.743944929370 2.99830687939496 6.82139064364766 -1.75232517022119
2026-10-12T23:12:00.000 4059.367635264380 -1118.734107008670 -5337.714075546470 1.84777708281853 7.42582928531496 -0.15252248604239
2026-10-12T23:16:00.000 4350.510133140090 682.408308279337 -5180.085857827230 0.56363867585604 7.49245834758086 1.45811344634531
2026-10-12T23:20:00.000 4326.602237088560 2434.126054882030 -4646.267124756390 -0.76179473429680 7.01638338742493 2.96340291414805
2026-10-12T23:24:00.000 3989.193136865570 4009.453002136490 -3774.833702059540 -2.03303257427707 6.03130267881538 4.25442319811699
2026-10-12T23:28:00.000 3362.477996857740 5293.977637795850 -2628.872079428290 -3.15796649377079 4.60764022565886 5.23708011370636
2026-10-12T23:32:00.000 2491.681144249530 6194.183116419270 -1291.553517859450 -4.05454702643298 2.84811663505234 5.83918371405281
2026-10-12T23:36:00.000 1439.883450077180 6644.396397495450 139.840021550815 -4.65700052314481 0.88066211603186 6.01614227071525
2026-10-12T23:40:00.000 283.457327518301 6611.750847215090 1561.036948838060 -4.92109299927322 -1.15100846713602 5.75472143788390
2026-10-12T23:44:00.000 -893.565815063921 6098.668258081840 2868.491330441670 -4.82762631213680 -3.09844649025028 5.07414914792456
2026-10-12T23:48:00.000 -2005.699443309120 5142.633409060790 3967.031728103490 -4.38372036937066 -4.81974320982007 4.02451096805021
2026-10-12T23:52:00.000 -2972.274652268820 3813.338238690710 4776.835791140170 -3.62210695474088 -6.19010178563542 2.68279534387642
2026-10-12T23:56:00.000 -3723.281347199430 2207.438534863830 5239.185359417350 -2.59824803342318 -7.11087456168732 1.14669093884054
2026-10-13T00:00:00.000 -4204.340015840100 441.478754860525 5320.584049949780 -1.38616711170665 -7.51588787583822 -0.47251233173408
2026-10-13T00:04:00.000 -4380.555324562590 -1356.484020373270 5015.105676615710 -0.07325544543823 -7.37591601198858 -2.05771632819785
2026-10-13T00:08:00.000 -4239.008221071540 -3056.032164857800 4344.807148187350 1.24580399326683 -6.70062294830615 -3.49417276981921
2026-10-13T00:12:00.000 -3789.734485113840 -4533.708710360470 3358.210145566810 2.47550146259974 -5.53809775901679 -4.67738416125508
2026-10-13T00:16:00.000 -3065.114433657830 -5681.955351279820 2126.924741699640 3.52628355519393 -3.97204204504000 -5.52064344872820
2026-10-13T00:20:00.000 -2117.638043964990 -6417.050155613700 740.554106688142 4.32119606467914 -2.11623882807805 -5.96173576503703
2026-10-13T00:24:00.000 -1016.139344307420 -6685.390427478430 -699.836545104829 4.80190284611011 -0.10633282486256 -5.96801758055736
2026-10-13T00:28:00.000 159.261862088570 -6467.539395204400 -2089.196631085700 4.93331402204405 1.91045152667963 -5.53916438469270
2026-10-13T00:32:00.000 1323.102949667570 -5779.645205703340 -3326.303463100640 4.70626000074203 3.78671665411975 -4.70715803164233
2026-10-13T00:36:00.000 2390.901303515710 -4672.119018944080 -4321.237891446050 4.13796752000375 5.38614649359258 -3.53353990149030
2026-10-13T00:40:00.000 3285.323308697210 -3225.741064611230 -5001.905293788460 3.27033624978980 6.59347149303121 -2.10430276558834
2026-10-13T00:44:00.000 3941.719484783160 -1545.625869528310 -5319.133919244410 2.16647160267813 7.32229207073298 -0.52330070879140
2026-10-13T00:48:00.000 4312.674244526090 246.424083621218 -5250.080852514890 0.90603106916872 7.52068770469216 1.09523231269993
2026-10-13T00:52:00.000 4371.326042501420 2020.626743869530 -4799.766411234240 -0.42035168066201 7.17440980795258 2.63464114012472
2026-10-13T00:56:00.000 4113.273847003640 3648.419674119170 -4000.723789216680 -1.71718755265516 6.30787739789793 3.98361427975286
2026-10-13T01:00:00.000 3556.966054009410 5011.642426006400 -2910.769386660330 -2.89067472098169 4.98290538920157 5.04404211449902
2026-10-13T01:04:00.000 2742.497279453540 6011.096100495990 -1608.963087231170 -3.85532188985812 3.29487644877556 5.73812080137776
2026-10-13T01:08:00.000 1728.826712946910 6573.895863949630 -189.966038676649 -4.54046166466980 1.36636706327211 6.01454837708742
2026-10-13T01:12:00.000 589.527856425779 6658.952434176080 1242.871833540730 -4.89577194857264 -0.66188697160942 5.85271620225106
2026-10-13T01:16:00.000 -592.608749714493 6260.084321555850 2585.138087181200 -4.89528216354636 -2.64158933038269 5.26445639753701
2026-10-13T01:20:00.000 -1731.699557535000 5406.465381663650 3739.093517586820 -4.53931467542405 -4.42833065220333 4.29315805589756
2026-10-13T01:24:00.000 -2745.086638889210 4160.363852795680 4620.854784811770 -3.85421998626702 -5.89241070689998 3.01012012476660
2026-10-13T01:28:00.000 -3559.345597144270 2612.450450787230 5166.463250327660 -2.89004409611695 -6.92826210534186 1.50898038483049
2026-10-13T01:32:00.000 -4115.529397381680 875.101602778873 5336.400837518130 -1.71662806703993 -7.46153006852482 -0.10146378528271
2026-10-13T01:36:00.000 -4373.328742354410 -925.699723031404 5118.329929048860 -0.41853995157458 -7.45379256725856 -1.70479949891058
2026-10-13T01:40:00.000 -4313.934612663160 -2659.347075393930 4527.974588324320 0.91063360694765 -6.90521364584122 -3.18495390007610
2026-10-13T01:44:00.000 -3941.439538207360 -4199.958054811850 3608.052471684900 2.17476220336392 -5.85480175937610 -4.43439443997872
2026-10-13T01:48:00.000 -3282.633495749240 -5435.455081663850 2425.293609785610 3.28194857145257 -4.37799369066360 -5.36175444590035
2026-10-13T01:52:00.000 -2385.186335828150 -6275.783418931620 1065.721050828760 4.15118893593841 -2.58185412932433 -5.89869676901141
2026-10-13T01:56:00.000 -1314.262383710670 -6659.651641499810 -371.583072521365 4.71868204173459 -0.59752815542895 -6.00548959857781
2026-10-13T02:00:00.000 -147.750406782474 -6559.163199800370 -1781.788999715690 4.94289298512812 1.42962322874883 -5.67432030996679
2026-10-13T02:04:00.000 1029.511052144180 -5981.891825860450 -3062.120554043210 4.80780687514668 3.35131820995758 -4.92996966959248
2026-10-13T02:08:00.000 2132.025128012830 -4970.203076822340 -4119.461928251640 4.32392520220247 5.02773728102992 -3.82757965460488
2026-10-13T02:12:00.000 3079.898348725950 -3597.958508827850 -4877.139090201650 3.52708118818642 6.33781515766239 -2.44809446999917
2026-10-13T02:16:00.000 3804.589901464150 -1964.959226018820 -5280.379837331160 2.47540762043915 7.18767049463031 -0.89192147453697
2026-10-13T02:20:00.000 4253.752131742520 -189.641876166757 -5300.116459906650 1.24488147631518 7.51670179303756 0.72841486013283
2026-10-13T02:24:00.000 4394.888844463750 1599.405036253290 -4934.967957082190 -0.07597905804164 7.30137611307589 2.29603846357659
2026-10-13T02:28:00.000 4217.656950234810 3272.578871594650 -4211.319513192350 -1.39215155639978 6.55681899730076 3.69777176055383
2026-10-13T02:32:00.000 3734.656232905060 4708.481923253490 -3181.503720529720 -2.60854573280366 5.33598345059422 4.83181146773149
2026-10-13T02:36:00.000 2980.648614404000 5802.688979610060 -1920.174630673930 -3.63671059921946 3.72659648860781 5.61513770423424
2026-10-13T02:40:00.000 2010.164171975580 6475.438641783520 -519.001691273528 -4.40140473754130 1.84528255906926 5.98992105556117
2026-10-13T02:44:00.000 893.610169478336 6677.618702764550 919.987141991538 -4.84645144803726 -0.17076068175713 5.92828673271490
2026-10-13T02:48:00.000 -287.885474144365 6394.489433668870 2291.929733089040 -4.93928049847967 -2.17414269229581 5.43465309777442
2026-10-13T02:52:00.000 -1448.470401644360 5646.777949612090 3496.894858047710 -4.67331923191254 -4.01859314703160 4.54542201505637
2026-10-13T02:56:00.000 -2503.890831874480 4489.063499548660 4447.252033928540 -4.06834063518609 -5.57004607116491 3.32597859642197
2026-10-13T03:00:00.000 -3377.645552140760 3005.641567420080 5074.032605995280 -3.16870463161281 -6.71643033585295 1.86544390494489
2026-10-13T03:04:00.000 -4006.475044825710 1304.263211453790 5331.835062056980 -2.03968641271129 -7.37541438315117 0.26984888200151
2026-10-13T03:08:00.000 -4344.833536277930 -491.677572523559 5201.981657198050 -0.76274898682993 -7.49968230242329 -1.34543282946234
2026-10-13T03:12:00.000 -4368.105906036630 -2251.960856038860 4693.809608953980 0.57014527114446 -7.07996349943842 -2.86364749929688
2026-10-13T03:16:00.000 -4074.399603495840 -3848.809745975230 3844.054255318420 1.86267500851493 -6.14587716545460 -4.17455683917665
2026-10-13T03:20:00.000 -3484.785229496350 -5166.104039182240 2714.323601802480 3.02097349090910 -4.76442513994359 -5.18242324057652
2026-10-13T03:24:00.000 -2641.879700548560 -6107.870121751620 1386.737844343180 3.96045480298366 -3.03555848568705 -5.81312759017881
2026-10-13T03:28:00.000 -1606.843576123430 -6605.418330441840 -41.987517149266 4.61219129792628 -1.08533377633488 -6.02001363303749
2026-10-13T03:32:00.000 -454.936555353180 -6622.529613641810 -1467.655578871150 4.92840781582258 0.94345865630738 -5.78783472055709
2026-10-13T03:36:00.000 730.050654439909 -6158.169500665060 -2786.331212514950 4.88625087104072 2.90230617903425 -5.13399453693873
2026-10-13T03:40:00.000 1862.019873708930 -5246.483655396860 -3902.051291581430 4.48941440514575 4.64844652074650 -4.10704082355434
2026-10-13T03:44:00.000 2858.897995931660 -3954.106514173280 -4733.850853767740 3.76746453293972 6.05555016855985 -2.78254296788684
2026-10-13T03:48:00.000 3648.567903406880 -2375.107839361070 -5221.558151012330 2.77322022317312 7.02262344101989 -1.25708697218262
2026-10-13T03:52:00.000 4173.980737178430 -624.068748066845 -5329.995047142470 1.57865587945135 7.48065020230874 0.35888581595305
2026-10-13T03:56:00.000 4397.151983985700 1172.163196356970 -5051.379493270630 0.26973237981656 7.39694800906008 1.94883539335239
2026-10-13T04:00:00.000 4301.830443147280 2883.481168449540 -4405.844053929890 -1.05940633956225 6.77722358046860 3.39798834516599
2026-10-13T04:04:00.000 3894.703876685880 4385.775991397290 -3440.061048273620 -2.31287130257657 5.66551386439761 4.60126700475793
2026-10-13T04:08:00.000 3205.015989321960 5569.860175492020 -2224.002376286410 -3.39967634095501 4.14149377469113 5.47076675190524
2026-10-13T04:12:00.000 2282.593178260580 6349.465550947870 -845.997376898754 -4.24039870219590 2.31539577635632 5.94243555493494
2026-10-13T04:16:00.000 1194.310216730720 6667.688098041490 593.649892394969 -4.77331382615606 0.32020815553971 5.98122518872211
2026-10-13T04:20:00.000 19.224962276594 6501.302935095700 1990.030227614910 -4.95931428005180 -1.69820285691802 5.58409993031948
2026-10-13T04:24:00.000 -1157.262492986970 5862.516144210630 3241.408462672020 -4.78498016800510 -3.59236626375764 4.78035856287786
2026-10-13T04:28:00.000 -2249.718245887700 4797.987711862640 4256.739159705700 -4.26340429070693 -5.22444461661358 3.62916860254679
2026-10-13T04:32:00.000 -3178.922862035060 3385.269812885220 4962.298766660420 -3.43290230666440 -6.47637116606906 2.21473645315305
2026-10-13T04:36:00.000 -3877.582427210780 1727.037882300670 5306.956083520850 -2.35387756344442 -7.25808270030900 0.63995787554133
2026-10-13T04:40:00.000 -4295.105852636550 -56.405187035662 5265.757570777770 -1.10427934892701 -7.51350007777030 -0.98122359450203
2026-10-13T04:44:00.000 -4401.176094333750 -1835.750506670560 4841.643282537210 0.22587198192336 -7.22407842429536 -2.53163534838492
2026-10-13T04:48:00.000 -4187.920120490240 -3481.897451744710 4065.254599787830 1.54062784734696 -6.41010679788383 -3.89893971701231
2026-10-13T04:52:00.000 -3670.555780898190 -4875.193766644360 2992.832615107920 2.74462376122947 -5.12969393764008 -4.98341416632077
2026-10-13T04:56:00.000 -2886.429491472250 -5914.158261415530 1702.285935054010 3.74998667128238 -3.47532318125760 -5.70539301144437
2026-10-13T05:00:00.000 -1892.401343826290 -6523.018542631930 287.593879874081 4.48302887159895 -1.56746488954716 -6.01152956922408
2026-10-13T05:04:00.000 -760.728334838798 -6657.407340006500 -1148.081771649720 4.88998004770915 0.45428507007503 -5.87918619932595
2026-10-13T05:08:00.000 426.265587190879 -6307.702099417830 -2500.049665770600 4.94127059843444 2.44187693737718 -5.31833648127395
2026-10-13T05:12:00.000 1582.299471528680 -5499.684455632940 -3669.863744167740 4.63367217680521 4.25021850881785 -4.37068979331266
2026-10-13T05:16:00.000 2623.502019893730 -4292.487433072060 -4572.569435184160 3.99030414172063 5.74822037326455 -3.10615512498727
2026-10-13T05:20:00.000 3474.508801424510 -2774.064136641750 -5142.817773364060 3.05841122440545 6.82818200836922 -1.61713630855754
2026-10-13T05:24:00.000 4073.823519404550 -1054.669870695160 -5339.450940835730 1.90558660065749 7.41295997682979 -0.01158221616416
2026-10-13T05:28:00.000 4378.133441004100 741.102741423317 -5148.323376708670 0.61487690466045 7.46084607044598 1.59464652675062
2026-10-13T05:32:00.000 4365.347224170640 2483.192989124960 -4583.256646108940 -0.72093004172361 6.96823193833259 3.08568799733747
2026-10-13T05:36:00.000 4036.190962076100 4045.302880928150 -3685.086931341760 -2.00554159247171 5.96995972873365 4.35357338225287
2026-10-13T05:40:00.000 3414.260516239440 5313.948280044950 -2518.854472561050 -3.14581829357737 4.53745071768756 5.30580023931697
2026-10-13T05:44:00.000 2544.442945186600 6196.750925245530 -1169.232812646030 -4.05857989233901 2.77416971908535 5.87234454896068
2026-10-13T05:48:00.000 1489.755658330190 6629.305727891790 265.573423956413 -4.67689780089047 0.80835926710588 6.01123187608830
2026-10-13T05:52:00.000 326.787587281282 6580.038845527820 1681.021894329140 -4.95536700134407 -1.21635780515910 5.71201078780343
2026-10-13T05:56:00.000 -859.938960050674 6052.600223186390 2973.971291217050 -4.87371167100884 -3.15198041641846 4.99673207405189
2026-10-13T06:00:00.000 -1984.218864913160 5085.544493722860 4050.314711104600 -4.43823545400365 -4.85748840538023 3.91810419336853
2026-10-13T06:04:00.000 -2964.493776919420 3749.370391964840 4831.862680757070 -3.68105574670344 -6.20932426874685 2.55516820308742
2026-10-13T06:08:00.000 -3729.753448241210 2141.239811302440 5261.954076626260 -2.65735821500799 -7.11012457302181 1.00715173580179
2026-10-13T06:12:00.000 -4224.590927360970 377.863913646166 5309.448544346500 -1.44118281810038 -7.49524462970845 -0.61378633688701
2026-10-13T06:16:00.000 -4413.114886439890 -1412.896847214800 4970.882516454690 -0.12018304495550 -7.33690662327278 -2.19049931325975
2026-10-13T06:20:00.000 -4281.510144151340 -3101.148511677830 4270.709537941750 1.21038642138182 -6.64607096811085 -3.60882652447055
2026-10-13T06:24:00.000 -3839.083339227630 -4564.252868000360 3259.622782696360 2.45422001117118 -5.47195374258664 -4.76555417360755
2026-10-13T06:28:00.000 -3117.704188177370 -5695.707188569860 2011.022682398900 3.52072252490456 -3.89909760011926 -5.57587813762519
2026-10-13T06:32:00.000 -2169.626196263860 -6413.004192659210 615.780242689352 4.33173383653578 -2.04177662300910 -5.97997001531385
2026-10-13T06:36:00.000 -1063.734982892800 -6663.838557989840 -824.380957149399 4.82774205521566 -0.03581502174109 -5.94788157680110
2026-10-13T06:40:00.000 119.523476222593 -6430.061937398750 -2204.424112100370 4.97254915778330 1.97182467903229 -5.48214435275665
2026-10-13T06:44:00.000 1294.111878888380 -5728.994718732320 -3423.817535861120 4.75604343677224 3.83444996324503 -4.61748068216015
2026-10-13T06:48:00.000 2374.770512152640 -4612.003508932440 -4393.947115065410 4.19469854748395 5.41681950658647 -3.41777396908052
2026-10-13T06:52:00.000 3283.230829400930 -3160.541869985690 -5044.526868085340 3.32987677521109 6.60491232550447 -1.97086996408310
2026-10-13T06:56:00.000 3953.820912957490 -1480.077667755340 -5328.570167403150 2.22448541538930 7.31375601979404 -0.38185578259484
2026-10-13T07:00:00.000 4338.084545508290 307.576892980557 -5225.622908737710 0.95823318731610 7.49281204472297 1.23453302789666
2026-10-13T07:04:00.000 4408.173753554300 2072.950411190020 -4743.145713996330 -0.37783229724204 7.12914452187038 2.76173213398347
2026-10-13T07:08:00.000 4158.840993262140 3688.100555390130 -3916.001048501620 -1.68749407293598 6.24840456146947 4.08927381975419
2026-10-13T07:12:00.000 3607.893785294350 5035.757234540000 -2804.054233982510 -2.87596599944808 4.91344306726327 5.12051779218069
2026-10-13T07:16:00.000 2795.038450412820 6017.835042936450 -1487.984020502140 -3.85665741656494 3.22040369196330 5.77976536188558
2026-10-13T07:20:00.000 1779.130524772720 6562.700780556740 -63.517529641401 -4.55764301774677 1.29232608379611 6.01818442112583
2026-10-13T07:24:00.000 633.924172016173 6630.596224884400 1365.569370643130 -4.92752084932353 -0.72995305283660 5.81801274763890
2026-10-13T07:28:00.000 -557.361183327332 6216.621481636450 2695.137239430610 -4.93930572137358 -2.69864330262186 5.19399789952045
2026-10-13T07:32:00.000 -1708.176755364760 5351.058261152440 3828.386056819420 -4.59239997164079 -4.47020479720120 4.19212932285422
2026-10-13T07:36:00.000 -2735.007476416340 4097.043138907710 4682.953743502250 -3.91248079114772 -5.91608652022671 2.88591994066701
2026-10-13T07:40:00.000 -3563.448411288700 2545.816847685470 5196.861005980610 -2.94924525268800 -6.93202141679512 1.37061580601020
2026-10-13T07:44:00.000 -4133.520956261930 810.000423214316 5332.891534106140 -1.77246286579116 -7.44507242773274 -0.24392670547721
2026-10-13T07:48:00.000 -4403.908933252450 -984.531065057044 5081.179683719390 -0.46697321875662 -7.41832838929624 -1.84096472031115
2026-10-13T07:52:00.000 -4354.891575041290 -2707.635450329300 4459.896859701960 0.87312856479967 -6.85335766585956 -3.30495443353703
2026-10-13T07:56:00.000 -3989.798890149040 -4234.196537676810 3513.998674698000 2.15096686105001 -5.79027869752872 -4.52953246674789
2026-10-13T08:00:00.000 -3334.872749569600 -5453.148828686920 2312.114161170430 3.27360289351763 -4.30550225851272 -5.42501249049919
2026-10-13T08:04:00.000 -2437.501088854100 -6275.653826155570 941.672073795792 4.15891570363105 -2.50672712955617 -5.92546643960650
2026-10-13T08:08:00.000 -1362.836101762420 -6641.722019569710 -497.454716771909 4.74193872467989 -0.52522584864358 -5.99380985032800
2026-10-13T08:12:00.000 -189.039225803753 -6524.754580678540 -1900.298946001330 4.97997350930681 1.49379843360875 -5.62503748720424
2026-10-13T08:16:00.000 998.519507385088 -5933.534143921480 -3164.628745722450 4.85601496356852 3.40267300999857 -4.84673209687685
2026-10-13T08:20:00.000 2113.596132656070 -4911.439743685430 -4198.509252961470 4.37976517140266 5.06258026824311 -3.71650998186594
2026-10-13T08:24:00.000 3075.382968701960 -3533.073815467670 -4926.983130495740 3.58647910772783 6.35368604439183 -2.31728786120095
2026-10-13T08:28:00.000 3814.322998070570 -1898.665406367030 -5297.397833524320 2.53401790399474 7.18347320720767 -0.75083773747420
2026-10-13T08:32:00.000 4277.025760436790 -126.744456413039 -5283.058248113610 1.29841245571109 7.49277416271027 0.86958346306227
2026-10-13T08:36:00.000 4429.998949089240 1654.350784437800 -4885.039019598250 -0.03148719357476 7.25942822354162 2.42713301829321
2026-10-13T08:40:00.000 4262.023957146170 3315.576110174970 -4132.099862035160 -1.35997256507868 6.49978810945772 3.80926798756696
2026-10-13T08:44:00.000 3785.024467439940 4736.379937188780 -3078.710636978290 -2.59102013179070 5.26794192609316 4.91554958470071
2026-10-13T08:48:00.000 3033.327996373970 5813.419229108420 -1801.257804068970 -3.63508610501748 3.65244924797129 5.66492363123732
2026-10-13T08:52:00.000 2061.305670423750 6468.183086779650 -392.609038572060 -4.41576475810299 1.77047516122900 6.00204393079659
2026-10-13T08:56:00.000 939.481166695342 6652.881525603260 1044.646217784080 -4.87573001059436 -0.24072834458389 5.90178957609191
2026-10-13T09:00:00.000 -250.620931111648 6354.074422722930 2405.759918069030 -4.98128897179713 -2.23399235331768 5.37148407698064
2026-10-13T09:04:00.000 -1422.525491133380 5593.667576921640 3591.614544841910 -4.72508298934727 -4.06389773400468 4.45033062128007
2026-10-13T09:08:00.000 -2491.178290667950 4427.158479797840 4515.998031686670 -4.12617605775489 -5.59761026391659 3.20595052537121
2026-10-13T09:12:00.000 -3379.120239938240 2939.451516890110 5111.834480404730 -3.22836439666607 -6.72436126206195 1.72916817168610
2026-10-13T09:16:00.000 -4022.048802384750 1238.596935150820 5335.961470686530 -2.09679979117155 -7.36314512851189 0.12720322906613
2026-10-13T09:20:00.000 -4373.388235190410 -552.048638060946 5172.141011928560 -0.81314681558957 -7.46808400804594 -1.48412356278108
2026-10-13T09:24:00.000 -4407.577424431770 -2302.642568985660 4632.175249852000 0.53012415841897 -7.03131380318324 -2.98828716474651
2026-10-13T09:28:00.000 -4121.928008477140 -3886.113481315690 3755.112292251730 1.83597932933972 -6.08372053028848 -4.27609357796922
2026-10-13T09:32:00.000 -3536.910129389240 -5187.308526074270 2604.548742428850 3.00959770236504 -4.69323934368644 -5.25341409733513
2026-10-13T09:36:00.000 -2694.804337347230 -6111.425040991310 1264.142187925140 3.96520141877190 -2.96058276982426 -5.84831908438337
2026-10-13T09:40:00.000 -1656.715550178200 -6591.079994210420 -168.451022194012 4.63273781932930 -1.01211539256548 -6.01686477148217
2026-10-13T09:44:00.000 -498.117360550223 -6591.367954953170 -1588.760266873200 4.96328007407972 1.00957189381528 -5.74660556761811
2026-10-13T09:48:00.000 696.713505919685 -6112.484966831050 -2893.251842366690 4.93290800587936 2.95647828932205 -5.05776246991196
2026-10-13T09:52:00.000 1840.963483144320 -5189.633250873670 -3987.015766313690 4.54447360773565 4.68676271763081 -4.00143490388532
2026-10-13T09:56:00.000 2851.668532245910 -3890.247328499880 -4790.701757095020 3.82692615262216 6.07530109992292 -2.65530042861219
2026-10-13T10:00:00.000 3655.706212262550 -2308.886706023730 -5246.185631868370 2.83276008216353 7.02244417020778 -1.11743307743418
2026-10-13T10:04:00.000 4194.983090791960 -560.291447962249 -5320.620558973800 1.63394477433264 7.46058819283468 0.50086435832001
2026-10-13T10:08:00.000 4430.505957451810 1228.872003885680 -5008.681944969290 0.31673974020852 7.35846866818393 2.08286080267589
2026-10-13T10:12:00.000 4345.117487034040 2929.011579456920 -4332.914793212980 -1.02415250207601 6.72310784134946 3.51435939120661
2026-10-13T10:16:00.000 3944.773084883530 4416.819400036390 -3342.185541733780 -2.29194746154035 5.59963404433118 4.69150284183566
2026-10-13T10:20:00.000 3258.225865909870 5584.152071569400 -2108.290427103550 -3.39458807513150 4.06862792255577 5.52824979796857
2026-10-13T10:24:00.000 2335.077596179400 6345.960760276920 -720.872829140336 -4.25148850099651 2.24087926114534 5.96289807626224
2026-10-13T10:28:00.000 1242.262082133450 6646.657318990210 719.063174282011 -4.79977006736806 0.24958394840996 5.96315913045950
2026-10-13T10:32:00.000 59.161956137268 6464.316054688910 2106.592548466670 -4.99924403458997 -1.75972795535361 5.52886548275810
2026-10-13T10:33:44.000 -459.976610239473 6237.410701093080 2665.793927520500 -4.97276940722379 -2.59880923231640 5.21268318418579
2026-10-13T10:37:44.000 -1622.259760238250 5394.779853078810 3804.543503453770 -4.65392210283115 -4.38009819648895 4.21901429923736
2026-10-13T10:41:44.000 -2666.799933539940 4160.553827095500 4666.362046300290 -3.99764222330750 -5.84230827874892 2.91908870901113
2026-10-13T10:45:44.000 -3517.911812921040 2624.513086335260 5188.741431193140 -3.05184577934596 -6.88003501874941 1.40760198267009
2026-10-13T10:49:44.000 -4113.958403001020 898.161700447242 5333.832116995150 -1.88498461252676 -7.41865673121595 -0.20588101482678
2026-10-13T10:53:44.000 -4411.726091998710 -893.306417577597 5091.097157857240 -0.58122354576263 -7.41936924744199 -1.80466884204025
2026-10-13T10:57:44.000 -4389.500629177220 -2619.964443418960 4478.043901981400 0.76548228059042 -6.88173735722774 -3.27308979364731
2026-10-13T11:01:44.000 -4048.658442700890 -4156.425460742540 3539.029559558010 2.05774986920579 -5.84389400971240 -4.50437795351961
2026-10-13T11:05:44.000 -3413.686811580720 -5390.896420294960 2342.185082900570 3.20154219010187 -4.38040649439074 -5.40841814140885
2026-10-13T11:09:44.000 -2530.532356813420 -6233.398588221440 974.577463612941 4.11321360367642 -2.59745465600135 -5.91856943268652
2026-10-13T11:13:44.000 -1463.325731333040 -6622.497658389370 -464.113356420999 4.72586312970490 -0.62526702783232 -5.99711077945023
2026-10-13T11:17:44.000 -289.692605875495 -6529.933569877430 -1868.964974430280 4.99468972724037 1.39172992679373 -5.63835848086576
2026-10-13T11:21:44.000 905.005383126426 -5962.705873073820 -3137.600308659500 4.90041934362059 3.30602135371962 -4.86906084639791
2026-10-13T11:25:44.000 2033.993685827340 -4962.454930896840 -4177.759563431970 4.45058209727514 4.97829416741001 -3.74618653707753
2026-10-13T11:29:44.000 3015.449899030300 -3602.218767497090 -4914.027744479660 3.67857962782133 6.28779701858280 -2.35217159403028
2026-10-13T11:33:44.000 3778.397761533360 -1980.928408491330 -5293.193461368600 2.64077440989463 7.14070920533822 -0.78843972346361
2026-10-13T11:37:44.000 4267.720785795460 -216.169964590980 -5287.935233065500 1.41215954108137 7.47621355518893 0.83195964546248
2026-10-13T11:41:44.000 4448.019111970920 1564.238986103900 -4898.676803946030 0.08110208455459 7.27031560464338 2.39219442698905
2026-10-13T11:45:44.000 4306.110468286030 3231.320152679260 -4153.544835599490 -1.25666516530000 6.53741906211142 3.77954255081803
2026-10-13T11:49:44.000 3852.030053040690 4664.119906036700 -3106.443161542860 -2.50450225899184 5.32968647091497 4.89320299161843
2026-10-13T11:53:44.000 3118.436417520000 5758.448901857630 -1833.293483759980 -3.57167726277214 3.73391651502580 5.65164589766426
2026-10-13T11:57:44.000 2158.372556831050 6434.552982778410 -426.631341545055 -4.38013517684316 1.86575641216729 5.99887351913480
2026-10-13T12:01:44.000 1041.479579023520 6643.093549575810 1011.111226681530 -4.87053371447362 -0.13853688563721 5.90901265425178
2026-10-13T12:05:44.000 -151.098376992212 6368.890489574720 2375.166656216030 -5.00699660439375 -2.13242925059697 5.38862030767765
2026-10-13T12:09:44.000 -1332.713321224270 5632.029689222010 3566.198896278960 -4.77978579133273 -3.97044362549535 4.47606636785599
2026-10-13T12:13:44.000 -2417.589503181630 4486.291503362080 4497.607222140400 -4.20584386875830 -5.51902199164653 3.23840050066802
2026-10-13T12:17:44.000 -3327.088049593680 3015.077971586460 5101.807652792830 -3.32724963444119 -6.66635600951971 1.76599231892817
2026-10-13T12:21:44.000 -3995.348329962750 1325.226473274940 5335.026609875310 -2.20771148177468 -7.33002830971047 0.16566490353314
2026-10-13T12:25:44.000 -4373.939720090850 -460.716788775672 5180.345037389550 -0.92794147964505 -7.46224023693823 -1.44689995147700
2026-10-13T12:29:44.000 -4435.308193734340 -2213.236552696260 4648.889656556170 0.41980842854819 -7.05310324615681 -2.95502264091465
2026-10-13T12:33:44.000 -4174.785917761550 -3805.110353701580 3779.089038614290 1.73817914500316 -6.13151732068540 -4.24920390025644
2026-10-13T12:37:44.000 -3611.017056967810 -5120.563632883280 2634.012043630600 2.93140401055371 -4.76352372111392 -5.23486648157518
2026-10-13T12:41:44.000 -2784.739183855790 -6063.741482612020 1296.914228397770 3.91229930894114 -3.04815468256348 -5.83945132255258
2026-10-13T12:45:44.000 -1755.913916666830 -6565.853276456950 -134.775539133837 4.60888962829529 -1.11054541344917 -6.01823535592163
2026-10-13T12:49:44.000 -599.366045794551 -6590.362692087090 -1556.636663921320 4.97014548920272 0.90738866386848 -5.75808886422054
2026-10-13T12:53:44.000 600.767600317905 -6135.708565458540 -2865.017375702160 4.96995335079986 2.85798481024543 -5.07847744303406
2026-10-13T12:57:44.000 1757.273936779090 -5235.333923148390 -3964.709281663480 4.60892902699495 4.59907654385071 -4.02980800326346
2026-10-13T13:01:44.000 2786.281175534670 -3955.058462413610 -4775.917024488240 3.91405232551374 6.00467978287705 -2.68922637948695
2026-10-13T13:05:44.000 3613.329823563010 -2388.084690783530 -5239.969368997220 2.93622944950894 6.97388910857149 -1.15448517494361
2026-10-13T13:09:44.000 4178.662975471740 -648.131369105424 -5323.410429750930 1.74629764847464 7.43756390641572 0.46331455548213
2026-10-13T13:13:44.000 4441.410212517450 1138.755049127670 -5020.272348625880 0.42989003789325 7.36263260593390 2.04751477534000
2026-10-13T13:17:44.000 4382.456620717190 2843.149751819960 -4352.465418772020 -0.91835072290842 6.75419436661167 3.48378126939599
2026-10-13T13:21:44.000 4005.847555318380 4341.443408782620 -3368.273306387360 -2.20115616537840 5.65539768919510 4.66793590170268
2026-10-13T13:25:44.000 3338.617434524450 5524.734916579780 -2139.018123960880 -3.32538449790554 4.14505656426534 5.51338388615817
2026-10-13T13:29:44.000 2428.964161393780 6306.830172622260 -754.007033582882 -4.20892840512444 2.33247568297506 5.95784076064031
2026-10-13T13:33:44.000 1342.831711289870 6630.669762928490 685.938450416794 -4.78697613291273 0.34966672452650 5.96828943592767
2026-10-13T13:37:44.000 159.116050304293 6472.644303622140 2075.890887269520 -5.01713714770799 -1.65841159205439 5.54381155141570
2026-10-13T13:41:44.000 -1036.161958506680 5844.369911811660 3314.602003699640 -4.88279956878444 -3.54508935498501 4.71575311468495
2026-10-13T13:45:44.000 -2156.216190156940 4791.740574395120 4311.972834480880 -4.39417636161814 -5.17318607563138 3.54502548378417
2026-10-13T13:49:44.000 -3119.830951801050 3391.420579647180 4995.595806240380 -3.58713001934743 -6.42496267738589 2.11718603449928
2026-10-13T13:53:44.000 -3857.212393787740 1745.160479870170 5315.928687534400 -2.52036616443534 -7.21034956993473 0.53603031155024
2026-10-13T13:57:44.000 -4314.952879627770 -27.628743563006 5249.766560960920 -1.27086657598363 -7.47299823323018 -1.08408137377816
2026-10-13T14:01:44.000 -4459.787350644080 -1798.417385102220 4801.832973866290 0.07140954988143 -7.19368427258067 -2.62607399895475
2026-10-13T14:05:44.000 -4281.007625074920 -3438.696884681910 4004.485150809390 1.40953665663667 -6.39189580289659 -3.97807994613443
2026-10-13T14:09:44.000 -3791.325142342640 -4829.224291174910 2915.501077367380 2.64644407398869 -5.12496537233434 -5.04143604582891
2026-10-13T14:13:44.000 -3026.069154285880 -5868.715152949600 1614.010272065080 3.69187452049405 -3.48440715547044 -5.73800378765122
2026-10-13T14:17:44.000 -2040.728444683120 -6481.355562475500 194.805330527050 4.46917486371864 -1.58969933470345 -6.01628270277710
2026-10-13T14:21:44.000 -906.942039904784 -6622.515043691160 -1238.610913486810 4.92133152531710 0.42043387670364 -5.85572474112659
2026-10-13T14:25:44.000 292.799075290288 -6282.095250189930 -2581.716187854260 5.01548928095612 2.39881194966503 -5.26840850590293
2026-10-13T14:29:44.000 1471.276609341530 -5485.213090154820 -3736.723835817090 4.74534177669493 4.20106041948693 -4.29798927708590
2026-10-13T14:33:44.000 2542.981339671290 -4290.188358704010 -4619.763366520240 4.13125940839113 5.69655484629485 -3.01597210743710
2026-10-13T14:37:44.000 3430.321458472260 -2784.093903184310 -5166.915640248510 3.21838516145875 6.77772614772049 -1.51602247415411
2026-10-13T14:41:44.000 4069.160348922430 -1076.301188090750 -5338.699786134170 2.07298231327839 7.36731795252036 0.09311105265015
2026-10-13T14:45:44.000 4413.326245391100 709.429977126686 -5122.779806228350 0.77759990900344 7.42332147842553 1.69529660768004
2026-10-13T14:49:44.000 4437.847443359730 2443.770234881320 -4534.779485737440 -0.57464503273955 6.94157241272462 3.17498658780162
2026-10-13T14:53:44.000 4140.749797460140 4000.992116732490 -3617.199755481080 -1.88630589228335 5.95614031804411 4.42503702648555
2026-10-13T14:57:44.000 3543.295334019620 5267.974309224510 -2436.491800356620 -3.06233901580309 4.53749120065655 5.35422833681572
2026-10-13T15:01:44.000 2688.585835770720 6152.457577668280 -1078.387579727690 -4.01691726696213 2.78806117528894 5.89415496719660
2026-10-13T15:05:44.000 1638.548227536610 6589.929809688720 358.275432297430 -4.68005084220429 0.83521492180784 6.00480364629902
2026-10-13T15:09:44.000 469.433524864214 6548.486712007720 1768.822926948730 -5.00312768418798 -1.17840500935512 5.67785549815561
2026-10-13T15:13:44.000 -733.795150975570 6031.223538989660 3050.483932401400 -4.96263485015783 -3.10565100830070 4.93740341681515
2026-10-13T15:17:44.000 -1883.741930393880 5075.961177894000 4109.991234405410 -4.56190701675106 -4.80614617196495 3.83800538135532
2026-10-13T15:21:44.000 -2896.994716100530 3752.330466458440 4870.400153003160 -3.83052711655556 -6.15679817255732 2.46018461927485
2026-10-13T15:25:44.000 -3700.151230118770 2156.552922842860 5276.587209096910 -2.82176236171382 -7.06034854869379 0.90412958733367
2026-10-13T15:29:44.000 -4235.046861154770 404.423145349525 5299.128257575410 -1.60855810506867 -7.45188339668738 -0.71745478200152
2026-10-13T15:33:44.000 -4462.870237751540 -1377.026205061830 4936.351054775930 -0.27828109672221 -7.30314068993554 -2.28737580827565
2026-10-13T15:37:44.000 -4366.921000058180 -3058.570876676710 4214.447487913000 1.07318373475544 -6.62426065165008 -3.69193432794997
2026-10-13T15:41:44.000 -3953.894432237040 -4518.029054135210 3185.687737357750 2.34790631454488 -5.46354496352486 -4.82880751139947
2026-10-13T15:45:44.000 -3253.531307870240 -5649.140696814990 1924.776530769000 3.45296777868938 -3.90467231952551 -5.61457323988038
2026-10-13T15:49:44.000 -2316.565524276160 -6369.427356304080 523.504619555958 4.30744559728821 -2.06097204329966 -5.99120367949876
2026-10-13T15:53:44.000 -1211.084400809390 -6626.380302600420 -915.952482336001 4.84862218024287 -0.06730767610053 -5.93081955406629
2026-10-13T15:57:44.000 -17.518811309448 -6401.422718238250 -2288.613381271770 5.03703297109232 1.93027011953565 -5.43807134846921
2026-10-13T16:01:44.000 1177.335625005690 -5711.240636396070 -3494.493598361270 4.85940272892591 3.78584847448770 -4.54963503140088
2026-10-13T16:05:44.000 2286.734209078600 -4606.412500142590 -4445.969517970830 4.32937567911545 5.36467737013845 -3.33113210067742
2026-10-13T16:09:44.000 3230.314469649840 -3167.510137426590 -5074.120214792540 3.48607519989836 6.55303210708655 -1.87173511672211
2026-10-13T16:13:44.000 3939.848847987310 -1499.091096606580 -5333.582731278290 2.39084806165919 7.26586335594504 -0.27739648321002
2026-10-13T16:17:44.000 4364.056009827210 277.894126077092 -5205.683398132760 1.12271322990085 7.45232724008602 1.33673659979778
2026-10-13T16:21:44.000 4472.198590072070 2034.739390301570 -4699.698424386600 -0.22712660254542 7.09899778025350 2.85422765425660
2026-10-13T16:25:44.000 4256.276396765600 3644.126341462160 -3852.203824002490 -1.56147297321219 6.23082738284463 4.16532816437729
2026-10-13T16:29:44.000 3731.672796068090 4989.213606171310 -2724.542766742890 -2.78379815968919 4.90973860650516 5.17461541596649
2026-10-13T16:33:44.000 2936.177565472890 5972.105563450390 -1398.539115277230 -3.80504482298559 3.23086818743715 5.80793293171104
2026-10-13T16:37:44.000 1927.379174547790 6521.120985215290 29.348134412848 -4.55036922129938 1.31623576581164 6.01834189425680
2026-10-13T16:41:44.000 778.514413897363 6596.208471267150 1455.089102696600 -4.96509033603122 -0.69428775646295 5.79014420246685
2026-10-13T16:45:44.000 -426.925148234715 6191.960474303700 2774.790267185170 -5.01897269160789 -2.65373162326704 5.14015683400908
2026-10-13T16:49:44.000 -1601.366178357600 5337.970294393960 3892.382526690520 -4.70842092408704 -4.41926140083771 4.11631106456372
2026-10-13T16:53:44.000 -2659.588469793370 4096.532623347890 4726.663061111140 -4.05646016628032 -5.86287649507185 2.79371901986398
2026-10-13T16:57:44.000 -3524.907479766250 2557.951163261340 5217.138811305410 -3.11070686116446 -6.88051473972850 1.26874015785235
2026-10-13T17:01:44.000 -4134.661744974800 833.906894025538 5328.288482444200 -1.93966261067342 -7.39908174781209 -0.34814737976797
2026-10-13T17:05:44.000 -4444.647879425670 -950.589595285022 5052.030133239610 -0.62773734790808 -7.38120379668667 -1.94006507166449
2026-10-13T17:09:44.000 -4432.255913106020 -2666.123274805010 4408.298885145740 0.73056018385504 -6.82776357363658 -3.39178413285109
2026-10-13T17:13:44.000 -4098.136502958400 -4188.114302168610 3443.682417669630 2.03699831424153 -5.77801791315766 -4.59772726118823
2026-10-13T17:17:44.000 -3466.276604434100 -5405.818815559350 2228.180723845830 3.19652711550909 -4.30740986177948 -5.46959032689498
2026-10-13T17:21:44.000 -2582.390526104270 -6230.475087593440 850.227288075776 4.12428638284669 -2.52264732424346 -5.94308644853709
2026-10-13T17:25:44.000 -1510.665769646600 -6601.949154909850 -589.739393103327 4.75220547838392 -0.55410493979795 -5.98315116452585
2026-10-13T17:29:44.000 -329.062246741703 -6493.274949337970 -1986.696148769200 5.03436039473520 1.45398583829070 -5.58693984945043
2026-10-13T17:33:44.000 876.476151140191 -5912.640716024730 -3238.853693346680 4.95053681807856 3.35480665963534 -4.78402154398626
2026-10-13T17:37:44.000 2018.390552817610 -4902.659759044110 -4255.174603065130 4.50752899745569 5.01011294413340 -3.63379407097763
2026-10-13T17:41:44.000 3013.923009193840 -3537.056574750980 -4961.988592194130 3.73821278130334 6.30044991837461 -2.22060521000148
2026-10-13T17:45:44.000 3791.065684414810 -1915.125755605140 -5308.218260451360 2.69869428309316 7.13336990171682 -0.64719629103848
2026-10-13T17:49:44.000 4293.650545109450 -154.487834132120 -5268.914479008830 1.46406441506716 7.44941898726055 0.97271441880227
2026-10-13T17:53:44.000 4485.290803716060 1617.329267269790 -4846.954356254810 0.12312543374837 7.22592848773904 2.52229466276361
2026-10-13T17:57:44.000 4351.964611394420 3271.946201618770 -4072.834800556610 -1.22760138527487 6.47855708583937 3.88952689962586
2026-10-13T18:01:44.000 3903.083349937550 4689.295218988500 -3002.570226719230 -2.49050925938669 5.26056391707087 4.97506509607623
2026-10-13T18:05:44.000 3170.924347872170 5766.290243503370 -1713.770650117600 -3.57378632676224 3.65945297148753 5.69938729845419
2026-10-13T18:09:44.000 2208.429702547410 6424.415665376060 -300.132067366989 -4.39814688237839 1.79131198436999 6.00889400104506
2026-10-13T18:13:44.000 1085.435042024470 6615.637750885060 1135.376448865090 -4.90304126592605 -0.20751845798027 5.88047546354205
2026-10-13T18:17:44.000 -116.447227915329 6326.052640571970 2488.131829144270 -5.05153725389808 -2.19082819086709 5.32356436384240
2026-10-13T18:21:44.000 -1309.874759284970 5576.895484514990 3659.620386095200 -4.83309066368169 -4.01387025336199 4.37927026712203
2026-10-13T18:25:44.000 -2408.217841901410 4422.863382016760 4564.680878214150 -4.26408142408646 -5.54429394714661 3.11698023999269
2026-10-13T18:29:44.000 -3331.862680902690 2947.957568262360 5137.656429376430 -3.38617086711645 -6.67166462133570 1.62879014580119
2026-10-13T18:33:44.000 -4013.913850623250 1259.285955008420 5337.043275318120 -2.26302111444201 -7.31493541487324 0.02266336862123
2026-10-13T18:37:44.000 -4404.946670574490 -520.682101205165 5148.390769933270 -0.97568514807070 -7.42785525212768 -1.58526392697543
2026-10-13T18:41:44.000 -4476.512411941210 -2262.874688005520 4585.294767339370 0.38309537243909 -7.00194868022471 -3.07871888513510
2026-10-13T18:45:44.000 -4223.202173668210 -3840.820992793610 3688.484897457060 1.71515775362189 -6.06731965218169 -4.34920931893645
2026-10-13T18:49:44.000 -3663.139381464770 -5139.762800539120 2523.002308965040 2.92372370523721 -4.69097944572631 -5.30386079117080
2026-10-13T18:53:44.000 -2836.798706940970 -6065.060768434450 1173.596589860360 3.92049877604136 -2.97262371077027 -5.87239881481980
2026-10-13T18:57:44.000 -1804.146827366210 -6549.244774836900 -261.408921451403 4.63239446758823 -1.03760437645862 -6.01275207414981
2026-10-13T19:01:44.000 -640.277735340427 -6557.101593318280 -1677.356200665180 5.00728070408068 0.97235491142072 -5.71460086115876
2026-10-13T19:05:44.000 570.147092501056 -6088.301186874630 -2971.038892239850 5.01806646356930 2.91017980404816 -5.00025377777894
2026-10-13T19:09:44.000 1739.183301949530 -5177.319279870070 -4048.348995769670 4.66460857759692 4.63475692302630 -3.92267234418362
2026-10-13T19:13:44.000 2782.066116543580 -3890.720436980530 -4831.142213109220 3.97330150088257 6.02139911007627 -2.56102184183390
2026-10-13T19:17:44.000 3623.333879099240 -2322.128318315920 -5262.815345955130 2.99474325212811 6.97060249601978 -1.01449069945192
2026-10-13T19:21:44.000 4202.185758886930 -585.342875068636 -5312.242354376660 1.79973149031958 7.41461835994425 0.60506706197373
2026-10-13T19:25:44.000 4476.741043074390 1193.828228453150 -4975.892887471020 0.47423694817889 7.32166185683090 2.18085146139529
2026-10-13T19:29:44.000 4426.999667587780 2886.501390243300 -4278.069433888590 -0.88640535956417 6.69805896222900 3.59905339019894
2026-10-13T19:33:44.000 4056.324273363090 4369.891229382740 -3269.238990022920 -2.18395845326618 5.58808276581077 4.75672179946807
2026-10-13T19:37:44.000 3391.313910352700 5536.164623445770 -2022.525443365510 -3.32420097247305 4.07141097637769 5.56919335219787
2026-10-13T19:41:44.000 2480.000939274470 6300.350499493890 -628.512047321805 -4.22385772292911 2.25776797279983 5.97657949023820
2026-10-13T19:45:44.000 1388.452940806970 6606.670577327560 811.305558850002 -4.81688964770361 0.27927205786837 5.94847214360777
2026-10-13T19:49:44.000 195.975234613612 6432.788599499050 2191.982410518270 -5.05978056091468 -1.71933469868887 5.48679721538118
2026-10-13T19:53:44.000 -1010.755527225170 5791.487184971170 3412.933763002980 -4.93499843465012 -3.59205706181376 4.62566971735458
2026-10-13T19:57:44.000 -2144.099781394800 4729.621609276030 4385.350291026680 -4.45204598557883 -5.20269672035567 3.42843638658192
2026-10-13T20:01:44.000 -3121.865822187820 3324.548123909740 5038.650770761520 -3.64646955555432 -6.43482835077155 1.98263353984975
2026-10-13T20:05:44.000 -3873.230218892880 1678.362368956340 5325.502052704800 -2.57682948443973 -7.19985932018855 0.39326094849614
2026-10-13T20:09:44.000 -4343.758979630970 -89.516882945344 5225.123238351690 -1.32033033415752 -7.44279784257609 -1.22469961318362
2026-10-13T20:13:44.000 -4499.266813480000 -1850.891729485390 4744.737874802400 0.03246079350976 -7.14592075550665 -2.75422375942616
2026-10-13T20:17:44.000 -4328.282825720520 -3477.940100943130 3919.080672130570 1.38391736743220 -6.33007027564766 -4.08439585067110
2026-10-13T20:21:44.000 -3842.956850854470 -4852.383765271510 2807.999736497890 2.63597140484370 -5.05358939271819 -5.11812755057747
2026-10-13T20:25:44.000 -3078.312390545470 -5874.119985769230 1492.245606904350 3.69728191256389 -3.40874494742453 -5.77944017405658
2026-10-13T20:29:44.000 -2089.796435400870 -6468.648038678750 67.659065274165 4.49007139075904 -1.51536684998158 -6.01942284108513
2026-10-13T20:33:44.000 -949.275954636364 -6592.680604804720 -1361.866678465400 4.95620734253801 0.48793598405562 -5.82037498630811
2026-10-13T20:37:44.000 260.268884069337 -6237.386937979700 -2692.109820629550 5.06181885709578 2.45448914544231 -5.19724748312798
2026-10-13T20:41:44.000 1450.916283270460 -5428.980475810880 -3826.249025262760 4.79982153562924 4.24083561628005 -4.19633219324489
2026-10-13T20:45:44.000 2536.294081823090 -4226.612660224810 -4681.965479158840 4.19004484835556 5.71763468133746 -2.89133740727113
2026-10-13T20:49:44.000 3437.837976448670 -2717.848221112990 -5197.340627078790 3.27723973788594 6.77879235197988 -1.37745011035630
2026-10-13T20:53:44.000 4090.375528525940 -1012.206908243100 -5335.185253332850 2.12757310871362 7.34845204200183 0.23566830479601
2026-10-13T20:57:44.000 4446.718401607800 766.733960550562 -5085.593733874120 0.82383959996561 7.38593923407999 1.83165100294794
2026-10-13T21:01:44.000 4480.977418446450 2490.129679974280 -4466.600400371920 -0.54024932003849 6.88827895204730 3.29533901778680
2026-10-13T21:05:44.000 4190.446305356130 4033.013979863710 -3522.949100471010 -1.86631899708604 5.89066359720217 4.52061133453665
2026-10-13T21:09:44.000 3595.904154284850 5283.279159426230 -2323.001185034060 -3.05819523188701 4.46450453295572 5.41798841707321
2026-10-13T21:13:44.000 2740.250167725890 6149.875346854100 -953.910401842232 -4.02888728660861 2.71290486100382 5.92138902020718
2026-10-13T21:17:44.000 1685.478590622110 6569.596358065670 484.676676075001 -4.70728925043205 0.76334218829120 5.99349392476438
2026-10-13T21:21:44.000 508.186920574578 6511.826037220620 1887.931698353590 -5.04360179837979 -1.24174979820955 5.62876139517413
2026-10-13T21:25:44.000 -706.052883788265 5980.860011244440 3153.607425177710 -5.01335933559496 -3.15579331844776 4.85410657615692
2026-10-13T21:29:44.000 -1869.039329186080 5015.523612129510 4189.604213064880 -4.61917654731649 -4.83944638305981 3.72657418183204
2026-10-13T21:33:44.000 -2896.402952627500 3686.179098908940 4920.684713774560 -3.89012060271977 -6.17081017386549 2.32870826871312
2026-10-13T21:37:44.000 -3713.704271124830 2089.474595741350 5293.864076629030 -2.87932196793606 -7.05401562911625 0.76222997654600
2026-10-13T21:41:44.000 -4261.747644099250 341.274157423694 5282.127945223090 -1.65988968843640 -7.42566591166071 -0.85946336151912
2026-10-13T21:45:44.000 -4500.763224995520 -1431.665318631380 4886.291087882130 -0.31966008548263 -7.25885853996172 -2.41917364106590
2026-10-13T21:49:44.000 -4413.251543823660 -3100.719834305830 4134.959301241430 1.04466362804855 -6.56510018109735 -3.80385964001304
2026-10-13T21:53:44.000 -4005.315152260100 -4544.622929767880 3082.562667227000 2.33426724005537 -5.39388736956383 -4.91264541071235
2026-10-13T21:57:44.000 -3306.328802464200 -5658.267351510810 1805.540219863920 3.45520173661732 -3.82967938690335 -5.66416867175104
2026-10-13T22:01:44.000 -2366.927401567170 -6360.472791968690 396.863434712458 4.32538501991598 -1.98623121989925 -6.00294376492181
2026-10-13T22:05:44.000 -1255.373991626720 -6600.077371677530 -1040.760154298280 4.88098146330160 0.00161695794487 -5.90390977722936
2026-10-13T22:09:44.000 -52.532368264571 -6359.792984922370 -2402.504902451830 5.08151372529401 1.98827963013245 -5.37459210062363
2026-10-13T22:13:44.000 1154.144984290470 -5657.432153268910 -3589.214155612110 4.91286379149457 3.82871854003327 -4.45435743618517
2026-10-13T22:17:44.000 2277.076411290240 -4544.444830710380 -4514.691718608200 4.38800730627952 5.38940517277560 -3.21109039545332
2026-10-13T22:21:44.000 3234.930585343330 -3101.965611517860 -5111.927231627630 3.54567853411326 6.55796703256673 -1.73572847432612
2026-10-13T22:25:44.000 3958.454063333650 -1434.765117114490 -5337.808067014150 2.44710332097250 7.25086357583310 -0.13523690986055
2026-10-13T22:29:44.000 4395.340729852980 336.335645520899 -5176.068405257260 1.17145655886189 7.41859760715540 1.47488826382700
2026-10-13T22:33:44.000 4513.906419632950 2083.071045312870 -4638.402597121140 -0.18956433985377 7.04897590650901 2.97849746817915
2026-10-13T22:37:44.000 4305.362244805210 3678.835904172180 -3763.658292605980 -1.53794055726023 6.16799318476064 4.26674787729023
2026-10-13T22:41:44.000 3784.538143065950 5007.740772818260 -2615.164992131210 -2.77602217926594 4.83853266976167 5.24572010055407
2026-10-13T22:45:44.000 2988.953361403390 5973.051643989460 -1276.285710783060 -3.81355783193988 3.15646287569251 5.84345865384459
2026-10-13T22:49:44.000 1976.211905376300 6504.371066701740 155.568293479504 -4.57450858303288 1.24408332502197 6.01567119462028
2026-10-13T22:53:44.000 819.845839308394 6562.945888634750 1576.077334130430 -5.00307982193633 -0.75889609331406 5.74948748831929
2026-10-13T22:57:44.000 -396.105195601215 6144.574560079340 2881.734227392550 -5.06804028292354 -2.70610186522919 5.06449106870935
2026-10-13T23:01:44.000 -1583.297958083900 5279.875221927090 3977.491326203290 -4.76496880611333 -4.45557944873481 4.01112235310026
2026-10-13T23:05:44.000 -2655.585980822850 4031.929431021580 4783.731602886710 -4.11642016996734 -5.88046825945595 2.66666585512426
2026-10-13T23:09:44.000 -3535.270042777000 2491.511709580760 5241.999138492410 -3.16971544834101 -6.87813074667226 1.12902166683755
2026-10-13T23:13:44.000 -4158.634569751170 770.437427068839 5319.107219272390 -1.99337038835001 -7.37686213068432 -0.49037051186212
2026-10-13T23:17:44.000 -4480.475089739370 -1006.490495984930 5009.455567212800 -0.67221224658506 -7.34073193715442 -2.07442074046286
2026-10-13T23:21:44.000 -4477.318357468640 -2710.396980706780 4335.411514197850 0.69853319368835 -6.77192469920188 -3.50848583522072
2026-10-13T23:25:44.000 -4149.155695895910 -4217.536106214180 3345.774589971190 2.01967736938842 -5.71084570056093 -4.68824777563000
2026-10-13T23:29:44.000 -3519.557314798540 -5418.244229414600 2112.377705414930 3.19510731587970 -4.23382741507512 -5.52727173681672
2026-10-13T23:33:44.000 -2634.085648807770 -6225.016187221440 724.972959052287 4.13883457628238 -2.44812789820228 -5.96368021337418
2026-10-13T23:37:44.000 -1557.047856918400 -6579.052601235150 -715.309574764991 4.78167051714161 -0.48421757978228 -5.96518690662150
2026-10-13T23:41:44.000 -366.781689063438 -6454.683743903190 -2103.439307152320 5.07665176074595 1.51407972379738 -5.53181079310225
2026-10-13T23:45:44.000 850.152725312088 -5861.252670698420 -3338.292543396250 5.00264814179403 3.40070358503413 -4.69585020834911
2026-10-13T23:49:44.000 2005.387557695130 -4842.299375992170 -4330.119230898830 4.56575551438973 5.03855207919941 -3.51910618933855
2026-10-13T23:53:44.000 3015.212980543300 -3472.171141689100 -5007.047723364160 3.79837007262310 6.30951619599733 -2.08776069795387
2026-10-13T23:56:00.000 3494.564256408500 -2576.868232617770 -5231.229156307880 3.23719240490049 6.83098500312446 -1.20262903278524
2026-10-14T00:00:00.000 4135.556915185760 -863.960804800684 -5326.405688044970 2.07198358004061 7.35645735159095 0.41426803249425
2026-10-14T00:04:00.000 4477.077605345400 911.511231058170 -5034.783373093210 0.75664678865960 7.34919505535799 2.00119481169815
2026-10-14T00:08:00.000 4494.290660638040 2620.945357709410 -4377.422432971570 -0.61425226422315 6.80937267331863 3.44357955308465
2026-10-14T00:12:00.000 4185.708896278570 4140.366798781800 -3401.845166333970 -1.94182926746067 5.77521110840029 4.63679524446899
2026-10-14T00:16:00.000 3573.412248386650 5359.338690483100 -2178.739340844880 -3.12972875391738 4.32075599001256 5.49358912509047
2026-10-14T00:20:00.000 2701.600057194650 6189.062234333070 -796.967421324360 -4.09116416366678 2.55125155123277 5.95080071625464
2026-10-14T00:24:00.000 1633.469558687700 6569.009461903340 642.876226620373 -4.75563445058753 0.59559664104229 5.97448342561617
2026-10-14T00:28:00.000 446.617551125121 6471.484142038140 2035.863344638170 -5.07444202557933 -1.40325651586637 5.56273424480860
2026-10-14T00:32:00.000 -772.687802749800 5903.698524021200 3280.504552845790 -5.02447849319318 -3.29923592756027 4.74593122046542
2026-10-14T00:36:00.000 -1935.885668696990 4907.169607152950 4286.248102921570 -4.60982468159478 -4.95434706936369 3.58418764302640
2026-10-14T00:40:00.000 -2958.612630171180 3554.534237791810 4980.076336726070 -3.86108649429335 -6.24884263721011 2.16256429719420
2026-10-14T00:44:00.000 -3766.787582919840 1944.107122223100 5311.723296141380 -2.83276726493322 -7.08966471538276 0.58436304737007
2026-10-14T00:48:00.000 -4301.875197205150 192.720920612928 5257.169415891220 -1.59912183381277 -7.41639460319043 -1.03624681293217
2026-10-14T00:52:00.000 -4525.027435505400 -1572.632503210880 4820.323312758100 -0.24903264159706 -7.20529268029028 -2.58204872011473
2026-10-14T00:56:00.000 -4419.885443402540 -3223.870778646520 4032.770465673980 1.12006734106899 -6.47109234489888 -3.94098338086819
2026-10-14T01:00:00.000 -3993.823817289660 -4641.008535455350 2951.577598062380 2.40898469456891 -5.26620148320992 -5.01401896138996
2026-10-14T01:04:00.000 -3277.536310072920 -5720.869016144890 1655.289916371630 3.52376678411744 -3.67755296136594 -5.72233902224009
2026-10-14T01:08:00.000 -2322.930864781560 -6384.731047481370 238.300909820787 4.38274080606825 -1.82079582526760 -6.01361513966259
2026-10-14T01:12:00.000 -1199.385935247090 -6584.243134058120 -1196.070318901560 4.92294676154118 0.16822781164244 -5.86630615428242
2026-10-14T01:16:00.000 11.364864142568 -6305.057241926830 -2543.243262816750 5.10506461516853 2.14386058424491 -5.29152492550056
2026-10-14T01:20:00.000 1221.305307789720 -5567.825692260540 -3705.146325553620 4.91634971516909 3.96196404527538 -4.33198620635175
2026-10-14T01:24:00.000 2342.633078806110 -4426.519759090620 -4597.412016062480 4.37125221443111 5.49073821220488 -3.05838803887120
2026-10-14T01:28:00.000 3294.147068687320 -2964.295458124110 -5155.447134070710 3.50991480560434 6.62019436024375 -1.56373509344986
2026-10-14T01:32:00.000 4007.046867857930 -1287.326339148080 -5338.965429085530 2.39485644041084 7.26955322635968 0.04365248169559
2026-10-14T01:36:00.000 4429.773562535200 482.868229986276 -5134.757782298520 1.10640575150003 7.39239774317207 1.64775522999082
2026-10-14T01:40:00.000 4531.645381075830 2218.080093418610 -4557.583847278330 -0.26279735407925 6.97971072711974 3.13286814863623
2026-10-14T01:44:00.000 4305.064939114670 3792.511651465290 -3649.148726264940 -1.61409457866139 6.06054033561738 4.39141319623938
2026-10-14T01:48:00.000 3766.167277230180 5091.788994238830 -2475.239375484750 -2.84956059806020 4.70057710590913 5.33154241475194
2026-10-14T01:52:00.000 2953.790885828120 6021.307680921790 -1121.092949881250 -3.87908315490117 2.99796674300353 5.88406458917802
2026-10-14T01:56:00.000 1926.778617532510 6513.268134685700 314.738489426987 -4.62716686721193 1.07660594897632 6.00799753706452
2026-10-14T02:00:00.000 759.718690348621 6531.794104642030 1727.627370674420 -5.03897967103982 -0.92310747457615 5.69403957704461
2026-10-14T02:04:00.000 -462.556857898220 6075.617854704600 3014.613453817890 -5.08451824127523 -2.85498956103545 4.96531162945549
2026-10-14T02:08:00.000 -1651.239449316990 5178.132983330760 4082.023556542830 -4.76083675984363 -4.57824222575863 3.87553966444536
2026-10-14T02:12:00.000 -2720.079125891270 3904.809209802400 4852.325948737860 -4.09199723536507 -5.96799766707868 2.50460852744283
2026-10-14T02:16:00.000 -3591.635201553490 2348.261184104220 5269.694332990950 -3.12682731015163 -6.92421918929677 0.95233652821548
2026-10-14T02:20:00.000 -4202.793451125150 621.453485756029 5303.918542986780 -1.93515920167779 -7.37827933962432 -0.66888806402093
2026-10-14T02:24:00.000 -4509.230631058210 -1150.415897350730 4952.489987983730 -0.60282546977648 -7.29739982817692 -2.24193895975933
2026-10-14T02:28:00.000 -4488.571416091850 -2838.823383433170 4240.789060999560 0.77411355194160 -6.68686989753193 -3.65285116646603
2026-10-14T02:32:00.000 -4142.072251870220 -4321.126023779000 3220.361410142520 2.09596787668743 -5.59018741059565 -4.79889112544001
2026-10-14T02:36:00.000 -3494.637016838500 -5489.457208831190 1965.297619233780 3.26654766695862 -4.08632307516684 -5.59607159043902
2026-10-14T02:40:00.000 -2593.130215332120 -6258.666095019480 566.943977913120 4.20019579647280 -2.28452904514061 -5.98555318364321
2026-10-14T02:44:00.000 -1503.035955842650 -6572.700123005870 -872.759686795703 4.82844288955861 -0.31651570393157 -5.93852436436350
2026-10-14T02:48:00.000 -303.649740106740 -6408.823301827670 -2248.830924805530 5.10542010782027 1.67358520103188 -5.45861824929901
2026-10-14T02:52:00.000 917.810342317598 -5779.269820028580 -3461.047117936280 5.01137510979564 3.54038682607849 -4.58157221310351
2026-10-14T02:56:00.000 2072.663174437570 -4730.199150865870 -4421.330729907000 4.55387554788082 5.14833373568604 -3.37213874162772
2026-10-14T03:00:00.000 3077.240721052950 -3338.122366691180 -5060.116793384970 3.76678775051000 6.38154884946506 -1.91881243989610
2026-10-14T03:04:00.000 3858.885981040490 -1704.188168125560 -5331.262887188300 2.70739985571171 7.15172952338664 -0.32707914438064
2026-10-14T03:08:00.000 4361.084636811500 53.166283949674 -5215.231647664550 1.45212418288911 7.40387181947701 1.28814120080201
2026-10-14T03:12:00.000 4547.432829210720 1806.663336649460 -4720.414252444890 0.09120199553360 7.11971496130908 2.81033606668560
2026-10-14T03:16:00.000 4404.246381810520 3429.220215803960 -3882.561286674690 -1.27737624430668 6.31918600612542 4.12936508313142
2026-10-14T03:20:00.000 3941.615328318720 4803.033292946770 -2762.313564944730 -2.55461109455010 5.05930548940376 5.14916985439965
2026-10-14T03:24:00.000 3192.818671658820 5828.123379339200 -1440.962490180250 -3.64746170902689 3.43080583083842 5.79484924045552
2026-10-14T03:28:00.000 2212.039396847950 6429.741055008290 -14.624882708771 -4.47588938136398 1.55195858242671 6.01858756471331
2026-10-14T03:32:00.000 1070.473860226990 6563.991388879030 1412.777024056190 -4.97910164489470 -0.44000657030571 5.80363843939419
2026-10-14T03:36:00.000 -148.899759685517 6221.151494721620 2737.208510738710 -5.12034615013473 -2.39940098623299 5.16582637506626
2026-10-14T03:40:00.000 -1357.463711145850 5426.355193318780 3862.234947022970 -4.88965127850795 -4.18329694862246 4.15220632221529
2026-10-14T03:44:00.000 -2467.490946694300 4237.622355655500 4706.096466891360 -4.30429604120846 -5.66227498244206 2.83716685011435
2026-10-14T03:48:00.000 -3398.523068483240 2741.474022856000 5207.598141091520 -3.40714945016971 -6.72963926928123 1.31663323268398
2026-10-14T03:52:00.000 -4083.135561233610 1046.546663918150 5330.441125863660 -2.26325258911531 -7.30878934198015 -0.29916708511115
2026-10-14T03:56:00.000 -4471.710408718890 -724.254115342372 5065.722471266590 -0.95507943128105 -7.35807114084778 -1.89345797448653
2026-10-14T04:00:00.000 -4535.954581931370 -2442.521335145570 4432.552279119920 0.42315061107867 -6.87355093779021 -3.35092308370725
2026-10-14T04:04:00.000 -4270.968426446600 -3983.495730951740 3476.748167503230 1.77180381202043 -5.88947363864148 -4.56560116414378
2026-10-14T04:08:00.000 -3695.725856689660 -5235.075124854360 2267.665816721450 2.99279362010329 -4.47654632822730 -5.44855372614702
2026-10-14T04:12:00.000 -2851.821181302740 -6106.063543549910 893.264554879065 3.99688530748409 -2.73726592071789 -5.93470987154853
2026-10-14T04:16:00.000 -1800.520099648770 -6532.973653503100 -546.287207711771 4.71045912069107 -0.79862967803602 -5.98810340949543
2026-10-14T04:20:00.000 -618.285148880381 -6484.803133338390 -1946.010162280930 5.08133521901658 1.19740657116326 -5.60489662649248
2026-10-14T04:24:00.000 608.892853050215 -5965.323990270020 -3203.912142737610 5.08278162998620 3.10486880064017 -4.81363828504735
2026-10-14T04:28:00.000 1791.870577022830 -5012.701321430180 -4228.531101151940 4.71538393658799 4.78498158599258 -3.67290099723810
2026-10-14T04:32:00.000 2844.896455431310 -3696.492952372410 -4945.587900639320 4.00654580560018 6.11646284120849 -2.26633035316109
2026-10-14T04:36:00.000 3691.782831571740 -2112.411603599840 -5303.254395476010 3.00801863088430 7.00386534575688 -0.69619190859441
2026-10-14T04:40:00.000 4271.299909008730 -375.332767589017 -5275.742407587140 1.79193839890745 7.38379314965964 0.92405237656665
2026-10-14T04:44:00.000 4541.479811932020 1388.926243094130 -4865.060464584580 0.44575505222533 7.22895677034042 2.47755911780611
2026-10-14T04:48:00.000 4482.594185605050 3052.534254303260 -4100.868029103440 -0.93368013588168 6.54998392656989 3.85205085791989
2026-10-14T04:52:00.000 4098.640458676810 4494.753513121620 -3038.447833704810 -2.24666448428949 5.39511800121606 4.94755253136051
2026-10-14T04:56:00.000 3417.178466668780 5610.682731906030 -1754.856914322940 -3.39773496940105 3.84738019126766 5.68374838847647
2026-10-14T05:00:00.000 2487.464537509880 6318.986940638880 -343.426303331460 -4.30269534741424 2.01899349336554 6.00624488863261
2026-10-14T05:04:00.000 1376.946918172200 6567.988557635940 1093.034037858480 -4.89515056225246 0.04334758283774 5.89100076150913
2026-10-14T05:08:00.000 166.333555086748 6339.573573399580 2449.822350338550 -5.13172464489665 -1.93505354885891 5.34642871835056
2026-10-14T05:12:00.000 -1056.375408950610 5650.528981082250 3628.114980637170 -4.99540361072090 -3.77175430959898 4.41274822678788
2026-10-14T05:16:00.000 -2202.392160024040 4551.198995883600 4542.240905807470 -4.49661429165102 -5.33331166747716 3.15858104993105
2026-10-14T05:20:00.000 -3188.623075814060 3121.649292804390 5125.877811751660 -3.67201679625019 -6.50694957076401 1.67550441711453
2026-10-14T05:24:00.000 -3943.636755488380 1465.735356793370 5336.762842016070 -2.58150525457299 -7.20832626721186 0.07120097598233
2026-10-14T05:28:00.000 -4412.732749836700 -296.437397574209 5159.635105948990 -1.30378164479809 -7.38707926562093 -1.53832703984238
2026-10-14T05:32:00.000 -4561.819259356280 -2037.099255286300 4607.278841723170 0.06910997372025 -7.03007525522686 -3.03669884995172
2026-10-14T05:36:00.000 -4379.874357199360 -3629.926036794800 3719.651633584740 1.43806571045647 -6.16246678204612 -4.31517994735173
2026-10-14T05:40:00.000 -3879.828331358190 -4959.113289003610 2561.116138442780 2.70374399269300 -4.84634593271841 -5.28036536714333
2026-10-14T05:44:00.000 -3097.773837557260 -5927.837277817920 1215.899107941080 3.77368946668521 -3.17693355069573 -5.86120907707581
2026-10-14T05:48:00.000 -2090.444018818850 -6465.471539741040 -217.992636465838 4.56948083773109 -1.27598633923110 -6.01472531372775
2026-10-14T05:52:00.000 -931.083520171466 -6532.904468071930 -1635.989917974060 5.03284647050834 0.71730856965614 -5.72960304427289
2026-10-14T05:56:00.000 295.968824235509 -6125.459312452070 -2934.734966275020 5.13020679059184 2.65706113496871 -5.02717359351479
2026-10-14T06:00:00.000 1501.544939553480 -5273.142090869340 -4019.742947245510 4.85509438547942 4.40198614442715 -3.95950062916996
2026-10-14T06:04:00.000 2598.204295498090 -4038.254791963490 -4812.297331756800 4.22821226956194 5.82585973805851 -2.60503328971059
2026-10-14T06:08:00.000 3506.565429728990 -2510.674841863770 -5255.075132792750 3.29553004088503 6.82644843257544 -1.06244798489145
2026-10-14T06:12:00.000 4160.949401573160 -801.236493355215 -5316.135736751610 2.12454518939815 7.33226045771107 0.55667201514309
2026-10-14T06:16:00.000 4513.994002950440 966.227011919699 -4991.098410730710 0.79951847953288 7.30704779607726 2.13555799065452
2026-10-14T06:20:00.000 4540.005523766320 2663.677301846840 -4303.437500953710 -0.58426325951341 6.75223957231304 3.56017876349624
2026-10-14T06:24:00.000 4236.842545683910 4167.980628118580 -3302.876189111150 -1.92693884028830 5.70711156535593 4.72711088033426
2026-10-14T06:28:00.000 3626.187281475990 5369.772062438120 -2061.935234951970 -3.13101749646294 4.24653561740885 5.55097618568127
2026-10-14T06:32:00.000 2752.130140769570 6181.480078667190 -670.801296957758 -4.10845356629013 2.47627299198150 5.97092600352942
2026-10-14T06:36:00.000 1678.050448431630 6543.899384679350 769.214320714777 -4.78761330057972 0.52542347440647 5.95576937454116
2026-10-14T06:40:00.000 481.985524478230 6430.638730895640 2153.155487089550 -5.11876454761768 -1.46339591287087 5.50653475868378
2026-10-14T06:44:00.000 -749.120959131799 5850.076096494410 3380.198291248600 -5.07789206304459 -3.34491329403888 4.65638261660355
2026-10-14T06:48:00.000 -1925.841964238090 4844.666699618490 4361.085845802390 -4.66841210929966 -4.98222554294526 3.46788066382949
2026-10-14T06:52:00.000 -2962.825225116050 3487.689761028820 5024.619352650160 -3.92057504546311 -6.25691536680937 2.02795331781557
2026-10-14T06:56:00.000 -3784.951236145770 1877.779091452720 5322.733727559400 -2.88882880494589 -7.07730644665930 0.44124772662200
2026-10-14T07:00:00.000 -4332.673403527560 131.736414437833 5233.856247569420 -1.64771106620820 -7.38450263797428 -1.17741049698470
2026-10-14T07:04:00.000 -4566.232332196870 -1623.841998667550 4764.396917010900 -0.28663547839265 -7.15622927989744 -2.71101215054200
2026-10-14T07:08:00.000 -4468.511528995230 -3261.589403276880 3948.302483661550 1.09620691325625 -6.40841190202822 -4.04841690571520
2026-10-14T07:12:00.000 -4046.338051983490 -4662.494572978490 2844.714304640900 2.40064256577628 -5.19444254708914 -5.09205078859258
2026-10-14T07:16:00.000 -3330.118275410900 -5724.568462226560 1533.824507537580 3.53155444602184 -3.60200228029144 -5.76525225598422
2026-10-14T07:20:00.000 -2371.748996742880 -6370.392816768690 111.090294037292 4.40612678095649 -1.74694768203474 -6.01828065952760
2026-10-14T07:24:00.000 -1240.881861255930 -6552.928465153770 -1319.745939860810 4.96020263261184 0.23497308563512 -5.83236663830039
2026-10-14T07:28:00.000 -19.787254850236 -6259.073522366660 -2654.365192901840 5.15348183101305 2.19860629035331 -5.22149806798009
2026-10-14T07:32:00.000 1202.768556203460 -5510.551528357370 -3795.624065660700 4.97242144774576 4.00074232026870 -4.23104018736187
2026-10-14T07:36:00.000 2338.068430078260 -4362.143031956880 -4660.671467151750 4.43090631587114 5.51079985044100 -2.93390304315910
2026-10-14T07:40:00.000 3303.895378820830 -2897.501359368710 -5186.894985163160 3.56880123761100 6.62016238744776 -1.42473089343388
2026-10-14T07:44:00.000 4030.402546952680 -1222.960905438770 -5336.309127344090 2.44866683723464 7.24948075838285 0.18713029124059
2026-10-14T07:48:00.000 4465.031767159900 540.145883522798 -5098.162380580310 1.15116196027054 7.35375641525361 1.78539655897090
2026-10-14T07:52:00.000 4576.216360289490 2264.114419221900 -4489.657823030470 -0.23042831536182 6.92520874325168 3.25471875795351
2026-10-14T07:56:00.000 4355.669509698690 3823.939020801950 -3554.778117414310 -1.59649612513273 5.99404396541057 4.48858207835084
2026-10-14T08:00:00.000 3819.083236092790 5106.285031832870 -2361.246200371700 -2.84800817536327 4.62683259450216 5.39687573070521
2026-10-14T08:04:00.000 3005.135079390470 6017.768763848550 -995.752724236614 -3.89364783684273 2.92234687648863 5.91269728800611
2026-10-14T08:08:00.000 1972.790113722300 6491.908423025080 442.302461243145 -4.65675508814025 1.00462447569732 5.99776152258424
2026-10-14T08:12:00.000 797.042946911146 6494.138422874640 1848.107627169760 -5.08133640222743 -0.98605413045269 5.64561434306470
2026-10-14T08:16:00.000 -436.633317079253 6024.423617796710 3119.226863624390 -5.13660324157111 -2.90416812472034 4.88234381192641
2026-10-14T08:20:00.000 -1638.619041609220 5117.153975285830 4163.169802176550 -4.81893877149992 -4.61011973902329 3.76415052019673
2026-10-14T08:24:00.000 -2721.704068575050 3838.489893207430 4904.122700052120 -4.15187058168986 -5.98035971987183 2.37290275661450
2026-10-14T08:28:00.000 -3607.402485502380 2281.420372831620 5288.389034186390 -3.18408750653553 -6.91617627869293 0.80987294748827
2026-10-14T08:32:00.000 -4231.569004927190 558.948506151416 5288.160613354400 -1.98563600913387 -7.35040413866722 -0.81178456759657
2026-10-14T08:36:00.000 -4548.932938622110 -1204.036600578650 4903.429347639970 -0.64285298551578 -7.25169435414763 -2.37486609575029
2026-10-14T08:40:00.000 -4536.326723052260 -2879.658674931700 4162.000618765790 0.74745119835873 -6.62668387133649 -3.76614875723314
2026-10-14T08:44:00.000 -4194.411183085160 -4346.205519365540 3117.578958632490 2.08467311276573 -5.51986875632380 -4.88430691894592
2026-10-14T08:48:00.000 -3547.748515695810 -5496.950940136280 1846.015829053830 3.27143859879735 -4.01100238326574 -5.64729604017395
2026-10-14T08:52:00.000 -2643.149900462710 -6248.040264832390 439.872952174325 4.22092110342782 -2.20978347696072 -5.99885014136604
2026-10-14T08:56:00.000 -1546.317880682460 -6544.753562833020 -998.347906720681 4.86352225038064 -0.24780856464807 -5.91294704200132
2026-10-14T09:00:00.000 -337.037131672565 -6365.622810815770 -2363.777821213120 5.15229112101667 1.73121156198297 -5.39607511517131
2026-10-14T09:04:00.000 896.754525893382 -5723.997674472940 -3556.987011185860 5.06664130536898 3.58274903556702 -4.48670224792925
2026-10-14T09:08:00.000 2065.482473263090 -4666.907959648610 -4491.300199616160 4.61353319256620 5.17240591402754 -3.25191901854745
2026-10-14T09:12:00.000 3084.472732289220 -3271.428092818680 -5099.051303841520 3.82650233347637 6.38567393401587 -1.78197975256600
2026-10-14T09:16:00.000 3880.019563918600 -1638.936014885520 -5336.345485556330 2.76282235486239 7.13566361241843 -0.18351932981134
2026-10-14T09:20:00.000 4394.595348365880 112.243177995256 -5186.090027142040 1.49920989903694 7.36879523271692 1.42805073647947
2026-10-14T09:24:00.000 4590.888370547200 1855.283553700370 -4659.150313924080 0.12647084398226 7.06817549981265 2.93648894106432
2026-10-14T09:28:00.000 4454.476724650030 3463.851787814150 -3793.601217479230 -1.25653386187726 6.25484991337681 4.23259733676067
2026-10-14T09:32:00.000 3994.955208252880 4821.144108621890 -2652.105025768430 -2.54969808790671 4.98680441489759 5.22191847190094
2026-10-14T09:36:00.000 3245.380254768540 5828.375909810490 -1317.514996647790 -3.65881355415291 3.35540410762010 5.83173174462909
2026-10-14T09:40:00.000 2259.999540255880 6412.107173344860 113.066180013154 -4.50264671742100 1.47923661591655 6.01685077804027
2026-10-14T09:44:00.000 1110.347399554750 6529.768384387990 1535.401928881590 -5.01932105368250 -0.50467147001046 5.76341937406558
2026-10-14T09:48:00.000 -120.009138604887 6172.861961009430 2845.831706402600 -5.17109222313110 -2.45122202175539 5.09009336771030
2026-10-14T09:52:00.000 -1341.656297395030 5367.564539831080 3948.962325615320 -4.94728488098473 -4.21846128181044 4.04660907146906
2026-10-14T09:56:00.000 -2465.935574441170 4172.651417307560 4764.655464783210 -4.36471736761789 -5.67833259332765 2.70947075480798
2026-10-14T10:00:00.000 -3411.364730494280 2675.053484010200 5233.767574040480 -3.46595888700275 -6.72560065965080 1.17603874214448
2026-10-14T10:04:00.000 -4109.459670017290 983.489977477113 5322.326197261040 -2.31609800543506 -7.28496337083565 -0.44254393827465
2026-10-14T10:08:00.000 -4509.605702304810 -779.373413311724 5023.901858524560 -0.99806189100979 -7.31614407354721 -2.02925999672446
2026-10-14T10:12:00.000 -4582.656469817860 -2485.689005865980 4360.043951586000 0.39319307129495 -6.81647906546619 -3.46928196412053
2026-10-14T10:16:00.000 -4323.067002989140 -4011.551185977260 3378.810867310170 1.75706170857409 -5.82137685851337 -4.65784138630382
2026-10-14T10:20:00.000 -3749.418152910630 -5245.954350799310 2151.427397622160 2.99433482555355 -4.40238305600334 -5.50788053457390
2026-10-14T10:24:00.000 -2903.193195612440 -6098.955353091930 767.202026252828 4.01454990417058 -2.66246696051253 -5.95674254488688
2026-10-14T10:28:00.000 -1845.839400231090 -6508.396177201630 -672.974417036946 4.74292463746670 -0.72875801253523 -5.97125546701436
2026-10-14T10:32:00.000 -654.262097150960 -6444.571029508130 -2064.089805017250 5.12625037611309 1.25718142227667 -5.55046811409548
2026-10-14T10:36:00.000 584.872928974947 -5912.404965957390 -3304.800571375060 5.13690651248422 3.15017749782430 -4.72569819796572
2026-10-14T10:40:00.000 1781.560035994470 -4950.982304822620 -4304.918784611130 4.77481141091262 4.81256607024536 -3.55792779357042
2026-10-14T10:44:00.000 2849.058323765120 -3630.488632524910 -4991.963368680860 4.06699289407982 6.12438497890589 -2.13272789793493
2026-10-14T10:48:00.000 3710.137491218940 -2046.930610542140 -5316.289320413200 3.06512787504474 6.99161749536423 -0.55364540723352
2026-10-14T10:52:00.000 4302.543413896390 -315.131930882626 -5254.522450039350 1.84158294022320 7.35231429364541 1.06523552055187
2026-10-14T10:56:00.000 4583.374950741040 1439.481337133720 -4811.145354707400 0.48433199368549 7.18054501391106 2.60717713913702
2026-10-14T11:00:00.000 4532.127028617030 3089.781056737510 -4018.187178823900 -0.90900825625093 6.48817131977247 3.96068252130115
2026-10-14T11:04:00.000 4152.231635510260 4515.999661846090 -2933.024620826840 -2.23772745034054 5.32440678171128 5.02728177901730
2026-10-14T11:08:00.000 3470.949141519570 5614.400865926560 -1634.372700616600 -3.40518367686365 3.77291990205437 5.72875662797552
2026-10-14T11:12:00.000 2537.524433343360 6304.929549030060 -216.664995367938 -4.32597752088962 1.94624118461039 6.01321912582907
2026-10-14T11:16:00.000 1419.678865815680 6537.219812032850 1216.825599968080 -4.93256755865278 -0.02229178176317 5.85944208154630
2026-10-14T11:20:00.000 198.646293838089 6294.396990173540 2561.627391035810 -5.18061966121329 -1.98874732432526 5.27872640196079
2026-10-14T11:24:00.000 -1036.831711039290 5594.297342093350 3719.809665301160 -5.05227552084576 -3.80962723631298 4.31390287406389
2026-10-14T11:28:00.000 -2197.050744632100 4488.057867677910 4607.182478199840 -4.55738036732974 -5.35268416243496 3.03585488518583
2026-10-14T11:32:00.000 -3197.896424056340 3056.218550038400 5159.381061386310 -3.73229836154129 -6.50657744033409 1.53783456458471
2026-10-14T11:36:00.000 -3966.873767085620 1402.756416705110 5336.412531405660 -2.63685550897340 -7.18840177007800 -0.07155613675501
2026-10-14T11:40:00.000 -4448.240450931090 -352.416827831949 5125.433786144670 -1.35004206677291 -7.34901151116653 -1.67595761931323
2026-10-14T11:44:00.000 -4606.984207313780 -2082.017332542750 4541.663196950970 0.03539923855910 -6.97650155180696 -3.15926346891893
2026-10-14T11:48:00.000 -4431.362488124090 -3660.488303395250 3627.338291446070 1.41939667185918 -6.09711675967666 -4.41372029988035
2026-10-14T11:52:00.000 -3933.849906435320 -4973.038366507230 2448.785566708800 2.70142447034435 -4.77389716674444 -5.34759175717165
2026-10-14T11:56:00.000 -3150.364845364940 -5924.048089313320 1091.720428701860 3.78784602116961 -3.10267430715168 -5.89209429564181
2026-10-14T12:00:00.000 -2137.761187044410 -6444.194804361940 -344.962090399669 4.59899103564227 -1.20543410575836 -6.00695655919606
2026-10-14T12:04:00.000 -969.684294135260 -6495.670643893330 -1756.491086148530 5.07552567114081 0.77891315568743 -5.68381311684863
2026-10-14T12:08:00.000 268.887536467167 -6074.973796561280 -3039.998367224700 5.18293405117681 2.70521007337702 -4.94676972799053
2026-10-14T12:12:00.000 1487.944677550500 -5213.079567442710 -4102.125287318770 4.91402606743845 4.43315458275208 -3.85040752588799
2026-10-14T12:16:00.000 2599.069880552890 -3972.988629867040 -4865.837378279720 4.28909902579079 5.83779775597224 -2.47524515403948
2026-10-14T12:20:00.000 3521.838119664220 -2444.949660712820 -5275.915929966890 3.35397966321930 6.81831462829691 -0.92140446509144
2026-10-14T12:24:00.000 4189.535304903830 -739.824407347498 -5302.794739153910 2.17636897014056 7.30467714850065 0.69874777518158
2026-10-14T12:28:00.000 4553.842130401320 1018.874985045340 -4944.567415122470 0.84097545206345 7.26204699025024 2.26838679795804
2026-10-14T12:32:00.000 4588.248102292870 2703.751039413750 -4227.108273289000 -0.55619595886009 6.69308786568633 3.67415845343161
2026-10-14T12:36:00.000 4289.999485115150 4192.577630030490 -3202.301850820070 -1.91429898736588 5.63807709116590 4.81392796152968
2026-10-14T12:40:00.000 3680.426132269490 5377.117961737480 -1944.446844594260 -3.13470139718404 4.17271329553239 5.60424308304492
2026-10-14T12:44:00.000 2803.535138457190 6171.078382011950 -544.967007479197 -4.12824756741869 2.40310015023449 5.98678957966990
2026-10-14T12:48:00.000 1722.904067901900 6516.549597713530 894.224463071123 -4.82207523243076 0.45823252832583 5.93308132103353
2026-10-14T12:52:00.000 517.051738226366 6388.384097126900 2268.234843954340 -5.16537064216798 -1.51963706171665 5.44698595110205
2026-10-14T12:56:00.000 -726.372385723832 5796.062599444660 3476.981777681120 -5.13332730596325 -3.38606970515812 4.56441592117424
2026-10-14T13:00:00.000 -1917.069060417360 4782.887636921800 4432.563075331230 -4.72873488472485 -5.00541239397550 3.35025180244703
2026-10-14T13:04:00.000 -2968.680240300870 3422.672203150440 5065.626629070190 -3.98141144852719 -6.26057053290717 1.89321143774150
2026-10-14T13:08:00.000 -3805.026032725040 1814.255570528310 5330.316527257320 -2.94575858954673 -7.06130751001461 0.29913351113067
2026-10-14T13:12:00.000 -4365.512531002110 74.295958306773 5207.462574704270 -1.69647211718138 -7.35011920792194 -1.31674341094112
2026-10-14T13:16:00.000 -4609.414499665720 -1671.052553012550 4705.898552351810 -0.32351667213234 -7.10584886357894 -2.83760063219713
2026-10-14T13:20:00.000 -4518.831899976690 -3295.125353946670 3861.887372312240 1.07397554598363 -6.34550663182089 -4.15303340086960
2026-10-14T13:24:00.000 -4100.064787510820 -4679.865700084900 2736.617209840280 2.39465039513970 -5.12344234260068 -5.16700369750370
2026-10-14T13:28:00.000 -3383.285397149480 -5724.429500870890 1411.881154997810 3.54215875211485 -3.52797324989086 -5.80494913443385
2026-10-14T13:32:00.000 -2420.460039290630 -6352.669799445540 -15.817796753782 4.43240981250941 -1.67537436791868 -6.01969366069662
2026-10-14T13:36:00.000 -1281.589821384120 -6518.863532307290 -1442.363687444700 5.00019607956009 0.29874519706243 -5.79542766207009
2026-10-14T13:40:00.000 -49.538941145337 -6211.117795449370 -2763.762665700280 5.20423238368196 2.24987605798434 -5.14895521966194
2026-10-14T13:44:00.000 1186.124671999800 -5452.178142517290 -3883.848823904320 5.03023576439896 4.03575208941383 -4.12823018081434
2026-10-14T13:48:00.000 2335.732306047110 -4297.587917704900 -4721.323268331530 4.49159886736761 5.52699088602285 -2.80834561301174
2026-10-14T13:52:00.000 3316.031551816170 -2831.449881019710 -5215.586746405840 3.62798021610486 6.61636921873630 -1.28558216390746
2026-10-14T13:56:00.000 4056.129378217770 -1160.204032258350 -5330.979294884080 2.50206063158675 7.22598447118426 0.32976655028380
2026-10-14T14:00:00.000 4502.490271744200 595.057749228001 -5059.218418221890 1.19494051540804 7.31228202493360 1.92117771009475
2026-10-14T14:04:00.000 4622.702568085600 2307.206024679760 -4419.940468446980 -0.19943455754538 6.86878149210313 3.37382630998207
2026-10-14T14:08:00.000 4407.822343545980 3852.093029810140 -3459.354980080730 -1.58056373063102 5.92674495880426 4.58238077407350
2026-10-14T14:12:00.000 3873.122501591190 5117.462216481160 -2247.055485404410 -2.84831453881251 4.55351629189687 5.45850984788346
2026-10-14T14:16:00.000 3057.145351901640 6011.158860002560 -871.111536052173 -3.91013543132613 2.84835881925986 5.93760581230933
2026-10-14T14:20:00.000 2019.011984970090 6468.014809016630 568.304336513567 -4.68822238467259 0.93548019535376 5.98413346731054
2026-10-14T14:24:00.000 834.126994654689 6454.741631837590 1966.292632754840 -5.12555398439843 -1.04532561149905 5.59450532665385
2026-10-14T14:28:00.000 -411.374978155719 5972.422846453660 3220.994778167250 -5.19032648714624 -2.94928210920468 4.79748397536662
2026-10-14T14:32:00.000 -1627.009618085820 5056.368372217170 4241.123184923350 -4.87827142649462 -4.63776778864970 3.65178570716128
2026-10-14T14:36:00.000 -2724.585527364180 3773.371363199970 4952.615115385560 -4.21256822819659 -5.98862450572503 2.24125047395155
2026-10-14T14:40:00.000 -3624.573284570870 2216.706726086630 5303.908295023230 -3.24173412131589 -6.90456799608935 0.66841036923814
2026-10-14T14:44:00.000 -4261.780453082410 499.329145972679 5269.570295823200 -2.03598249627002 -7.31983191230952 -0.95284704748336
2026-10-14T14:48:00.000 -4589.964879323580 -1254.254653559870 4852.051748710320 -0.68209734499899 -7.20438968415299 -2.50538180040942
2026-10-14T14:52:00.000 -4585.134566479730 -2916.836397940200 4081.518753079770 0.72230688393127 -6.56594794074739 -3.87668991367140
2026-10-14T14:56:00.000 -4247.366568590960 -4367.609272327040 3013.792824990850 2.07545415085427 -5.44994098868728 -4.96676988478276
2026-10-14T15:00:00.000 -3600.931492232760 -5500.962819797650 1726.438791372840 3.27875970479477 -3.93686407067934 -5.69560447443904
2026-10-14T15:04:00.000 -2692.643533370410 -6234.284557772480 313.192576654983 4.24412746709032 -2.13677447819952 -6.00934460255084
2026-10-14T15:08:00.000 -1588.508689396900 -6514.159033947940 -1122.895570529150 4.90078746104164 -0.18137652093600 -5.88479270711734
2026-10-14T15:12:00.000 -368.861812525484 -6320.374039233580 -2477.112328648170 5.20087979309116 1.78614736766382 -5.33136072876876
2026-10-14T15:16:00.000 877.600464509512 -5667.358569382220 -3650.852331890450 5.12299732621382 3.62214678633645 -4.39017323923040
2026-10-14T15:20:00.000 2060.381009367370 -4602.978321490720 -4558.866482629620 4.67356802946894 5.19339556004747 -3.13062914186710
2026-10-14T15:24:00.000 3093.784952579450 -3204.835318573860 -5135.404475409980 3.88584716887360 6.38674463699115 -1.64474623558527
2026-10-14T15:28:00.000 3903.055864575880 -1574.497244179780 -5338.837147526530 2.81713844941413 7.11675242248971 -0.04028806873993
2026-10-14T15:32:00.000 4429.659601235960 169.865630373679 -5154.522845642960 1.54451427561890 7.33123856147382 1.56691687061913
2026-10-14T15:36:00.000 4635.407454983590 1901.910511766280 -4595.794623671260 0.15947565765770 7.01465761052028 3.06091419547841
2026-10-14T15:40:00.000 4505.190080662000 3496.094360213140 -3703.033831611880 -1.23823946793942 6.18921995773883 4.33355731217414
2026-10-14T15:44:00.000 4048.146603156560 4836.643413545090 -2540.878891171860 -2.54746676888391 4.91374206819314 5.29205166686264
2026-10-14T15:48:00.000 3297.154899538280 5825.970747187750 -1193.701230839060 -3.67277086951732 3.28017191333897 5.86583650944512
2026-10-14T15:52:00.000 2306.578921947740 6391.937044289490 240.454576450121 -4.53170459984814 1.40734886461076 6.01234026924098
2026-10-14T15:56:00.000 1148.348580586460 6493.286928100370 1657.076101284320 -5.06130843057927 -0.56785866210094 5.72061081043086
2026-10-14T16:00:00.000 -93.342291086574 6122.736551487980 2952.928505161030 -5.22299164206082 -2.50104215134270 5.01217335672050
2026-10-14T16:04:00.000 -1328.265419682550 5307.458353797010 4033.690362820130 -5.00533611434759 -4.25130585004665 3.93926713174801
2026-10-14T16:08:00.000 -2466.792709095880 4106.952264189060 4820.859361109430 -4.42467256086192 -5.69181128045710 2.58057278720632
2026-10-14T16:12:00.000 -3426.405707070170 2608.554126675760 5257.380828686180 -3.52349108356753 -6.71876286800878 1.03500608856889
2026-10-14T16:16:00.000 -4137.599792060750 921.026701285734 5311.651311368080 -2.36705927232887 -7.25837961013452 -0.58551762523976
2026-10-14T16:20:00.000 -4548.808043372830 -833.269445574729 4979.716821307640 -1.03871423011803 -7.27177283910379 -2.16383597694068
2026-10-14T16:24:00.000 -4630.066593346050 -2527.112512319690 4285.555782880880 0.36587529439980 -6.75754020931521 -3.58568793683574
2026-10-14T16:28:00.000 -4375.218999336390 -4037.497744796480 3279.430808606730 1.74511919584269 -5.75212102665092 -4.74760101939159
2026-10-14T16:32:00.000 -3802.488331777410 -5254.532764267540 2034.381397534840 2.99866515453455 -4.32778363870784 -5.56442445385104
2026-10-14T16:36:00.000 -2953.293378294120 -6089.530882651240 641.014663475271 4.03481654145247 -2.58795395942953 -5.97590475790430
2026-10-14T16:40:00.000 -1889.303491384350 -6481.643305220820 -799.100370165227 4.77761062751552 -0.65976191527961 -5.95157563486329
2026-10-14T16:44:00.000 -687.920138431768 -6402.438164992930 -2180.946405330330 5.17277567746375 1.31555391700267 -5.49338849157062
2026-10-14T16:48:00.000 563.469798753522 -5857.977162423550 -3403.869412485390 5.19188755144700 3.19363978126334 -4.63546587576119
2026-10-14T16:52:00.000 1773.974179280710 -4888.236786063340 -4378.994701067390 4.83427367883158 4.83800959265151 -3.44116246424763
2026-10-14T16:56:00.000 2855.849370591560 -3563.988598915570 -5035.665212106760 4.12660137620593 6.13005396785479 -1.99791487710297
2026-10-14T17:00:00.000 3730.810963036080 -1981.491198816480 -5326.434814574810 3.12048685730929 6.97716771509619 -0.41051316241758
2026-10-14T17:04:00.000 4335.577038503230 -255.484256681001 -5230.347753014690 1.88857811832243 7.31878507766064 1.20637375479442
2026-10-14T17:08:00.000 4626.325094419500 1489.014347181100 -4754.363487413380 0.51946208831734 7.13027998441124 2.73611003626945
2026-10-14T17:12:00.000 4581.818090298750 3125.586514897350 -3932.877718765460 -0.88830451548067 6.42472896335003 4.06802544290952
2026-10-14T17:16:00.000 4204.997633861050 4535.444394696850 -2825.343805793030 -2.23296660743597 5.25232401122573 5.10522485355016
2026-10-14T17:20:00.000 3522.896962358390 5616.018252135780 -1512.110975040990 -3.41671790083356 3.69733214734847 5.77155835963675
2026-10-14T17:24:00.000 2584.825755122190 6288.529367449550 -88.700268821286 -4.35291178509933 1.87259972212982 6.01762893895506
2026-10-14T17:28:00.000 1458.865108479460 6503.924090448120 1341.170064691810 -4.97282621894725 -0.08856884926370 5.82503888620170
2026-10-14T17:32:00.000 226.866300280716 6246.581146082470 2673.278607152390 -5.23117821078099 -2.04270543103380 5.20800411561887
2026-10-14T17:36:00.000 -1021.620701390680 5535.426580067580 3810.626974656290 -5.10947229932172 -3.84722586099915 4.21208231608710
2026-10-14T17:40:00.000 -2195.953876907870 4422.413660460830 4670.559031013650 -4.61708479635916 -5.37119281177696 2.91040579708719
2026-10-14T17:44:00.000 -3210.993257326460 2988.569847789790 5190.714828200950 -3.79014704530392 -6.50466633896976 1.39788999722616
2026-10-14T17:48:00.000 -3993.208560470030 1338.022637073300 5333.434991259360 -2.68866441042127 -7.16617110952835 -0.21578416919675
2026-10-14T17:52:00.000 -4485.908691757590 -409.529247264833 5088.378602527400 -1.39210560558172 -7.30812688101738 -1.81398728197219
2026-10-14T17:56:00.000 -4653.263170079880 -2127.364925724690 4473.234219268260 0.00614500877983 -6.91994516134723 -3.28108046118572
2026-10-14T18:00:00.000 -4482.902438885170 -3690.784754320890 3532.522662270590 1.40507739728331 -6.02901279982485 -4.51044244351913
2026-10-14T18:04:00.000 -3986.919585897630 -4986.097091340360 2334.499108107890 2.70306888547853 -4.69924193888950 -5.41213038804335
2026-10-14T18:08:00.000 -3201.126513997500 -5918.952391945990 966.303243906602 3.80531732397017 -3.02698191721194 -5.91974811646155
2026-10-14T18:12:00.000 -2182.543393707090 -6421.367496449930 -472.363620438303 4.63104950536560 -1.13427105236199 -5.99573788986453
2026-10-14T18:16:00.000 -1005.244393130900 -6456.838854452240 -1876.590608515450 5.11985187812383 0.84029043291730 -5.63456670881472
2026-10-14T18:20:00.000 245.126924719746 -6023.048689751100 -3144.059029969460 5.23635038949007 2.75227672044482 -4.86320161744535
2026-10-14T18:24:00.000 1477.720287840990 -5151.923801430630 -4182.609354204140 4.97273395098000 4.46256197053462 -3.73871583934779
2026-10-14T18:28:00.000 2603.151027950950 -3907.108188024240 -4916.940588254510 4.34888386451451 5.84754979061121 -2.34359035580149
2026-10-14T18:32:00.000 3539.961820658090 -2379.155555542830 -5293.967566120270 3.41049113115099 6.80787264088792 -0.77928880246381
2026-10-14T18:36:00.000 4220.404449458590 -678.888588692370 -5286.499424476970 2.22540087799035 7.27488206145854 0.84113354991627
2026-10-14T18:40:00.000 4595.205823043670 1070.537805835890 -4895.094780408510 0.87884368320703 7.21502408481423 2.40080487744202
2026-10-14T18:44:00.000 4637.066392818910 2742.380386842000 -4148.022851233060 -0.53232872986916 6.63214394291493 3.78700338584594
2026-10-14T18:48:00.000 4342.678212375740 4215.336498358080 -3099.323961162680 -1.90619541571501 5.56756539845793 4.89896713852341
2026-10-14T18:52:00.000 3733.084473575790 5382.308126536380 -1825.040366375910 -3.14297688598917 4.09770009474716 5.65526780311810
2026-10-14T18:56:00.000 2852.289320836190 6158.260055701460 -417.799324519956 -4.15230553276814 2.32894015524976 6.00002723621140
2026-10-14T19:00:00.000 1764.160229952490 6486.572675558660 1019.896937544670 -4.86010511868103 0.39028044709556 5.90744305118665
2026-10-14T19:04:00.000 547.780060944628 6343.349288818740 2383.239478020800 -5.21452532124280 -1.57639153769164 5.38426315634782
2026-10-14T19:08:00.000 -708.416159685992 5739.178025494680 3572.911267761070 -5.18993706422708 -3.42744454356637 4.46914924158825
2026-10-14T19:12:00.000 -1913.178780314090 4718.243573910080 4502.399714517040 -4.78862834353840 -5.02829349110901 3.22942105919014
2026-10-14T19:16:00.000 -2979.125395907920 3354.937030168910 5104.265608880210 -4.04024699382240 -6.26329819024951 1.75564457317661
2026-10-14T19:20:00.000 -3829.029054800030 1748.319309764970 5334.918779740410 -2.99920561229012 -7.04366381992794 0.15478531788809
2026-10-14T19:24:00.000 -4401.301312751080 14.937600557486 5177.658785966660 -1.74065453974577 -7.31326814794337 -1.45734459480346
2026-10-14T19:28:00.000 -4654.373238069180 -1719.515940817860 4643.837948192460 -0.35528713788751 -7.05247008352647 -2.96416129405243
2026-10-14T19:32:00.000 -4569.685291303870 -3329.172001488350 3772.074086692420 1.05691346686398 -6.27947461139326 -4.25632060087212
2026-10-14T19:36:00.000 -4153.118327355710 -4697.022959118180 2625.586905365760 2.39348525882184 -5.04959709569520 -5.23943608967007
2026-10-14T19:40:00.000 -3434.694522404340 -5723.466443813870 1287.725450742620 3.55693989669087 -3.45175070701743 -5.84122243493905
2026-10-14T19:44:00.000 -2466.505319189360 -6333.692270134180 -144.047857461134 4.46205194892615 -1.60240406825446 -6.01716778687029
2026-10-14T19:48:00.000 -1318.945905299450 -6483.310366718010 -1565.324227551280 5.04252477367303 0.36303956688109 -5.75432467638401
2026-10-14T19:52:00.000 -75.510129758363 -6161.660978651670 -2872.510938674750 5.25620740629701 2.30072598317899 -5.07236753168205
2026-10-14T19:56:00.000 1173.420849891720 -5392.515301780010 -3970.505608854610 5.08817072609213 4.06943913687285 -4.02186947000719
2026-10-14T20:00:00.000 2337.242600339710 -4232.145502106760 -4779.646453664030 4.55140396004661 5.54120879411310 -2.68003600415738
2026-10-14T20:04:00.000 3331.687463294290 -2765.029645979630 -5241.399445658320 3.68533253036358 6.61028103684724 -1.14461008840243
2026-10-14T20:08:00.000 4084.830273015150 -1097.636311833260 -5322.447054992580 2.55273780282804 7.20018209565289 0.47328618805081
2026-10-14T20:12:00.000 4542.164479728070 649.244619550842 -5016.964152706430 1.23512438371390 7.26865883266079 2.05698421050139
2026-10-14T20:16:00.000 4670.446953189000 2349.079085274840 -4347.006179588520 -0.17279501526176 6.81039115343591 3.49212725653561
2026-10-14T20:20:00.000 4460.123381264860 3878.582186959020 -3361.008771158160 -1.56946405453601 5.85769792422569 4.67454134775833
2026-10-14T20:24:00.000 3926.131954419610 5126.590118367550 -2130.429698126490 -2.85354161795282 4.47877160028028 5.51773206234603
2026-10-14T20:28:00.000 3106.967782815050 6002.208867798940 -744.687114023104 -3.93131224085605 2.77336903713111 5.95953839943417
2026-10-14T20:32:00.000 2061.978713310850 6441.579668315600 695.324101023917 -4.72381916891938 0.86564395028854 5.96711229227715
2026-10-14T20:36:00.000 867.077218455386 6412.681821057850 2084.640157579180 -5.17291027893274 -1.10488736891885 5.53969515833606
2026-10-14T20:40:00.000 -390.860193160042 5917.749539584970 3322.026129111520 -5.24595938233508 -2.99419162689166 4.70887722613130
2026-10-14T20:44:00.000 -1620.434152539510 4993.012636920210 4317.456210573330 -4.93807710595081 -4.66476825662815 3.53582503772688
2026-10-14T20:48:00.000 -2732.422583622850 3705.900875894780 4998.662469133640 -4.27212788133971 -5.99569208357052 2.10638605227028
2026-10-14T20:52:00.000 -3646.239093698490 2150.000209562310 5316.297847362030 -3.29671074385053 -6.89117525470187 0.52450472989298
2026-10-14T20:56:00.000 -4295.683349363510 438.210927417605 5247.378218730770 -2.08235344239596 -7.28692335113255 -1.09536888706338
2026-10-14T21:00:00.000 -4633.620754687110 -1305.347119635640 4796.864735884590 -0.71652331456834 -7.15424598161746 -2.63612321630680
2026-10-14T21:04:00.000 -4635.369317041670 -2954.178546287040 3997.341166223630 0.70223222491356 -6.50221564948160 -3.98604607322449
2026-10-14T21:08:00.000 -4300.542939465380 -4388.488663207700 2906.757253519320 2.07116519806743 -5.37732908633788 -5.04672481535090
2026-10-14T21:12:00.000 -3653.202188497430 -5503.881986987090 1604.354309688050 3.29054728557939 -3.86074242392553 -5.74028499862694
2026-10-14T21:16:00.000 -2740.232250280200 -6219.079896717820 184.971988185815 4.27111461752305 -2.06280948812136 -6.01549228386109
2026-10-14T21:20:00.000 -1627.983031184620 -6482.017731041280 -1247.900243916430 4.94101196034004 -0.11508614740850 -5.85202794976516
2026-10-14T21:24:00.000 -397.373767112676 -6273.744802277730 -2589.807687769910 5.25146555514443 1.83984165760965 -5.26220087700359
2026-10-14T21:28:00.000 862.121206228907 -5609.756223607250 -3743.075862385930 5.18036764735381 3.65935142450081 -4.28979791910331
2026-10-14T21:32:00.000 2059.077456991850 -4538.700041852960 -4623.976466568520 4.73362240034369 5.21149932743117 -3.00645527005725
2026-10-14T21:36:00.000 3106.790602027310 -3138.634087332240 -5168.755330850040 3.94432079544100 6.38461020163043 -1.50587066665816
2026-10-14T21:40:00.000 3929.479332213020 -1511.214368377500 -5338.086784281730 2.86979191801992 7.09474306874289 0.10330587377798
2026-10-14T21:44:00.000 4467.625030267760 225.639486589807 -5119.771739944610 1.58743845156685 7.29106365280251 1.70496320393470
2026-10-14T21:48:00.000 4682.172850963700 1946.141098661890 -4529.573318902300 0.18941241800086 6.95920640263327 3.18353857864905
2026-10-14T21:52:00.000 4557.340394399830 3525.562483325870 -3610.135610732390 -1.22358681755265 6.12237492559168 4.43187191953843
2026-10-14T21:56:00.000 4101.859857813260 4849.171259912260 -2428.047449221680 -2.54917266923440 4.84027579817168 5.35881828683194
2026-10-14T22:00:00.000 3348.497567986570 5820.602055190840 -1069.150291357670 -3.69068960573950 3.20541398475572 5.89612523532878
2026-10-14T22:04:00.000 2351.799129602740 6369.020899081190 367.646628913203 -4.56449143460632 1.33677872139519 6.00392700087085
2026-10-14T22:08:00.000 1184.144806400110 6454.458801835630 1777.639027665770 -5.10657599086697 -0.62907887519310 5.67412151142589
2026-10-14T22:12:00.000 -69.584274623152 6070.789711008120 3058.076976656080 -5.27742077350495 -2.54847706739272 4.93099333065492
2026-10-14T22:16:00.000 -1318.275885069870 5246.139093719300 4115.759954186270 -5.06494786069397 -4.28149052422443 3.82929560553645
2026-10-14T22:20:00.000 -2471.304303215720 4040.692093375400 4873.862227504570 -4.48516540509149 -5.70255541097784 2.44979209562469
2026-10-14T22:24:00.000 -3445.096078316140 2542.140654312400 5277.435132038290 -3.58042290797569 -6.70928099413374 0.89289200677765
2026-10-14T22:28:00.000 -4169.102386543560 859.264410376881 5297.271218773160 -2.41623759765146 -7.22933381103616 -0.72859943166263
2026-10-14T22:32:00.000 -4590.815922674400 -885.907688387925 4931.926115544520 -1.07654301722956 -7.22523625566263 -2.29747814675765
2026-10-14T22:36:00.000 -4679.509659430660 -2566.801724752910 4207.809762553060 0.34210843732483 -6.69681863232541 -3.70014201831027
2026-10-14T22:40:00.000 -4428.503386022460 -4061.341949883460 3177.374324714040 1.73705585849450 -5.68161037316839 -4.83448463164275
2026-10-14T22:44:00.000 -3855.759940775320 -5260.794301958540 1915.444826834250 3.00682703661967 -4.25268481014899 -5.61733800246383
2026-10-14T22:48:00.000 -3002.710882562510 -6077.776525834460 513.871706093806 4.05857400289496 -2.51386475020746 -5.99095857424839
2026-10-14T22:52:00.000 -1931.309069374620 -6452.786402591500 -925.179102401186 4.81524717632829 -0.59221678971357 -5.92772173380391
2026-10-14T22:56:00.000 -719.488553502632 -6358.662938677570 -2296.786352519210 5.22159461146884 1.37155706518794 -5.43245874621773
2026-10-14T23:00:00.000 544.619397498177 -5802.567972652530 -3501.067677753490 5.24842103889958 3.23399784986178 -4.54201998947500
2026-10-14T23:04:00.000 1769.220232007070 -4825.318201121820 -4450.535480382000 4.89450941431585 4.85987140273279 -3.32211240687325
2026-10-14T23:08:00.000 2865.565605826560 -3498.200593201870 -5076.414402606140 4.18621690648700 6.13198056900956 -1.86193230386358
2026-10-14T23:12:00.000 3754.326340626180 -1917.647212951220 -5333.495737519510 3.17516262719091 6.95917021400468 -0.26745940886204
2026-10-14T23:16:00.000 4371.215488963040 -198.219815751625 -5203.252388365250 1.93430052308805 7.28229817279803 1.34624909787274
2026-10-14T23:20:00.000 4671.511928511240 1535.557722244290 -4695.086587024980 0.55280400254976 7.07796204061260 2.86279897414574
2026-10-14T23:24:00.000 4633.255440289110 3158.035002920550 -3845.701286748430 -0.86989757896655 6.36027479218233 4.17242138754994
2026-10-14T23:28:00.000 4258.907314471320 4551.409737263410 -2716.571228187310 -2.23089436050100 5.18023406432546 5.17967039313740
2026-10-14T23:32:00.000 3575.323251860670 5614.281950310000 -1389.647766261730 -3.43106061931568 3.62282005590389 5.81048728886441
2026-10-14T23:36:00.000 2631.940547715500 6269.170604621920 38.527268375932 -4.38255519477535 1.80116944832326 6.01816260507569
2026-10-14T23:40:00.000 1497.236820045070 6468.320831453680 1463.888862851050 -5.01559255905769 -0.15168223011445 5.78716580782629
2026-10-14T23:44:00.000 253.704661375288 6197.298132596620 2782.549843140260 -5.28393738479284 -2.09289135593407 5.13450605562305
2026-10-14T23:48:00.000 -1008.265641794110 5476.026516382820 3898.495966232060 -5.16838783389461 -3.88083426246773 4.10831223652159
2026-10-14T23:52:00.000 -2197.051617204940 4357.201687837950 4730.626466798290 -4.67788297701537 -5.38571549585200 2.78392693555693
2026-10-14T23:56:00.000 -3226.471197823050 2922.280601005050 5218.614308071870 -3.84846226027544 -6.49907719408656 1.25793313977212
2026-10-15T00:00:00.000 -4021.956861878880 1275.456437784370 5327.132640755880 -2.74024830049877 -7.14092139931873 -0.35911575195381
2026-10-15T00:04:00.000 -4525.840824407050 -463.841590680276 5048.315258041950 -1.43314386990147 -7.26500531116568 -1.95026949011882
2026-10-15T00:08:00.000 -4701.471243254060 -2169.482667581570 4402.315131018480 -0.02136326337459 -6.86206238411452 -3.40035694262487
2026-10-15T00:12:00.000 -4535.879793689490 -3717.649566310960 3435.904732999870 1.39308309644322 -5.96056494416590 -4.60401367969675
2026-10-15T00:16:00.000 -4040.815380776450 -4995.756826993390 2219.213749768770 2.70745171020518 -4.62518835479072 -5.47315739802559
2026-10-15T00:20:00.000 -3252.030040410980 -5910.708847303320 840.754868237723 3.82571081770897 -2.95276955132529 -5.94371894142951
2026-10-15T00:24:00.000 -2226.771979312830 -6395.846671093420 -599.014731477288 4.66593618155904 -1.06540404781357 -5.98090645250147
2026-10-15T00:28:00.000 -1039.605874621860 -6415.949692044610 -1995.112248926080 5.16669786413821 0.89869668390991 -5.58208484845146
2026-10-15T00:32:00.000 223.116255232352 -5969.834708052710 -3245.833599136350 5.29180869475536 2.79595518303155 -4.77699106237971
2026-10-15T00:36:00.000 1469.659815657490 -5090.319872926490 -4260.260035663200 5.03283029447715 4.48838940757410 -3.62513393326356
2026-10-15T00:40:00.000 2609.640921479980 -3841.635944232390 -4964.859245034430 4.40930354634975 5.85378840505407 -2.21090940993408
2026-10-15T00:44:00.000 3560.549174435140 -2314.582978376430 -5308.698469491590 3.46682491958075 6.79419799284457 -0.63707549151411
2026-10-15T00:48:00.000 4253.599893254910 -619.896685737030 -5266.977560252400 2.27348231892708 7.24233963069771 0.98263120167532
2026-10-15T00:52:00.000 4638.586059567370 1119.680621640980 -4842.722400374190 0.91510319626052 7.16598439859689 2.53141449895668
2026-10-15T00:56:00.000 4687.446871727590 2778.110853485160 -4066.562047286020 -0.51062285085237 6.57007285747125 3.89732176776941
2026-10-15T01:00:00.000 4396.345256420230 4235.035924406260 -2994.642870198950 -1.90068955145892 5.49682975150988 4.98095959431517
2026-10-15T01:04:00.000 3786.077513448470 5384.485473493650 -1704.713388772850 -3.15404970557814 4.02329523511727 5.70282804440839
2026-10-15T01:08:00.000 2900.718707551010 6142.683203942910 -290.582526840195 -4.17900410752512 2.25633464439712 6.00951357815769
2026-10-15T01:12:00.000 1804.498653074830 6454.336373518140 1144.724904540330 -4.90041412074965 0.32491878503014 5.87818036422016
2026-10-15T01:16:00.000 577.098024532618 6296.784070696140 2496.584955293460 -5.26548582386180 -1.62969936631454 5.31842741059685
2026-10-15T01:20:00.000 -692.240530411469 5681.672699245290 3666.527880339400 -5.24784097838270 -3.46474260388031 4.37159691618854
2026-10-15T01:24:00.000 -1911.320547318900 4653.994901119150 4569.491050155180 -4.84931887542634 -5.04683920996412 3.10729162865913
2026-10-15T01:28:00.000 -2991.731658943330 3288.636316763350 5139.977312385960 -4.09936353752189 -6.26175557786446 1.61788359592627
2026-10-15T01:32:00.000 -3855.206301198840 1684.797121203400 5336.690562395660 -3.05250414209430 -7.02220703761800 0.01143902337551
2026-10-15T01:36:00.000 -4439.181949008960 -41.197655335959 5145.393184682040 -1.78427746401755 -7.27354839494310 -1.59593442034020
2026-10-15T01:40:00.000 -4701.230242501850 -1764.199319316970 4579.890858855640 -0.38601132944265 -6.99732896325161 -3.08796179068125
2026-10-15T01:44:00.000 -4622.136637357720 -3359.162185318770 3681.110604607710 1.04130479578687 -6.21292705674556 -4.35627901227486
2026-10-15T01:48:00.000 -4207.374750425220 -4710.153555395050 2514.244690242850 2.39414497711221 -4.97650983746972 -5.30825701487617
2026-10-15T01:52:00.000 -3486.833270598340 -5718.806696859390 1164.134088519240 3.57381904441002 -3.37750714023046 -5.87384901878543
2026-10-15T01:56:00.000 -2512.759097420640 -6311.627660043000 -270.861092582191 4.49391637615100 -1.53250912208089 -6.01123661785264
2026-10-15T02:00:00.000 -1355.973606453450 -6445.513821472380 -1686.108594058070 5.08708104862245 0.42343231852366 -5.71033665781084
2026-10-15T02:04:00.000 -100.632408210014 -6110.961171241690 -2978.476569082470 5.31026607452267 2.34721171576127 -4.99364027622388
2026-10-15T02:08:00.000 1162.030152020320 -5332.669962053470 -4053.968109900070 5.14784962463113 4.09872085753474 -3.91422537636438
2026-10-15T02:12:00.000 2340.419980642310 -4167.552188624240 -4834.572880956340 4.61238909413285 5.55127068288744 -2.55133188594500
2026-10-15T02:16:00.000 3349.216533654850 -2700.403342269060 -5263.831371610440 3.74321684683742 6.60051470548552 -1.00416359077232
2026-10-15T02:20:00.000 4115.451063531520 -1037.665753394100 -5310.767193555850 2.60326951654178 7.17139396379912 0.61539447609267
2026-10-15T02:24:00.000 4583.646549280670 700.217705639994 -4972.003432408300 1.27453974431958 7.22291368091987 2.19053302872385
2026-10-15T02:28:00.000 4719.752504849930 2387.355025897480 -4271.997641743130 -0.14742745562680 6.75096351270395 3.60745882820198
2026-10-15T02:32:00.000 4513.626445466370 3901.367469315370 -3261.359531299570 -1.56007464036621 5.78880310042538 4.76328806023775
2026-10-15T02:36:00.000 3979.888005498010 5132.189879423160 -2013.344989437080 -2.86083476933717 4.40530857020970 5.57338174596492
2026-10-15T02:40:00.000 3157.018094250320 5990.152016432240 -618.660302427129 -3.95468839239340 2.70058519149887 5.97792496808670
2026-10-15T02:44:00.000 2104.663379219440 6412.674242742860 821.117797726072 -4.76143019837164 0.79890485221536 5.94679239761446
2026-10-15T02:48:00.000 899.298072072394 6368.987618278670 2201.033026028410 -5.22195765994869 -1.16061929376177 5.48215933870905
2026-10-15T02:52:00.000 -371.430103608146 5862.425032711840 3420.541686673320 -5.30285019402888 -3.03476863862091 4.61835417648003
2026-10-15T02:56:00.000 -1615.192336700550 4930.083450821180 4390.932209713760 -4.99870576561456 -4.68717672612253 3.41896438764293
2026-10-15T03:00:00.000 -2741.745263642350 3639.954006281260 5041.770743875670 -4.33214434086602 -5.99828132895320 1.97173914369584
2026-10-15T03:04:00.000 -3669.459237191500 2085.838373369350 5325.929470623040 -3.35180310517146 -6.87381066855761 0.38187864463751
2026-10-15T03:08:00.000 -4331.130251372850 380.494614510290 5222.855958215090 -2.12853441971573 -7.25091009735308 -1.23562414215211
2026-10-15T03:12:00.000 -4678.738488777750 -1352.439034835290 4739.986391804650 -0.75042492538425 -7.10226682814775 -2.76387703830059
2026-10-15T03:16:00.000 -4686.884433741450 -2987.241445039190 3912.237300564750 0.68315180306516 -6.43798044166686 -4.09206695126806
2026-10-15T03:20:00.000 -4354.711202201110 -4405.117458061030 2799.611584564990 2.06826545300186 -5.30544851827341 -5.12325476210215
2026-10-15T03:24:00.000 -3706.094896795540 -5502.862610837140 1482.967896608300 3.30400510775533 -3.78646315755134 -5.78169179256149
2026-10-15T03:28:00.000 -2788.021348219890 -6200.494546319610 58.194826134658 4.29992588774908 -1.99161243513433 -6.01873559807415
2026-10-15T03:32:00.000 -1667.214185401510 -6447.243371841040 -1370.827660927530 4.98308291862061 -0.05220196089979 -5.81690861991173
2026-10-15T03:36:00.000 -425.214192933735 -6225.342202600080 -2699.935566562700 5.30373628412369 1.88982582620111 -5.19131708507593
2026-10-15T03:40:00.000 847.677938549384 -5551.283093843820 -3832.399819490510 5.23907280182784 3.69278106059994 -4.18838962177659
2026-10-15T03:44:00.000 2059.079833354900 -4474.437279986420 -4686.021229745230 4.79456830806773 5.22604563232683 -2.88191779799571
2026-10-15T03:48:00.000 3121.245264021970 -3073.254805325540 -5199.020849913780 4.00307006443854 6.37932388058848 -1.36718207378187
2026-10-15T03:52:00.000 3957.334599590900 -1449.453824581560 -5334.362621913940 2.92202327252658 7.07006301162759 0.24615126108364
2026-10-15T03:56:00.000 4506.840019481840 279.316560815596 -5082.294454098810 1.62927505368151 7.24878259705179 1.84169887334299
2026-10-15T04:00:00.000 4729.857818410240 1987.843443906090 -4461.006340075890 0.21771974211151 6.90228013616545 3.30430623279184
2026-10-15T04:04:00.000 4609.976592592880 3552.235843374860 -3515.395284133980 -1.21088692191563 6.05480516489517 4.52787278724102
2026-10-15T04:08:00.000 4155.565175088480 4858.827772349660 -2313.967620695490 -2.55301836517324 4.76689208497458 5.42297613141149
2026-10-15T04:12:00.000 3399.312241891770 5812.476861621020 -943.997834839935 -3.71078175675269 3.13152092967751 5.92365998357800
2026-10-15T04:16:00.000 2395.979547832240 6343.637525695030 494.774573908752 -4.59933462645088 1.26772761487230 5.99273242428970
2026-10-15T04:20:00.000 1218.447420859110 6413.595642082500 1897.474615104750 -5.15352149890398 -0.68821884339826 5.62490745448063
2026-10-15T04:24:00.000 -47.656357453727 6017.377701469750 3161.871857808410 -5.33296437714290 -2.59325113748116 4.84736587348406
2026-10-15T04:28:00.000 -1310.309399162330 5184.049938427630 4195.950152205400 -5.12503471379673 -4.30858917871884 3.71742793364514
2026-10-15T04:32:00.000 -2477.864939294590 3974.433143699690 4924.615254275830 -4.54540317440084 -5.70998159758646 2.31785443512693
2026-10-15T04:36:00.000 -3465.697493573350 2476.532215436220 5295.069803851540 -3.63648713840201 -6.69647431124282 0.75053395862048
2026-10-15T04:40:00.000 -4202.250056943890 799.074124650811 5280.521029632200 -2.46409049203886 -7.19727114363459 -0.87104290723252
2026-10-15T04:44:00.000 -4634.107032679420 -936.313452424336 4882.015333104770 -1.11270180199637 -7.17625904284207 -2.42968739077917
2026-10-15T04:48:00.000 -4729.801369894870 -2603.771018982320 4128.368294702980 0.32030053457976 -6.63450999964524 -3.81252629259666
2026-10-15T04:52:00.000 -4482.128284827940 -4082.199240851810 3074.175220918130 1.73126216224418 -5.61046081018876 -4.91886587995952
2026-10-15T04:56:00.000 -3908.800263704860 -5264.023156607900 1795.996354171870 3.01745872526700 -4.17782357927091 -5.66753262158529
2026-10-15T05:00:00.000 -3051.297994848700 -6063.136585283960 386.876708346148 4.08481619634962 -2.44073424777257 -6.00326039414522
2026-10-15T05:04:00.000 -1971.910267461690 -6421.343180944840 -1050.459589695920 4.85514150101858 -0.52618620798650 -5.90121958853463
2026-10-15T05:08:00.000 -749.159534851169 -6312.719754800280 -2411.217592042410 5.27223269070075 1.42561457335628 -5.36911346386174
2026-10-15T05:12:00.000 528.030920379500 -5745.492073490230 -3596.316808689920 5.30614023425448 3.27215483292772 -4.44649952250477
2026-10-15T05:16:00.000 1766.917251300640 -4761.277786669420 -4519.676184759690 4.95510943447240 4.87940424628257 -3.20139551299097
2026-10-15T05:20:00.000 2877.714717451800 -3431.857694936460 -5114.424339379300 4.24532185277240 6.13153916263286 -1.72480029477206
2026-10-15T05:24:00.000 3780.046688053500 -1853.808654056940 -5337.602732256750 3.22844949089514 6.93887485873088 -0.12376932047059
2026-10-15T05:28:00.000 4408.624170330930 -141.501053382994 -5173.120105458710 1.97780499033723 7.24361496926933 1.48615741517210
2026-10-15T05:32:00.000 4717.853872933410 1581.048536619540 -4632.847805896250 0.58327208355988 7.02363120123504 2.98882288164265
2026-10-15T05:36:00.000 4685.105248458250 3188.980222505940 -3755.812750681310 -0.85475535584715 6.29411011211148 4.27539720581267
2026-10-15T05:40:00.000 4312.428023473490 4565.517035120400 -2605.509719289110 -2.23219182153530 5.10691675671930 5.25204548270180
2026-10-15T05:44:00.000 3626.562480397640 5610.455623632480 -1265.453143782140 -3.44864653535447 3.54760265031237 5.84685678927083
2026-10-15T05:48:00.000 2677.127909437900 6247.617588956290 166.823189604438 -4.41508516291821 1.72958089613533 6.01574517887565
2026-10-15T05:52:00.000 1533.054133937900 6430.557899824340 1586.931651704170 -5.06066281950626 -0.21433271194448 5.74607012347611
2026-10-15T05:56:00.000 277.524211007028 6146.044396790940 2891.360692970740 -5.33822561510067 -2.14196588270199 5.05773045061293
2026-10-15T06:00:00.000 -998.185980316652 5414.999040881450 3985.140699379380 -5.22789289592022 -3.91270332026511 4.00151485513864
2026-10-15T06:04:00.000 -2201.446440450180 4290.832332163400 4788.802108519590 -4.73825667884228 -5.39809125439032 2.65492107542155
2026-10-15T06:08:00.000 -3245.018189620270 2855.388447160250 5244.088703249830 -3.90530205631423 -6.49102307781926 1.11609736955295
2026-10-15T06:12:00.000 -4053.306059940930 1212.908212924860 5318.059253132280 -2.78945029981313 -7.11300240525293 -0.50341307228994
2026-10-15T06:16:00.000 -4567.720276493190 -517.498887971064 5005.368171082680 -1.47116165678268 -7.21929198145511 -2.08653753057956
2026-10-15T06:20:00.000 -4750.846220333930 -2210.355100395750 4328.623243513750 -0.04542742113250 -6.80188004181298 -3.51873352108724
2026-10-15T06:24:00.000 -4589.166821764090 -3742.769600016120 3336.827136693990 1.38475830305933 -5.89027374480530 -4.69588123875204
2026-10-15T06:28:00.000 -4094.137239947440 -5003.303081243900 2101.968256989930 2.71548869112043 -4.54993898883996 -5.53176292710528
2026-10-15T06:32:00.000 -3301.502546958970 -5900.148288021770 713.887794780921 3.84955939599307 -2.87804335509733 -5.96479740807495
2026-10-15T06:36:00.000 -2268.789008580150 -6367.961313935490 -726.250977184288 4.70382867816747 -0.99665242608254 -5.96288392065093
2026-10-15T06:40:00.000 -1071.111733196090 -6372.794452336410 -2113.437167169400 5.21586335572270 0.95641377895807 -5.52630677564428
2026-10-15T06:44:00.000 204.412436978780 -5914.583656562820 -3346.627248299880 5.34867957901996 2.83842358532937 -4.68758228008240
2026-10-15T06:48:00.000 1465.121552036040 -5027.023209311260 -4336.195297587030 5.09329030109588 4.51256841872648 -3.50866142402992
2026-10-15T06:52:00.000 2619.606718681980 -3774.912456929730 -5010.424988235640 4.46896938064715 5.85800498524138 -2.07584014889775
2026-10-15T06:56:00.000 3584.301619008440 -2249.282302610170 -5320.584957560330 3.52134522125468 6.77821145194481 -0.49318712961505
2026-10-15T07:00:00.000 4289.414202432820 -560.748526364668 -5244.305877158160 2.31884971833871 7.20736807183362 1.12499378031441
2026-10-15T07:04:00.000 4683.842278946770 1168.393925508110 -4787.097247558570 0.94792279615524 7.11451120658554 2.66199340257435
2026-10-15T07:08:00.000 4738.818822146770 2812.844611985430 -3981.974505751430 -0.49279890480942 6.50574590228983 4.00662146631208
2026-10-15T07:12:00.000 4450.050098107390 4253.237905809930 -2887.195816725090 -1.89918932596705 5.42421784755836 5.06097486074655
2026-10-15T07:16:00.000 3838.162848378710 5384.786189984940 -1582.194427132100 -3.16896009248510 3.94764286831243 5.74762773844834
2026-10-15T07:20:00.000 2947.354727068670 6125.012089733110 -161.900719901905 -4.20920945734752 2.18312892543098 6.01573968375072
2026-10-15T07:24:00.000 1842.273169620440 6419.933454922970 1270.186760242740 -4.94358867085259 0.25958198711313 5.84527842302142
2026-10-15T07:28:00.000 603.262783895579 6248.149094028350 2609.672106671260 -5.31848124548823 -1.68222300961669 5.24885761832873
2026-10-15T07:32:00.000 -679.600918857928 5622.364034682160 3759.008783192270 -5.30686725216591 -3.50063143252271 4.27050445815049
2026-10-15T07:36:00.000 -1913.143839522390 4588.336101451700 4634.648405341140 -4.91007179515229 -5.06356084069833 2.98207452147844
2026-10-15T07:40:00.000 -3007.896490740480 3221.398200869550 5173.083744579670 -4.15739592432348 -6.25811375618650 1.47763796920697
2026-10-15T07:44:00.000 -3884.546735459080 1620.865832074910 5335.345806805990 -3.10359491216348 -6.99845714488444 -0.13366294876055
2026-10-15T07:48:00.000 -4479.572160216900 -97.171124183969 5109.697590078100 -1.82470995714992 -7.23138821973138 -1.73533478373567
2026-10-15T07:52:00.000 -4749.744143433250 -1808.141972575420 4512.447583123740 -0.41286001364307 -6.93985078841840 -3.21151609467955
2026-10-15T07:56:00.000 -4675.253031565550 -3387.880952286260 3586.827051981070 1.03004789783400 -6.14430566316440 -4.45502317521137
2026-10-15T08:00:00.000 -4261.224858530390 -4721.556357868750 2399.988183163100 2.39931802809027 -4.90171889149779 -5.37492324858777
2026-10-15T08:04:00.000 -3537.498341245020 -5712.068937478900 1038.242957524060 3.59502768271772 -3.30206413593137 -5.90355105011792
2026-10-15T08:08:00.000 -2556.549880498940 -6287.259938779700 -399.203126061470 4.52964660285571 -1.46193371511416 -6.00183170657989
2026-10-15T08:12:00.000 -1389.697884734660 -6405.315483292360 -1807.539892084490 5.13472133918315 0.48396097157983 -5.66251265159754
2026-10-15T08:16:00.000 -121.833265498247 -6057.895314539860 -3084.149860695120 5.36635273519823 2.39326217084575 -4.91096219546190
2026-10-15T08:20:00.000 1154.901682406910 -5270.634502253440 -4136.202849712300 5.20832446025122 4.12697133364652 -3.80278867793502
2026-10-15T08:24:00.000 2347.896001648720 -4101.082698508280 -4887.408565424630 4.67287474708813 5.55975976694142 -2.41926855684826
2026-10-15T08:28:00.000 3370.768321299110 -2634.336303198040 -5283.442677039480 3.79931100079204 6.58870214115742 -0.86103283540824
2026-10-15T08:32:00.000 4149.524079757710 -976.796027198425 -5295.729273079400 2.65087882810973 7.14016493511370 0.75925331598884
2026-10-15T08:36:00.000 4627.769509209850 751.479026076896 -4923.394934383020 1.31015521060199 7.17455833055285 2.32473744390401
2026-10-15T08:40:00.000 4770.707154292700 2425.290016865780 -4193.320548824740 -0.12646693602352 6.68892621271802 3.72229441888228
2026-10-15T08:44:00.000 4567.688325349280 3923.206669575970 -3158.303989117340 -1.55529889338466 5.71752174561341 4.85035677299772
2026-10-15T08:48:00.000 4033.107394631800 5136.322394161100 -1893.389207228990 -2.87258381849843 4.32993331797088 5.62626856186740
2026-10-15T08:52:00.000 3205.512455562140 5976.255000179690 -490.536134076001 -3.98206720628780 2.62664921032447 5.99268161585993
2026-10-15T08:56:00.000 2144.902215805560 6381.756302868630 948.069392386342 -4.80242510356631 0.73187792230483 5.92232257435786
2026-10-15T09:00:00.000 928.356919188150 6323.315418342240 2317.554795774880 -5.27355234332694 -1.21577373758259 5.42025219336915
2026-10-15T09:04:00.000 -355.656713899715 5805.364474652710 3518.149781818560 -5.36130879299625 -3.07393451827064 4.52363913209035
2026-10-15T09:08:00.000 -1613.860088063610 4865.835719457280 4462.551772607200 -5.05987544251404 -4.70755273041256 3.29844857159525
2026-10-15T09:12:00.000 -2754.980992021630 3573.215177315490 5082.232716127390 -4.39162551903421 -5.99856157348671 1.83416999352293
2026-10-15T09:16:00.000 -3696.326210883590 2021.454142768240 5332.309753910510 -3.40521143022049 -6.85402993264533 0.23715664759478
2026-10-15T09:20:00.000 -4369.686608401380 323.136537121456 5194.690747390190 -2.17193651377336 -7.21249167753736 -1.37703613833924
2026-10-15T09:24:00.000 -4726.181535575250 -1398.600126588210 4679.310365456870 -0.78062631024945 -7.04793526076218 -2.89172873773430
2026-10-15T09:28:00.000 -4739.759686771620 -3018.835945416140 3823.451330751950 0.66836896189755 -6.37166195584790 -4.19702505927673
2026-10-15T09:32:00.000 -4409.160161580930 -4419.832509367400 2689.173938170100 2.07001538892471 -5.23196080836241 -5.19761179346725
2026-10-15T09:36:00.000 -3758.144728136570 -5499.612152838830 1358.930486582770 3.32211256909120 -3.71116362316973 -5.81996310566072
2026-10-15T09:40:00.000 -2833.888873965050 -6179.514476124640 -70.388860683578 4.33301983281380 -1.92008685886735 -6.01812631984276
2026-10-15T09:44:00.000 -1703.570637507080 -6410.084680383080 -1494.581182346360 5.02876770490781 0.01026183240682 -5.77752108956352
2026-10-15T09:48:00.000 -449.418473436479 -6174.748461589540 -2809.850325139190 5.35870697492846 1.93863698654859 -5.11610582244832
2026-10-15T09:52:00.000 837.388745934842 -5490.977276543810 -3920.497856447650 5.29935687132873 3.72441415645698 -4.08291945753166
2026-10-15T09:56:00.000 2063.463487864770 -4408.839631735800 -4745.931443615270 4.85581867884582 5.23825678719122 -2.75392880818380
2026-10-15T10:00:00.000 3140.002019085530 -3007.152282713520 -5226.429286733810 4.06086949149313 6.37130414957610 -1.22596984814398
2026-10-15T10:04:00.000 3989.127435747600 -1387.654821337820 -5327.310874098510 2.97219848261380 7.04244698625944 0.39036719556437
2026-10-15T10:08:00.000 4549.389168139420 332.325497908045 -5041.314084937150 1.66818901013328 7.20359584307765 1.97850230169139
2026-10-15T10:12:00.000 4780.100367280130 2028.218002149140 -4389.085173063130 0.24251519023478 6.84282593527847 3.42377241935400
2026-10-15T10:16:00.000 4664.278781672230 3577.052797287070 -3417.768481048670 -1.20206370236883 5.98540220052969 4.62131045783752
2026-10-15T10:20:00.000 4209.991051315420 4866.292304991770 -2197.743507757890 -2.56081477557724 4.69257592739842 5.48356257070872
2026-10-15T10:24:00.000 3449.918696399340 5802.057756298840 -817.646662758787 -3.73461632857105 3.05772348077419 5.94694067976199
2026-10-15T10:28:00.000 2439.106489770710 6316.117568621800 622.034676629745 -4.63744797923817 1.19991043315176 5.97698448952543
2026-10-15T10:32:00.000 1250.979322368150 6371.027905258950 2016.364510007020 -5.20317316657833 -0.74502738665889 5.57134698308045
2026-10-15T10:36:00.000 -28.075812000150 5962.919679974900 3263.740878549100 -5.39058558213012 -2.63492067997769 4.75996678008200
2026-10-15T10:40:00.000 -1305.104517554380 5121.720586647850 4273.405151703730 -5.18648926389566 -4.33212372299716 3.60263207320431
2026-10-15T10:44:00.000 -2487.430070371060 3908.806222248490 4972.056638784790 -4.60629103274362 -5.71379123933106 2.18406596287136
2026-10-15T10:48:00.000 -3489.363879624460 2412.379234473950 5309.077575486950 -3.69237806021192 -6.68047990919779 0.60737584398960
2026-10-15T10:52:00.000 -4238.306816498730 741.029583810026 5260.066684380740 -2.51080040421192 -7.16266211233827 -1.01333828795296
2026-10-15T10:56:00.000 -4679.912834097530 -984.048172558877 4828.544245025000 -1.14672439260961 -7.12545782935224 -2.56086340266288
2026-10-15T11:00:00.000 -4781.983379963830 -2637.714416988220 4045.713856114350 0.30151484928736 -6.57105758601977 -3.92304372759481
2026-10-15T11:04:00.000 -4536.844892005730 -4099.840056480110 2968.309586393780 1.72905184761683 -5.53888208344025 -5.00057624068879
2026-10-15T11:08:00.000 -3962.031404520220 -5264.024107883920 1674.607193057140 3.03196219797349 -4.10330143413649 -5.71437423086644
2026-10-15T11:12:00.000 -3099.144826555900 -6045.447113578760 258.809382428369 4.11488975702560 -2.36876196655192 -6.01172039618624
2026-10-15T11:16:00.000 -2010.886168715640 -6387.227974937890 -1175.862885516380 4.89853312310600 -0.46212784064735 -5.87070799434536
2026-10-15T11:20:00.000 -776.434079189340 -6264.660315553420 -2524.824874256780 5.32575363827741 1.47704390261192 -5.30193923583349
2026-10-15T11:24:00.000 514.431831912937 -5686.993604412830 -3689.875358950430 5.36588850905128 3.30718014703752 -4.34763636632068
2026-10-15T11:28:00.000 1767.977416790320 -4696.610359745320 -4586.412537778230 5.01678369075094 4.89548037609405 -3.07811269529627
2026-10-15T11:32:00.000 2893.362354479520 -3365.733158951960 -5149.527868304380 4.30447649288672 6.12753536471670 -1.58608603998797
2026-10-15T11:36:00.000 3809.161911227990 -1791.037029188650 -5338.563471494310 3.28084997994865 6.91511578476211 0.02031129749567
2026-10-15T11:40:00.000 4449.121556927830 -86.639567599959 -5139.901083100970 2.01968136108411 7.20186473793651 1.62517865792941
2026-10-15T11:44:00.000 4766.825604802380 1624.024902494790 -4567.883308263060 0.61158232605503 6.96694040170250 3.11274195890981
2026-10-15T11:48:00.000 4739.025593129510 3216.958364823610 -3663.834856580260 -0.84207800998669 6.22657667327686 4.37520686094680
2026-10-15T11:52:00.000 4367.412124153370 4576.475408599430 -2493.225252519180 -2.23606204101286 5.03350419542607 5.32041687934369
2026-10-15T11:56:00.000 3678.644011406690 5603.629058870120 -1141.054360348070 -3.46882103947314 3.47371517779141 5.87882653655845
2026-10-15T12:00:00.000 2722.545734433230 6223.540986354860 294.267149928360 -4.45009698607630 1.66060167079194 6.00899397468432
2026-10-15T12:04:00.000 1568.537191267360 6391.030679922340 1708.130785930470 -5.10793561235245 -0.27330405152599 5.70111035617995
2026-10-15T12:08:00.000 300.522618122063 6094.012174109730 2997.494701794590 -5.39437522162125 -2.18656458820938 4.97793616627529
2026-10-15T12:12:00.000 -989.335909621440 5354.318482492050 4068.511025391190 -5.28893707849514 -3.93975469842446 3.89277815968821
2026-10-15T12:16:00.000 -2207.395602657660 4225.964196466390 4843.378881412430 -4.79979437458822 -5.40574262435204 2.52517752940523
2026-10-15T12:20:00.000 -3265.350727216820 2791.069110066040 5265.936194856930 -3.96289716527953 -6.47885740086413 0.97475016583473
2026-10-15T12:24:00.000 -4086.559211838140 1153.794829408660 5305.601304371480 -2.83884590838266 -7.08206533425233 -0.64623721362804
2026-10-15T12:28:00.000 -4611.460918799900 -567.145744718925 4959.476342575700 -1.50860031230323 -7.17179879226697 -2.22065266069883
2026-10-15T12:32:00.000 -4801.841107261620 -2246.934124044460 4252.569088113730 -0.06805299478720 -6.74111277303591 -3.63443383282405
2026-10-15T12:36:00.000 -4643.632586751860 -3763.587803466620 3236.081038551370 1.37862404101533 -5.82048250806322 -4.78467209848669
2026-10-15T12:40:00.000 -4148.043997197590 -5006.779505517680 1983.820419550460 2.72623900092481 -4.47608047460984 -5.58707021504586
2026-10-15T12:44:00.000 -3350.882343000590 -5885.947758599810 586.931243716224 3.87627923941682 -2.80551777522113 -5.98242770971061
2026-10-15T12:48:00.000 -2310.032094623080 -6337.060428809720 -852.758013857455 4.74449020159110 -0.93086943756202 -5.94153735402921
2026-10-15T12:52:00.000 -1101.217764652710 -6327.408463719940 -2230.275869529070 5.26743956643960 1.01058739779580 -5.46759238422593
2026-10-15T12:56:00.000 187.624036110438 -5857.997983253660 -3445.299486808690 5.40740395733267 2.87700486239932 -4.59584540969948
2026-10-15T13:00:00.000 1462.862165122040 -4963.344502042900 -4409.539401857190 5.15490362694175 4.53273473225448 -3.39062463035801
2026-10-15T13:04:00.000 2632.034716371290 -3708.764777660870 -5053.131673779940 4.52901062396670 5.85829082894545 -1.94012927945274
2026-10-15T13:08:00.000 3610.514523962970 -2185.466581251860 -5329.578644270120 3.57548379167075 6.75860910603165 -0.34966845908059
2026-10-15T13:12:00.000 4327.518266949500 -503.895146235128 -5218.959183436990 2.36320911833795 7.16931074929783 1.26590545146490
2026-10-15T13:16:00.000 4731.091109002610 1214.165538753770 -4729.270546926780 0.97930768468294 7.06078542638469 2.79010424031153
2026-10-15T13:20:00.000 4791.803747609910 2844.222869098380 -3895.878311209110 -0.47668238218013 6.44025632307951 4.11265580029722
2026-10-15T13:24:00.000 4504.937639949600 4267.953100507050 -2779.092072514290 -1.89954766194670 5.35168928195356 5.13720852131698
2026-10-15T13:28:00.000 3890.980771009050 5381.772703320370 -1459.955926568270 -3.18573156890137 3.87334313886164 5.78844912789209
2026-10-15T13:32:00.000 2994.292303878040 6104.508964433030 -34.442516948327 -4.24115503770306 2.11259241875019 6.01815746029766
2026-10-15T13:36:00.000 1879.937609521260 6383.476130605890 1393.575831801090 -4.98845124339403 0.19797346222769 5.80916556985538
2026-10-15T13:40:00.000 628.929661431703 6198.431102631870 2720.008465241500 -5.37298059029921 -1.73044036542457 5.17686708106408
2026-10-15T13:44:00.000 -667.778404453650 5563.047105241860 3848.268239846870 -5.36704279874282 -3.53191215631133 4.16794429354782
2026-10-15T13:48:00.000 -1916.018115300910 4523.780905502340 4696.361552566760 -4.97163865530534 -5.07569210950966 2.85648450858155
2026-10-15T13:52:00.000 -3025.268847571670 3156.316840972800 5202.785804590000 -4.21590369079853 -6.25035562352538 1.33808198883075
2026-10-15T13:56:00.000 -3915.161339603970 1559.982734630120 5330.880571159020 -3.15475755544737 -6.97146121761979 -0.27710783375730
2026-10-15T14:00:00.000 -4521.194750559590 -149.458247176980 5071.372451476330 -1.86469223556542 -7.18718903620126 -1.87235933702026
2026-10-15T14:04:00.000 -4799.302248075470 -1848.059845986030 4442.999361313740 -0.43857898297360 -6.88157213482347 -3.33227872117950
2026-10-15T14:08:00.000 -4729.064723800200 -3412.516447320960 3491.242744053030 1.02052839580136 -6.07598206788442 -4.55071421235534
2026-10-15T14:12:00.000 -4315.299365748910 -4729.067376724860 2285.171163180810 2.40665423892273 -4.82818651681220 -5.43850815645713
2026-10-15T14:16:00.000 -3587.839292347630 -5701.830635063640 912.520027271266 3.61859247324797 -3.22858303495889 -5.93026315827356
2026-10-15T14:20:00.000 -2599.463954402430 -6259.936143260380 -526.674801534188 4.56756944349331 -1.39393299994318 -5.98959935507726
2026-10-15T14:24:00.000 -1422.062045029280 -6362.842154337560 -1927.467513545310 5.18417392236535 0.54143113585344 -5.61226762269573
2026-10-15T14:28:00.000 -141.301956458651 -6003.325854835020 -3187.799082510630 5.42370506045313 2.43596707689440 -4.82639142160105
2026-10-15T14:32:00.000 1149.732564391580 -5207.913673434230 -4216.032907198830 5.26940899194828 4.15177900517869 -3.69008410604800
2026-10-15T14:36:00.000 2357.392104660030 -4034.749860747950 -4937.617604830810 4.73325600275768 5.56486837972957 -2.28663915302032
2026-10-15T14:40:00.000 3394.230587751600 -2569.191916833370 -5300.382940737970 3.85460072493937 6.57375298390851 -0.71810975867383
2026-10-15T14:44:00.000 4185.234574104430 -917.552188262086 -5278.165026662160 2.69703252176733 7.10623453616254 0.90212113958493
2026-10-15T14:48:00.000 4673.117504479810 800.531310029280 -4872.589736809550 1.34382611542414 7.12407493678664 2.45719156569302
2026-10-15T14:52:00.000 4822.382457900020 2460.594150873950 -4112.948051828880 -0.10773475822368 6.62553533067818 3.83473593162068
2026-10-15T14:56:00.000 4621.915136084450 3942.194910338360 -3054.180912512100 -1.55290194472376 5.64575964935376 4.93462133825936
2026-10-15T15:00:00.000 4085.920281492460 5137.594264652510 -1773.068083491440 -2.88668809475490 4.25495612019138 5.67614656335655
2026-10-15T15:04:00.000 3253.055313136130 5959.691637263640 -362.771682770696 -4.01159701571540 2.55391639562973 6.00443556642207
2026-10-15T15:08:00.000 2183.719395858810 6348.549665518780 1073.960634722480 -4.84515734961358 0.66678709867407 5.89505776128955
2026-10-15T15:12:00.000 955.635685697739 6275.896289871970 2432.397711374990 -5.32639887183941 -1.26839747198391 5.35602175375237
2026-10-15T15:16:00.000 -341.899621147102 5747.202128202020 3613.585914811090 -5.42044684089813 -3.11028939621968 4.42713464033705
2026-10-15T15:20:00.000 -1614.620343471370 4801.179851844850 4531.640872264910 -5.12097435018138 -4.72498164968068 3.17674690950928
2026-10-15T15:24:00.000 -2770.197305388150 3506.787160022160 5119.967314386870 -4.45026939620932 -5.99582237207432 1.69618424175338
2026-10-15T15:28:00.000 -3724.897581112100 1958.089776723570 5335.966393029890 -3.45718247877783 -6.83140504206922 0.09287512401072
2026-10-15T15:32:00.000 -4409.544044139470 267.433526287605 5164.005289484350 -2.21343276256334 -7.17166691047759 -1.51719841588732
2026-10-15T15:36:00.000 -4774.422461652110 -1442.608509533930 4616.503319519550 -0.80854710275216 -6.99189479886548 -3.01761699525192
2026-10-15T15:40:00.000 -4792.850244339340 -3047.962670315990 3733.074490225430 0.65613216386556 -6.30443730692103 -4.29948494670514
2026-10-15T15:44:00.000 -4463.199866235220 -4431.956279765280 2577.784521111560 2.07438706819876 -5.15834552567318 -5.26917523443502
2026-10-15T15:48:00.000 -3809.162676294610 -5493.830778859780 1234.626025800340 3.34276615822003 -3.63647389374248 -5.85535718348464
2026-10-15T15:52:00.000 -2878.139621057100 -6156.220306183330 -198.554577598953 4.36840153507181 -1.84973067435314 -6.01469709290256
2026-10-15T15:56:00.000 -1737.819610648070 -6370.948174316850 -1617.255541220290 5.07620954535883 0.07109842708528 -5.73547219274909
2026-10-15T16:00:00.000 -471.176040928412 -6122.614698981040 -2918.084111540650 5.41472801069347 1.98544495685609 -5.03856555429070
2026-10-15T16:04:00.000 829.704296576254 -5429.644740940770 -4006.409942807690 5.35989943619669 3.75380184027218 -3.97558864190529
2026-10-15T16:08:00.000 2070.413476548420 -4342.765654224300 -4803.273580526140 4.91648393768620 5.24815281983571 -2.62462778174494
2026-10-15T16:12:00.000 3161.080514888690 -2941.121214731700 -5251.027037530060 4.11721249923016 6.36106090074451 -1.08405333622362
2026-10-15T16:16:00.000 4022.787825302460 -1326.436510443130 -5317.353517157170 3.02004844218439 7.01282684707301 0.53466782730441
2026-10-15T16:20:00.000 4593.148336566100 384.306292584462 -4997.483282322850 1.70396935841845 7.15668876974403 2.11476522760728
2026-10-15T16:24:00.000 4830.724350952620 2067.185451790560 -4314.515812938660 0.26359321205159 6.78193734432546 3.54209642988168
2026-10-15T16:28:00.000 4718.031956094070 3600.156650611840 -3317.832263168700 -1.19722772032264 5.91488569343404 4.71308560425834
2026-10-15T16:32:00.000 4262.905883211290 4871.814903374490 -2079.661136368350 -2.57259632057029 4.61745698997228 5.54206595726651
2026-10-15T16:36:00.000 3498.088792497870 5789.536061972690 -689.980577294329 -3.76211980800882 2.98338518187581 5.96779085838793
2026-10-15T16:40:00.000 2478.989260892280 6286.393619228170 749.992366754060 -4.67856164292219 1.13178952392450 5.95853456947350
2026-10-15T16:44:00.000 1279.664028920400 6326.216211664400 2135.279309882310 -5.25479258116122 -0.80184293565261 5.51490310501018
2026-10-15T16:48:00.000 -12.668524954283 5906.267403171200 3364.940639460750 -5.44894317943555 -2.67616421669268 4.66970110222537
2026-10-15T16:52:00.000 -1304.093463282450 5057.355132526910 4349.525277525310 -5.24737306758739 -4.35476517499120 3.48518919401412
2026-10-15T16:56:00.000 -2500.891776219600 3841.415692708380 5017.571877948550 -4.66527210837092 -5.71620686982976 2.04802802414970
2026-10-15T17:00:00.000 -3516.319340094880 2346.870676489450 5320.695837461100 -3.74517042572077 -6.66247442339780 0.46267400085081
2026-10-15T17:04:00.000 -4276.807797797680 682.172490975896 5236.969716321970 -2.55364237117776 -7.12558906873743 -1.15617367231902
2026-10-15T17:08:00.000 -4727.182882930470 -1031.980377393070 4772.429938986530 -1.17650799810392 -7.07204704896144 -2.69149333890676
2026-10-15T17:12:00.000 -4834.606354236230 -2671.247523915350 3960.676971134320 0.28696651812580 -6.50520986563733 -4.03196299490356
2026-10-15T17:16:00.000 -4591.011468928780 -4116.550704118200 2860.552078946680 1.73081438366938 -5.46540342929776 -5.07983012690434
2026-10-15T17:20:00.000 -4013.820078373040 -5262.721844894880 1551.992970545480 3.04989502940881 -4.02760189113098 -5.75816828164782
2026-10-15T17:24:00.000 -3144.806809053670 -6026.268717717250 130.284183453713 4.14770780027594 -2.29640448020098 -6.01688804609059
2026-10-15T17:28:00.000 -2047.113808111720 -6351.619375927370 -1300.926822297560 4.94385207022900 -0.39841746929904 -5.83687697474787
2026-10-15T17:32:00.000 -800.606669046473 -6215.279821797130 -2637.315279049360 5.38028810776076 1.52738865350535 -5.23165254568101
2026-10-15T17:36:00.000 504.068840333083 -5627.510800670080 -3781.622237630440 5.42574213987222 3.34052286521092 -4.24613179120520
2026-10-15T17:40:00.000 1772.190301648850 -4631.410902032310 -4650.777793264670 5.07766440460416 4.90950821788061 -2.95283398475313
2026-10-15T17:44:00.000 2911.869751483710 -3299.585797654310 -5181.868730796470 4.36198535761238 6.12138603135622 -1.44610815985677
2026-10-15T17:48:00.000 3840.637950985030 -1728.743990814950 -5336.545514311240 3.33073574413251 6.88935095036548 0.16493303349774
2026-10-15T17:52:00.000 4491.274118258280 -32.709588755343 -5103.656914494810 2.05820288238422 7.15835485361450 1.76405189532579
2026-10-15T17:56:00.000 4816.557955075340 1665.678876547890 -4500.011748805640 0.63582794355158 6.90875525702221 3.23582059988072
2026-10-15T18:00:00.000 4792.671645995100 3243.290989280660 -3569.232437483360 -0.83391069918774 6.15785102578402 4.47352103845053
2026-10-15T18:04:00.000 4421.014953348860 4585.537038572630 -2378.737752244900 -2.24459432855092 4.95917154397033 5.38679319631428
2026-10-15T18:08:00.000 3728.242737960010 5594.708719276750 -1014.983503205320 -3.49345130310108 3.39909539457987 5.90837494487977
2026-10-15T18:12:00.000 2764.474012502220 6197.214321120360 422.755542279372 -4.48898495379333 1.59105498628296 5.99944743716989
2026-10-15T18:16:00.000 1599.703663138380 6349.136008491940 1829.666910924390 -5.15816571851428 -0.33268886696598 5.65306630179081
2026-10-15T18:20:00.000 318.641483036256 6039.531411089580 3103.199894917700 -5.45219080615587 -2.23140803021195 4.89486024739600
2026-10-15T18:24:00.000 -985.577446430326 5291.170657356950 4150.659184337370 -5.35006093994520 -3.96667744759876 3.78076136351112
2026-10-15T18:28:00.000 -2218.263222527680 4158.718854246630 4895.975447086340 -4.85981250012633 -5.41276527609736 2.39243771511602
2026-10-15T18:32:00.000 -3290.048251041030 2724.588882457280 5285.141101001530 -4.01741360178038 -6.46549209479758 0.83091704165242
2026-10-15T18:36:00.000 -4123.274591827070 1092.894922364010 5289.996803318460 -2.88387515458347 -7.04919427673876 -0.79069883851499
2026-10-15T18:40:00.000 -4657.516292963540 -618.038830445704 4910.187735869880 -1.54093682696910 -7.12179715344960 -2.35517564621865
2026-10-15T18:44:00.000 -4853.889216693090 -2284.125576332070 4173.176921630550 -0.08535443801819 -6.67762311864517 -3.74923494040807
2026-10-15T18:48:00.000 -4697.895432384270 -3784.378209263360 3132.362302375890 1.37758166937431 -5.74813589110467 -4.87134967942226
2026-10-15T18:52:00.000 -4200.590248999300 -5009.669519285630 1863.332477385030 2.74148975666814 -4.40017921130060 -5.63928060016530
2026-10-15T18:56:00.000 -3397.916722823630 -5870.754492254120 458.456062148699 3.90667764592661 -2.73165766517044 -5.99637369796793
2026-10-15T19:00:00.000 -2348.166357213250 -6304.936700383700 -979.858882274571 4.78780622620367 -0.86452711751114 -5.91621785273106
2026-10-15T19:04:00.000 -1127.710464368550 -6280.765331437060 -2346.751459338160 5.32054910739485 1.06448650757268 -5.40492260774158
2026-10-15T19:08:00.000 174.678655254326 -5800.322134936230 -3542.694979608590 5.46651880604607 2.91448419837331 -4.50050706134806
2026-10-15T19:12:00.000 1464.410737029640 -4898.923278032470 -4480.818193386780 5.21585315835174 4.55115244954437 -3.26966328835908
2026-10-15T19:16:00.000 2647.994848440390 -3642.341205088200 -5093.170840431880 4.58742873769196 5.85648741003847 -1.80234180767390
2026-10-15T19:20:00.000 3639.762595159000 -2121.886702635020 -5335.515453022110 3.62711539542933 6.73688431642006 -0.20497785468460
2026-10-15T19:24:00.000 4367.951646614790 -447.766301330645 -5190.376050030810 2.40419469440433 7.12932204822432 1.40715286878777
2026-10-15T19:28:00.000 4779.761612240830 1258.778059795900 -4668.222669414000 1.00652318061292 7.00537064213761 2.91775493732379
2026-10-15T19:32:00.000 4845.134047541440 2874.065233938610 -3806.767273849650 -0.46531087880988 6.37331478092235 4.21742949175938
2026-10-15T19:36:00.000 4559.000028832230 4280.816700726980 -2668.370604602100 -1.90485352685338 5.27800023419561 5.21140589520183
2026-10-15T19:40:00.000 3941.794865945840 5376.675044282940 -1335.668148746860 -3.20733558945293 3.79826819229814 5.82661180934320
2026-10-15T19:44:00.000 3038.107920698340 6081.768303175440 94.371046808494 -4.27751333177637 2.04152579420479 6.01746086731892
2026-10-15T19:48:00.000 1913.517966945050 6344.681725364880 1517.523683251640 -5.03685484552625 0.13608579072822 5.76955338985059
2026-10-15T19:52:00.000 649.798471604926 6146.348951844220 2830.036931036650 -5.42984904124311 -1.77860205363786 5.10119415437428
2026-10-15T19:56:00.000 -661.157835059932 5501.416501907450 3936.336099324380 -5.42817235916273 -3.56283602989641 4.06172886264216
2026-10-15T20:00:00.000 -1924.127419108200 4457.039239368760 4756.025561241090 -5.03249781671292 -5.08708329951109 2.72745858417215
2026-10-15T20:04:00.000 -3047.505992694690 3089.287088092490 5229.680357354840 -4.27205982932867 -6.24135478864600 1.19569887950434
2026-10-15T20:08:00.000 -3949.896286141370 1497.508334550300 5323.027419188250 -3.20210453472738 -6.94272292437127 -0.42253199049691
2026-10-15T20:12:00.000 -4565.880842305260 -202.851410947727 5029.311292759200 -1.89977498771988 -7.14069058563230 -2.01024879767464
2026-10-15T20:16:00.000 -4850.680307915000 -1888.483055640470 4369.771590544120 -0.45893409669769 -6.82065299574837 -3.45251102107772
2026-10-15T20:20:00.000 -4783.405310590080 -3437.028985791750 3392.176326052630 1.01634658287999 -6.00512712027574 -4.64448348690026
2026-10-15T20:24:00.000 -4368.662660856290 -4735.897203372670 2167.486044008940 2.41892759454063 -4.75259980214493 -5.49893932400261
2026-10-15T20:28:00.000 -3636.362845481480 -5690.509260492180 784.802503183794 3.64639458255105 -3.15385553535081 -5.95292131368062
2026-10-15T20:32:00.000 -2639.647080671330 -6231.344061990040 -655.105836045312 4.60884690590827 -1.32564094508432 -5.97286140771488
2026-10-15T20:36:00.000 -1451.011332071010 -6319.149131773700 -2047.255496994960 5.23595109582571 0.59819495606329 -5.55744127241168
2026-10-15T20:40:00.000 -156.927766402399 -5947.820419190100 -3290.243884792350 5.48228660201924 2.47704475749343 -4.73759669311316
2026-10-15T20:44:00.000 1148.565303457830 -5144.739817353540 -4293.729653928500 5.33059330706156 4.17422643091480 -3.57392349515001
2026-10-15T20:48:00.000 2370.788159185870 -3968.591634649350 -4984.992441649070 4.79271478614559 5.56717598453803 -2.15166571198138
2026-10-15T20:52:00.000 3421.261442117700 -2504.905976474880 -5314.073406451180 3.90807235944153 6.55596862389167 -0.57407128583819
2026-10-15T20:56:00.000 4223.981305696990 -859.814918122756 -5257.228384545480 2.74058335724329 7.06979548405988 1.04490925172860
2026-10-15T21:00:00.000 4720.788676528650 847.541323229901 -4818.560164632210 1.37416578963542 7.07165557938976 2.58851913950058
2026-10-15T21:04:00.000 4875.503264223270 2493.466255752160 -4029.733367743390 -0.09295884598287 6.56083067396004 3.94513181391348
2026-10-15T21:08:00.000 4676.589127030750 3958.514542381350 -2947.812015600310 -1.55481477985797 5.57336054663511 5.01598373915083
2026-10-15T21:12:00.000 4138.134478513140 5136.133307332330 -1651.280297242370 -2.90513947211114 4.18008440513499 5.72247562726646
2026-10-15T21:16:00.000 3298.985128432490 5940.513259368930 -234.439005989700 -4.04519305899846 2.48205555605833 6.01231225882553
2026-10-15T21:20:00.000 2220.002891697860 6313.018366685510 1199.482814225670 -4.89145950334705 0.60320718349968 5.86390325323451
2026-10-15T21:24:00.000 979.612830101638 6226.569744052560 2545.957470281780 -5.38201314355815 -1.31907381885145 5.28809971756178
2026-10-15T21:28:00.000 -331.983502026464 5687.643461120750 3706.904045186060 -5.48129100848241 -3.14435861200953 4.32740986809585
2026-10-15T21:32:00.000 -1619.496310457780 4735.698237044510 4597.914298417990 -5.18264732405706 -4.73997522874229 3.05246920220898
2026-10-15T21:36:00.000 -2789.521698592650 3440.118389347550 5154.354113063040 -4.50825472492212 -5.99065644750740 1.55636207994504
2026-10-15T21:40:00.000 -3757.264935351040 1895.059195936950 5335.944130489980 -3.50721851035702 -6.80643861549405 -0.05228755634221
2026-10-15T21:44:00.000 -4452.592584792260 212.603629343322 5129.560564902170 -2.25185854064890 -7.12870450613738 -1.65714457065165
2026-10-15T21:48:00.000 -4825.010236001820 -1485.260450912920 4550.123519110530 -0.83257596955827 -6.93398039071513 -3.14216408739870
2026-10-15T21:52:00.000 -4847.299678540390 -3075.327789209350 3639.577648032820 0.64816096585370 -6.23574032976161 -4.39952112084214
2026-10-15T21:56:00.000 -4517.573180479170 -4442.039160780170 2463.976869430450 2.08298232196175 -5.08391827812640 -5.33735140090932
2026-10-15T22:00:00.000 -3859.540393738760 -5485.914200073450 1108.806939059350 3.36725895943515 -3.56184594010630 -5.88666291649194
2026-10-15T22:04:00.000 -2920.899318205160 -6130.928417361150 -327.207759957313 4.40700569074397 -1.78046982284830 -6.00687428979111
2026-10-15T22:08:00.000 -1769.891540778500 -6330.199202780350 -1739.372325832800 5.12613311809679 0.12984557161181 -5.68917610559040
2026-10-15T22:12:00.000 -490.258472535462 -6069.471828368010 -3024.795083124920 5.47240334987258 2.02934546611273 -4.95728677441075
2026-10-15T22:16:00.000 824.988700045020 -5368.077593199610 -4089.998325508410 5.42123650328928 3.77969179965980 -3.86537455074393
2026-10-15T22:20:00.000 2080.422843468970 -4277.335481932430 -4857.728577274880 4.97711376488184 5.25428071249808 -2.49354770638489
2026-10-15T22:24:00.000 3185.117863351980 -2876.637383539370 -5272.462907422580 4.17277863145523 6.34712676085123 -0.94164858620704
2026-10-15T22:28:00.000 4059.145203058190 -1267.599211359230 -5304.274385738230 3.06651659455379 6.98001235579278 0.67816263298802
2026-10-15T22:32:00.000 4639.212866014020 433.235756060602 -4950.864046558090 1.73788017156437 7.10744244263220 2.24909105538502
2026-10-15T22:36:00.000 4883.150423339560 2102.668012821750 -4237.732171341330 0.28234538405669 6.71978828542903 3.65762400646339
2026-10-15T22:40:00.000 4772.978536552480 3619.602591745890 -3216.433452202900 -1.19511411247880 5.84418198712132 4.80141495664300
2026-10-15T22:44:00.000 4316.336287447330 4873.764686579780 -1961.007129442000 -2.58725682699429 4.54325170623110 5.59662843116002
2026-10-15T22:48:00.000 3546.088820048580 5773.800289888360 -562.717143834190 -3.79242578607152 2.91112361905551 5.98452950764481
2026-10-15T22:52:00.000 2518.052962549370 6254.083331755450 876.584945917064 -4.72226379788105 1.06677505618064 5.93624419744010
2026-10-15T22:56:00.000 1306.945316995630 6279.655031363820 2251.975938762450 -5.30867661530857 -0.85485583484110 5.45523861610288
2026-10-15T23:00:00.000 0.844625491239 5848.819201912240 3463.244073625420 -5.50909202937488 -2.71332553268844 4.57702436852799
2026-10-15T23:04:00.000 -1305.331607272790 4993.175728951370 4422.274279262590 -5.30940467200704 -4.37333544204829 3.36621983132201
2026-10-15T23:08:00.000 -2516.796331997800 3775.162614258340 5059.468976972740 -4.72472499848239 -5.71482077984372 1.91146697762090
2026-10-15T23:12:00.000 -3545.749457503640 2283.343671761550 5328.686777862000 -3.79773255027596 -6.64128559631220 0.31839484479636
2026-10-15T23:16:00.000 -4317.629753747550 625.969181095938 5210.452826989920 -2.59542064038030 -7.08611325318806 -1.29769775673298
2026-10-15T23:20:00.000 -4776.421561583750 -1076.786409136460 4713.318589656730 -1.20444149447575 -7.01712207536988 -2.81992886684168
2026-10-15T23:24:00.000 -4888.674516069670 -2701.403931455840 3873.261984881270 0.27489355575311 -6.43879662319445 -4.13794775098230
2026-10-15T23:28:00.000 -4645.977273308890 -4129.863178195670 2751.187520278180 1.73544600716436 -5.39230438409114 -5.15563276675848
2026-10-15T23:32:00.000 -4065.696259567440 -5258.218826221140 1428.641614881230 3.07084251338768 -3.95315976277672 -5.79820018022082
2026-10-15T23:36:00.000 -3189.844032860200 -6004.291064883780 1.940320990106 4.18339544815709 -2.22613446511957 -6.01820539074412
2026-10-15T23:40:00.000 -2082.069758350870 -6313.807953883710 -1424.906226568340 4.99166804068149 -0.33756558850069 -5.79942670732411
2026-10-15T23:44:00.000 -822.966404091911 -6164.452595482020 -2747.909274131290 5.43680901188862 1.57433795161679 -5.15825505015372
2026-10-15T23:48:00.000 495.917738678716 -5567.437300323200 -3870.806933336250 5.48691855737609 3.37016264598878 -4.14222612917475
2026-10-15T23:52:00.000 1778.845676551530 -4566.520316229560 -4712.108046241520 5.13913247341515 4.91979153637081 -2.82603673454959
2026-10-15T23:56:00.000 2932.867181462690 -3234.624558409300 -5210.926776521650 4.41930485195495 6.11170908668445 -1.30559774637652
2026-10-16T00:00:00.000 3874.468908589310 -1668.434565142990 -5331.243321374200 3.37970020403962 6.86051097739341 0.30902247485691
2026-10-16T00:04:00.000 4535.484272112280 18.581432895961 -5064.382884560350 2.09519055291020 7.11250185342350 1.90135926066697
2026-10-16T00:08:00.000 4867.919273855790 1704.242228053130 -4429.591553591040 0.65804975082054 6.84917364397227 3.35649397702141
2026-10-16T00:12:00.000 4847.410768762090 3266.320787805890 -3472.736398713270 -0.82817351779390 6.08875047697114 4.56881941912625
2026-10-16T00:16:00.000 4475.092517442910 4591.320367884900 -2263.138003605220 -2.25580440119813 4.88540197393167 5.44969183681803
2026-10-16T00:20:00.000 3777.676389100460 5582.755860348390 -888.678797762870 -3.52068037930821 3.32598316270762 5.93411071021759
2026-10-16T00:24:00.000 2805.648275411890 6168.342935942340 550.554407104279 -4.53015126655446 1.52405688596476 5.98609321859779
2026-10-16T00:28:00.000 1629.621242452950 6305.420112378240 1949.643948604120 -5.21022635555032 -0.38863258190683 5.60164035886049
2026-10-16T00:32:00.000 335.133351114209 5984.141317992380 3206.617790065570 -5.51133608034565 -2.27214455424663 4.80915259007815
2026-10-16T00:36:00.000 -983.707247983799 5228.137972792480 4229.998375747920 -5.41202277424552 -3.98923051251085 3.66704087677022
2026-10-16T00:40:00.000 -2231.154810015810 4092.636782980740 4945.475067076260 -4.92011780071412 -5.41546899232547 2.25902603040846
2026-10-16T00:44:00.000 -3316.777017595870 2660.271087184570 5301.225189431030 -4.07172680824544 -6.44818444664225 0.68756687267494
2026-10-16T00:48:00.000 -4161.924665869460 1035.012304924000 5271.519874660040 -2.92829464707409 -7.01321494230606 -0.93362051929041
2026-10-16T00:52:00.000 -4705.301560758180 -665.293873056251 4858.496592733480 -1.57217172724974 -7.06974068572097 -2.48734382999187
2026-10-16T00:56:00.000 -4907.351061169170 -2317.322883836220 4092.035884055140 -0.10113871271513 -6.61325266261247 -3.86097963980385
2026-10-16T01:00:00.000 -4753.164368230420 -3801.112060806190 3027.687014180050 1.37839808907763 -5.67615148381057 -4.95451985473539
2026-10-16T01:04:00.000 -4253.664735194220 -5008.737708594180 1742.759414005990 2.75884905251102 -4.32585985413212 -5.68777276096719
2026-10-16T01:08:00.000 -3444.955638575610 -5852.255050569760 330.790273511021 3.93930305815639 -2.66049176757191 -6.00662755806332
2026-10-16T01:12:00.000 -2385.771878419380 -6270.267557427100 -1105.298000843530 4.83331311809312 -0.80178150691236 -5.88753220792914
2026-10-16T01:16:00.000 -1153.170088065780 -6232.519056680960 -2460.823923696810 5.37564613649095 1.11419117237120 -5.33948689490827
2026-10-16T01:20:00.000 163.202175505950 -5742.082360486080 -3637.116835055450 5.52724687346051 2.94756377335188 -4.40320415057829
2026-10-16T01:24:00.000 1467.750116160700 -4834.984303802600 -4548.757794663460 5.27784547785420 4.56529287762648 -3.14763444615547
2026-10-16T01:28:00.000 2665.917993916620 -3577.386582548720 -5129.730047072090 4.64623430778940 5.85078305333730 -1.66445294966929
2026-10-16T01:32:00.000 3670.985733268550 -2060.641923546250 -5338.063237861230 3.67845640774072 6.71187793663780 -0.06114466346631
2026-10-16T01:36:00.000 4410.211906782130 -394.666969053338 -5158.723697551480 2.44425315016076 7.08685780977077 1.54659548373848
2026-10-16T01:40:00.000 4829.974048963440 1299.885464469550 -4604.646084196280 1.03231498865270 6.94850818453087 3.04273732916781
2026-10-16T01:44:00.000 4899.615015933400 2900.195735930120 -3715.846399736020 -0.45576490887213 6.30610923630919 4.31892584627131
2026-10-16T01:48:00.000 4613.734822520750 4290.047722478650 -2556.670986967990 -1.91230176725978 5.20521667907782 5.28199846792350
2026-10-16T01:52:00.000 3992.746016197610 5368.284045300830 -1211.283631324660 -3.23120862025569 3.72508362180048 5.86105358189462
2026-10-16T01:56:00.000 3081.536000271830 6056.299691473450 222.389799185789 -4.31592293898885 1.97328727297747 6.01310890799080
2026-10-16T02:00:00.000 1946.263996579620 6303.943144573090 1639.846103610400 -5.08690880900891 0.07786936320334 5.72673048615367
2026-10-16T02:04:00.000 669.494639948165 6093.283967113450 2937.753986804450 -5.48787903226546 -1.82246238013998 5.02305593062471
2026-10-16T02:08:00.000 -655.929600121926 5439.887369852840 4021.612600197910 -5.48997605647635 -3.58907511624780 3.95401765150702
2026-10-16T02:12:00.000 -1933.739960897110 4391.535440724370 4812.674360449670 -5.09362820494512 -5.09375875100269 2.59807420261290
2026-10-16T02:16:00.000 -3071.269685584780 3024.589293447800 5253.610592858470 -4.32814337502157 -6.22801427324597 1.05409432945889
2026-10-16T02:20:00.000 -3986.104223024030 1438.325927916930 5312.531229868590 -3.24909626017926 -6.91039013672840 -0.56606550950600
2026-10-16T02:24:00.000 -4611.929945484620 -252.224858574042 4985.178929906150 -1.93428604430110 -7.09179589331631 -2.14532681953777
2026-10-16T02:28:00.000 -4903.244827949660 -1924.478875703890 4295.217456311410 -0.47837733794342 -6.75873017657019 -3.56940405864054
2026-10-16T02:32:00.000 -4838.675579153400 -3457.034536411860 3292.620368960600 1.01337324416764 -5.93461096958463 -4.73465881473114
2026-10-16T02:36:00.000 -4422.639256321610 -4738.457705526620 2050.178081913940 2.43261109935059 -4.67863626479063 -5.55578371770603
2026-10-16T02:40:00.000 -3685.146083811270 -5675.449549053800 658.296047214267 3.67572287608783 -3.08189287127379 -5.97226171937075
2026-10-16T02:44:00.000 -2679.718196461840 -6199.787914338830 -781.586646225767 4.65167572280255 -1.26098135432543 -5.95331809324980
2026-10-16T02:48:00.000 -1479.487094403050 -6273.432387677380 -2164.500447738440 5.28915767988222 0.65081311169483 -5.50049984954600
2026-10-16T02:52:00.000 -171.766716193254 -5891.318522392890 -3389.732384668870 5.54204448883839 2.51375133364372 -4.64748862550092
2026-10-16T02:56:00.000 1148.433853714650 -5081.610771542560 -4368.252364686600 5.39266094336896 4.19243091707216 -3.45725426232304
2026-10-16T03:00:00.000 2385.381980729520 -3903.447155040610 -5029.156270332930 4.85260795829067 5.56568111682941 -2.01687681849140
2026-10-16T03:04:00.000 3449.527945167820 -2442.478938687640 -5324.677627919110 3.96141814570215 6.53496850161486 -0.43089055258610
2026-10-16T03:08:00.000 4263.866371962640 -804.623473390775 -5233.490944623350 2.78345224529640 7.03086914168310 1.18618700512772
2026-10-16T03:12:00.000 4769.373309639770 891.505678627268 -4762.164953694320 1.40333525826773 7.01757238333910 2.71774009546471
2026-10-16T03:16:00.000 4929.216421822800 2523.003320183800 -3944.722565810870 -0.07965681384959 6.49540448752536 4.05291448494994
2026-10-16T03:20:00.000 4731.476845251450 3971.449760200010 -2840.313829423530 -1.55839744454493 5.50126716291080 5.09443875742019
2026-10-16T03:24:00.000 4190.148626919200 5131.480511241620 -1529.076726895100 -2.92535522619820 4.10650100663332 5.76580257568896
2026-10-16T03:28:00.000 3344.287444986030 5918.553501065730 -106.403713250609 -4.08055957599046 2.41228165667141 6.01726618646598
2026-10-16T03:32:00.000 2255.257642911840 6275.279976917840 1324.025480085760 -4.93928347123827 0.54230692530353 5.83000746316348
2026-10-16T03:36:00.000 1002.248041147820 6175.744985145430 2657.919211246190 -5.43870309560109 -1.36653844495419 5.21780207273509
2026-10-16T03:40:00.000 -323.607653559935 5627.406298434040 3798.119120765100 -5.54270112996219 -3.17484718621972 4.22588818878716
2026-10-16T03:44:00.000 -1625.976116973710 4670.418173849320 4661.742346304280 -5.24427856204999 -4.75124769503633 2.92716494722052
2026-10-16T03:48:00.000 -2810.372912755130 3374.540360151190 5186.157840256350 -4.56566505293982 -5.98185369709853 1.41643534542306
2026-10-16T03:52:00.000 -3790.970659641690 1833.949338323760 5333.423603438430 -3.55628031004838 -6.77824104980144 -0.19665901237164
2026-10-16T03:56:00.000 -4496.707107171770 160.394682108821 5092.903686472770 -2.28900456392877 -7.08318003570149 -1.79551047660932
2026-10-16T04:00:00.000 -4876.329272462460 -1524.785706818790 4481.992643147470 -0.85509195761218 -6.87445947453225 -3.26449030360707
2026-10-16T04:04:00.000 -4902.082128046760 -3099.310894956690 3544.914995051320 0.64200362926070 -6.16651882504519 -4.49693946907637
2026-10-16T04:08:00.000 -4571.811774624570 -4448.735841400930 2349.658110818540 2.09364098641218 -5.00995859377309 -5.40272452068174
2026-10-16T04:12:00.000 -3909.272427875250 -5474.825322543240 983.152059563968 3.39391221739392 -3.48850048619688 -5.91516927019331
2026-10-16T04:16:00.000 -2962.505417143560 -6102.851116523930 -455.040154594997 4.44764563161985 -1.71312148971780 -5.99640161464091
2026-10-16T04:20:00.000 -1800.355416273750 -6287.181788899580 -1860.062663717650 5.17777954971311 0.18622733642258 -5.64050140223008
2026-10-16T04:24:00.000 -507.374155302623 -6014.662281542590 -3129.551110754390 5.53131264057652 2.07063118887860 -4.87399594224801
2026-10-16T04:28:00.000 822.457437523929 -5305.481409472820 -4171.199312265910 5.48312291033915 3.80290247720260 -3.75357974016289
2026-10-16T04:32:00.000 2092.655332624920 -4211.516759369140 -4909.477797279590 5.03752019530915 5.25777751467035 -2.36140771654211
2026-10-16T04:36:00.000 3211.230446331030 -2812.373994432400 -5290.999945743140 4.22732674629322 6.33075923312651 -0.79868923764905
2026-10-16T04:40:00.000 4097.237422187670 -1209.539068510030 -5288.227819902630 3.11117328775404 6.94500064624716 0.82165634535999
2026-10-16T04:44:00.000 4686.493498469810 480.895172367580 -4901.354509185840 1.76930970961508 7.05630046464535 2.38276911173703
2026-10-16T04:48:00.000 4936.137094688660 2136.468950074920 -4158.296105337110 0.29816231009908 6.65612597519638 3.77180998715274
2026-10-16T04:52:00.000 4827.755343915850 3637.064018509800 -3112.783632812120 -1.19610292507610 5.77249187420909 4.88776473112419
2026-10-16T04:56:00.000 4368.856174972440 4873.564171892310 -1840.636023528750 -2.60495000412488 4.46864850126247 5.64874686751791
2026-10-16T05:00:00.000 3592.480399982280 5755.889035263080 -434.365705282320 -3.82548346194237 2.83904807920900 5.99848829091620
2026-10-16T05:04:00.000 2554.900782606430 6219.712105024270 1003.567546250690 -4.76824545420675 1.00253353728997 5.91093548893213
2026-10-16T05:08:00.000 1331.538173689740 6231.288389794210 2368.324225063700 -5.36418205027466 -0.90652118095321 5.39246697222938
2026-10-16T05:12:00.000 11.379961332409 5789.957448982780 3560.466371089410 -5.57000834499298 -2.74857542583064 4.48139912502959
2026-10-16T05:16:00.000 -1309.621685887890 4928.095726440920 4493.289810806740 -5.37127444044641 -4.38960399701516 3.24479110385939
2026-10-16T05:20:00.000 -2535.595592616750 3708.587940961360 5099.112067606470 -4.78302423124133 -5.71092358574711 1.77305761912734
2026-10-16T05:24:00.000 -3577.684708430050 2220.115283065930 5334.077418747700 -3.84824104394959 -6.61746858959588 0.17311930553055
2026-10-16T05:28:00.000 -4360.381579169210 570.684471355951 5181.211497029060 -2.63450490092951 -7.04414307789916 -1.43926676250062
2026-10-16T05:32:00.000 -4826.888963830400 -1120.115034855660 4651.576784799010 -1.22925863777642 -6.96006074649650 -2.94754866807471
2026-10-16T05:36:00.000 -4943.193018224940 -2729.631696398690 3783.506753175140 0.26616849980401 -6.37078290427588 -4.24235023083011
2026-10-16T05:40:00.000 -4700.577976839080 -4140.941452260340 2639.947068824870 1.74349327897009 -5.31828738226049 -5.22916977779968
2026-10-16T05:44:00.000 -4116.396426432800 -5251.350954871140 1304.018188538840 3.09510433066845 -3.87852947200698 -5.83550447857374
2026-10-16T05:48:00.000 -3232.943105774640 -5979.980445492460 -126.983792880019 4.22208117569022 -2.15630544486834 -6.01651150427614
2026-10-16T05:52:00.000 -2114.429427528680 -6273.835285464320 -1548.726084340310 5.04192629516061 -0.27768129786221 -5.75885125725264
2026-10-16T05:56:00.000 -842.236623018460 -6111.750147657490 -2857.598239467700 5.49496436208893 1.61988379295530 -5.08180505746709
2026-10-16T06:00:00.000 491.134713485040 -5505.867345818420 -3958.383068182560 5.54875869224943 3.39806747092008 -4.03553757942255
2026-10-16T06:04:00.000 1788.900947005540 -4500.580526511010 -4771.210389108390 5.20019030359259 4.92809336405541 -2.69688925806260
2026-10-16T06:08:00.000 2957.035529823490 -3169.113475350610 -5237.263471170020 4.47514056298662 6.09986919439403 -1.16336088868360
2026-10-16T06:12:00.000 3910.999132560440 -1608.101816277410 -5322.893504909080 3.42624180309692 6.82946903603958 0.45410016978483
2026-10-16T06:16:00.000 4581.713813722050 69.372112266438 -5021.918757369540 2.12896471156091 7.06450038532478 2.03884436358875
2026-10-16T06:20:00.000 4920.457674571600 1741.807433863950 -4356.049168319390 0.67651716314795 6.78762343166125 3.47641506979446
2026-10-16T06:24:00.000 4902.391287078880 3287.917310586030 -3373.411033691160 -0.82641862507126 6.01802107549481 4.66243068163254
2026-10-16T06:28:00.000 4528.463472884100 4595.342376965380 -2145.216481446690 -2.27088704927032 4.81056873971445 5.51008511150508
2026-10-16T06:32:00.000 3825.504214140500 5568.865013196350 -760.724346059520 -3.55149221890733 3.25244313444690 5.95678990094130
2026-10-16T06:36:00.000 2844.421247045020 6137.499634493220 679.219522179200 -4.57431774313406 1.45721631813604 5.96928616468730
2026-10-16T06:40:00.000 1656.510964334220 6259.852178088830 2069.629014593710 -5.26448704670848 -0.44372305608092 5.54657310391202
2026-10-16T06:44:00.000 348.173485855430 5927.177428135310 3309.179044323890 -5.57178249868293 -2.31144524074835 4.71991565152892
2026-10-16T06:48:00.000 -985.478670873269 5163.933914246460 4307.677098772770 -5.47424926829234 -4.00991208930550 3.55019832431936
2026-10-16T06:52:00.000 -2247.618219148800 4025.863489416240 4992.634032726310 -4.97958068869823 -5.41606781502870 2.12308663909274
2026-10-16T06:56:00.000 -3346.744076473470 2595.783509364440 5314.443836548570 -4.12410561027650 -6.42865415637657 0.54239258079058
2026-10-16T07:00:00.000 -4203.223331320860 977.502163449370 5249.841602979080 -2.96977270708538 -6.97495285245515 -1.07747132652707
2026-10-16T07:04:00.000 -4754.938402747710 -711.640858466800 4803.507436837620 -1.59975641276658 -7.01555186347971 -2.61939341015360
2026-10-16T07:08:00.000 -4961.726902067490 -2349.139994137890 4007.739707389500 -0.11279054518443 -6.54709534625034 -3.97167104298392
2026-10-16T07:12:00.000 -4808.319842045050 -3816.085192012720 2920.215363670950 1.38359195976921 -5.60279793068483 -5.03575680872364
2026-10-16T07:16:00.000 -4305.581559376790 -5005.776973850870 1619.948566283650 2.78047613178604 -4.25069087219245 -5.73358117002977
2026-10-16T07:20:00.000 -3489.854617409210 -5831.588774186300 201.595996233120 3.97580470230977 -2.58901437557634 -6.01369021447209
2026-10-16T07:24:00.000 -2420.380523058870 -6233.415271701140 -1231.455479205780 4.88203503101951 -0.73920815617487 -5.85531328061642
2026-10-16T07:28:00.000 -1174.968179789520 -6182.188008843310 -2574.745322296340 5.43302883316535 1.16325409399673 -5.27037431682603
2026-10-16T07:32:00.000 155.802700060054 -5681.966127515690 -3730.509272176150 5.58912650026430 2.97955009947918 -4.30230101069434
2026-10-16T07:36:00.000 1475.295936623070 -4769.480317457290 -4614.838098936440 5.33975035834427 4.57794542276972 -3.02232743062388
2026-10-16T07:40:00.000 2687.872009569710 -3511.264679287580 -5163.704978245310 4.70366476015817 5.84326199638467 -1.52383878729499
2026-10-16T07:44:00.000 3705.761815045570 -1998.701640405780 -5337.462818305960 3.72722235932894 6.68476858094387 0.08461826273976
2026-10-16T07:48:00.000 4455.286818419180 -341.396457302350 -5123.576470244510 2.48077635229079 7.04216232617119 1.68698343494799
2026-10-16T07:52:00.000 4882.061162303350 1340.628409733850 -4537.471867668440 1.05385702510056 6.88942776997576 3.16761487441882
2026-10-16T07:56:00.000 4954.902244607400 2925.444292485940 -3621.489616107550 -0.45080189653063 6.23684922149693 4.41917673647239
2026-10-16T08:00:00.000 4668.174330706040 4297.945804832750 -2441.966571333250 -1.92428520708522 5.13076421534492 5.35025794447322
2026-10-16T08:04:00.000 4042.354231388590 5358.230184149260 -1084.570049598090 -3.25923122832864 3.65086083566990 5.89224285964447
2026-10-16T08:08:00.000 3122.691247661590 6029.010918785560 351.878503189166 -4.35790742538074 1.90477689671610 6.00489915546120
2026-10-16T08:12:00.000 1975.968480544080 6261.410326313130 1762.664412263680 -5.13974786029772 0.02014120156325 5.67969407819350
2026-10-16T08:16:00.000 685.599539050223 6038.635118080590 3044.948178142640 -5.54768797298906 -1.86506582137302 4.94071760414760
2026-10-16T08:20:00.000 -654.592443678122 5377.153536767040 4105.400724152560 -5.55250218803538 -3.61344073916171 3.84251251525616
2026-10-16T08:24:00.000 -1947.291782048240 4325.321535298500 4867.000715504540 -5.15442009945276 -5.09825115029591 2.46555162699530
2026-10-16T08:28:00.000 -3098.754828493680 2959.718126107440 5274.553360002390 -4.38274553015853 -6.21240586376545 0.91010912973044
2026-10-16T08:32:00.000 -4025.543659988980 1379.511848046580 5298.580804407090 -3.29350145614720 -6.87583023464396 -0.71109166817895
2026-10-16T08:36:00.000 -4660.467133576820 -300.705715591064 4937.349829371190 -1.96522915171380 -7.04076043176497 -2.28089825015635
2026-10-16T08:40:00.000 -4957.356384806000 -1959.092910555010 4216.984634892260 -0.49359673170101 -6.69491455438118 -3.68565176511855
2026-10-16T08:44:00.000 -4894.423446449780 -3475.256213995890 3189.671912777230 1.01505322607266 -5.86265162318002 -4.82310744282224
2026-10-16T08:48:00.000 -4475.954773677590 -4738.949460215770 1930.013862625350 2.45106552342004 -4.60375402910222 -5.60990816018551
2026-10-16T08:52:00.000 -3732.148795998060 -5658.171583890230 529.686860030436 3.70954808187084 -3.00961655141940 -5.98808478672016
2026-10-16T08:56:00.000 -2716.994195526480 -6166.015801008170 -909.257679288294 4.69841726465446 -1.19665138666857 -5.92973231760473
2026-10-16T09:00:00.000 -1504.326178617540 -6225.654603060660 -2281.929460853330 5.34542536605689 0.70247783627529 -5.43927223928133
2026-10-16T09:04:00.000 -182.361775260625 -5833.047574502820 -3488.379199466350 5.60375398150131 2.54899889877044 -4.55316720734714
2026-10-16T09:08:00.000 1152.857930180240 -5017.117285663740 -4440.963661699210 5.45535291903472 4.20873304314187 -3.33677626675456
2026-10-16T09:12:00.000 2404.516060688880 -3837.439233874690 -5070.677325535840 4.91175533423632 5.56193352371385 -1.87901720920184
2026-10-16T09:16:00.000 3481.999925839370 -2379.758846444500 -5332.017087193380 4.01274567679804 6.51149244214767 -0.28563227983432
2026-10-16T09:20:00.000 4307.339219494830 -749.745944212833 -5206.128843043240 2.82323990688553 6.98938863127181 1.32835123147184
2026-10-16T09:24:00.000 4820.710173936860 934.558264356870 -4702.092555445460 1.42867298458515 6.96111762256704 2.84650333027153
2026-10-16T09:28:00.000 4984.698416149070 2551.110759225650 -3856.303896294410 -0.07066962907727 6.42807123460547 4.15892552127037
2026-10-16T09:32:00.000 4787.074822518800 3982.572093315930 -2729.977137108680 -1.56642027292503 5.42792036427512 5.16995412732901
2026-10-16T09:36:00.000 4241.827222551280 5124.810773677490 -1404.856108129460 -2.94979139481541 4.03249011154900 5.80526788910031
2026-10-16T09:40:00.000 3388.302757840720 5894.588037591680 22.640761847734 -4.11958593556975 2.34306385011272 6.01775129575629
2026-10-16T09:44:00.000 2288.431362423440 6235.799627537250 1448.479242417550 -4.99005786345954 0.48304020969075 5.79151341119513
2026-10-16T09:48:00.000 1022.185131597100 6123.679636491790 2768.717351864370 -5.49756103605530 -1.41149694872609 5.14320644254650
2026-10-16T09:52:00.000 -318.346084233549 5566.608513623220 3887.211574502680 -5.60540254070634 -3.20222145546359 4.12072408917614
2026-10-16T09:56:00.000 -1635.777675503650 4605.367256071160 4722.682733811410 -5.30635496440036 -4.75912149345595 2.79917270129737
2026-10-16T10:00:00.000 -2834.552105171700 3309.991334206940 5214.557819962290 -4.62266913439026 -5.96985752050686 1.27488504550751
2026-10-16T10:04:00.000 -3827.794981727220 1774.579135487370 5327.230772903330 -3.60398964590262 -6.74734416290024 -0.34164669990651
2026-10-16T10:08:00.000 -4543.499346630650 110.499241098195 5052.546655507200 -2.32383984204653 -7.03559000866065 -1.93349979550669
2026-10-16T10:12:00.000 -4929.663396583340 -1561.581730299710 4410.364791760700 -0.87442527045266 -6.81352833214150 -3.38549563964722
2026-10-16T10:16:00.000 -4958.040540055060 -3120.306896267500 3447.188845605770 0.63959829209606 -6.09658082773962 -4.59207687008353
2026-10-16T10:20:00.000 -4626.286003706850 -4452.365516232740 2232.924935854240 2.10833256091053 -4.93605317874452 -5.46499327486450
2026-10-16T10:24:00.000 -3958.269768703100 -5460.779960448860 855.908888194260 3.42457137818942 -3.41602581810531 -5.93993023570135
2026-10-16T10:28:00.000 -3002.448535431410 -6072.124908026120 -583.512393792084 4.49196555971646 -1.64745322562526 -5.98182811755239
2026-10-16T10:32:00.000 -1828.341443850320 -6242.005200887500 -1980.401793550350 5.23248825191483 0.24023617465702 -5.58772804852858
2026-10-16T10:36:00.000 -521.377987702348 -5958.330085169560 -3233.007361826280 5.59241352967224 2.10901271206181 -4.78695243598601
2026-10-16T10:40:00.000 823.446813958198 -5242.106431453660 -4250.271597738570 5.54620990365248 3.82285789903331 -3.63867405360427
2026-10-16T10:44:00.000 2108.567872185530 -4145.719354898800 -4958.452873845270 5.09804059389103 5.25789081267933 -2.22703741312977
2026-10-16T10:48:00.000 3240.921778528330 -2748.943030898100 -5306.357128031190 4.28093983377515 6.31105174210384 -0.65461387271062
2026-10-16T10:52:00.000 4138.575220617850 -1153.083987819710 -5268.883136630590 3.15402781470022 6.90693529272846 0.96500532471397
2026-10-16T10:56:00.000 4736.506468593690 526.278473688298 -4848.734693465880 1.79830710512121 7.00266268797495 2.51503089447719
2026-10-16T11:00:00.000 4991.224204708360 2167.488958101050 -4076.235373103140 0.31119095065448 6.59079838119569 3.88338555887043
2026-10-16T11:04:00.000 4883.945622832830 3651.473778737310 -3007.263901170520 -1.19999719819304 5.70025851820941 4.97047820864816
2026-10-16T11:08:00.000 4422.095289025030 4870.338249995470 -1719.355622381350 -2.62550103137209 4.39481996393274 5.69657156949927
2026-10-16T11:12:00.000 3638.927116066650 5735.293514694170 -306.169087826274 -3.86118430101305 2.76901900124259 6.00794419319237
2026-10-16T11:16:00.000 2591.215015917520 6183.287960777290 1129.331166471100 -4.81646245954605 0.94148482529740 5.88133572474608
2026-10-16T11:20:00.000 1355.119497619050 6181.754636399610 2482.493083772180 -5.42143912020604 -0.95403928084628 5.32605619465458
2026-10-16T11:24:00.000 20.535932686852 5730.999723219640 3654.749737372110 -5.63224348883300 -2.77912420111970 4.38312257812502
2026-10-16T11:28:00.000 -1315.554888528460 4864.069644156010 4560.864425418630 -5.43402793952724 -4.40105014696009 3.12186214002615
2026-10-16T11:32:00.000 -2556.201133145940 3644.192141749150 5135.106709187080 -4.84180574577099 -5.70256793207908 1.63442220504068
2026-10-16T11:36:00.000 -3611.490500983200 2160.034270119000 5335.907088474490 -3.89877698223385 -6.59011698758352 0.02875162842640
2026-10-16T11:40:00.000 -4404.938090521690 519.253367168822 5148.733560253970 -2.67298276394777 -6.99984204638026 -1.57908158813184
2026-10-16T11:44:00.000 -4878.927233364610 -1159.179638406670 4587.102422314390 -1.25272702494860 -6.90191454890007 -3.07274926476305
2026-10-16T11:48:00.000 -4998.868141048340 -2753.477960510430 3691.663749785790 0.25951901093717 -6.30285665886040 -4.34380769805768
2026-10-16T11:52:00.000 -4755.770508395060 -4147.787924737140 2527.372040129970 1.75413379323673 -5.24538867556032 -5.29940456679094
2026-10-16T11:56:00.000 -4167.034089878830 -5240.627686524070 1178.886056218450 3.12216892622139 -3.80591954736038 -5.86924590768831
2026-10-16T12:00:00.000 -3275.310462610480 -5952.407010538770 -255.552502686139 4.26349957341538 -2.08936607479668 -6.01123493994425
2026-10-16T12:04:00.000 -2145.435961373770 -6231.377810281330 -1671.359279057810 5.09459582975714 -0.22136209192397 -5.71497950019614
2026-10-16T12:08:00.000 -859.631074054536 -6057.475228697910 -2965.369835030760 5.55503211558079 1.66143468097123 -5.00259691697554
2026-10-16T12:12:00.000 488.610660077992 -5443.708741404980 -4043.462726918260 5.61185252399548 3.42181353082179 -3.92680654184444
2026-10-16T12:16:00.000 1801.423549856690 -4435.047152174620 -4827.429250395900 5.26172555925764 4.93229856823659 -2.56659004173425
2026-10-16T12:20:00.000 2983.692267761200 -3104.959444854320 -5260.560090042430 4.53067516321763 6.08423863892491 -1.02097956418912
2026-10-16T12:24:00.000 3949.858989337460 -1549.981025866540 -5311.598687591690 3.47179128937781 6.79513143426125 0.59822572346380
2026-10-16T12:28:00.000 4629.972169062520 117.245551443687 -4976.871553222150 2.16126227930309 7.01396496449959 2.17427868412049
2026-10-16T12:32:00.000 4974.632774815170 1775.966378749440 -4280.532460151730 0.69322029716078 6.72456851699132 3.59334987456896
2026-10-16T12:36:00.000 4958.566656345290 3305.889184691130 -3272.916138038480 -0.82655689520718 5.94699767978768 4.75237015470590
2026-10-16T12:40:00.000 4582.576172255910 4595.823074904760 -2027.059449578290 -2.28782192925244 4.73672857516117 5.56641622843163
2026-10-16T12:44:00.000 3873.654442011560 5551.835677279560 -633.523660255878 -3.58395014105101 3.18128355452937 5.97537070431463
2026-10-16T12:48:00.000 2883.137396080820 6104.242816592510 806.189850987627 -4.62000088719185 1.39397427517226 5.94880195178465
2026-10-16T12:52:00.000 1683.000811420490 6212.835555546670 2187.119469829850 -5.32006013841594 -0.49444037720934 5.48854573274413
2026-10-16T12:56:00.000 360.539308651592 5869.877506802570 3408.641321105810 -5.63320024169192 -2.34589048491484 4.62864384635681
2026-10-16T13:00:00.000 -988.119837560464 5100.583641570100 4381.898808097060 -5.53714977372533 -4.02559907342784 3.43242848954045
2026-10-16T13:04:00.000 -2265.083223215510 3961.111541543150 5036.251372571280 -5.03945728917526 -5.41201225314988 1.98736539538893
2026-10-16T13:08:00.000 -3377.776961306250 2534.347973375210 5324.306483453530 -4.17660478479412 -6.40526181457145 0.39853262348208
2026-10-16T13:12:00.000 -4245.576773067670 923.830656350422 5225.235831256270 -3.01101214018326 -6.93405471514466 -1.21912421398091
2026-10-16T13:16:00.000 -4805.510678978120 -753.682999855218 4746.188003049170 -1.62655723854775 -6.96010959552302 -2.74871275976233
2026-10-16T13:20:00.000 -5016.776401745170 -2376.506855781040 3921.811302375520 -0.12306441449537 -6.48095396831907 -4.07928976679247
2026-10-16T13:24:00.000 -4863.765659942980 -3826.754271559700 2811.872141376830 1.39058228197158 -5.53061503855305 -5.11378041072411
2026-10-16T13:28:00.000 -4357.318889452840 -4998.906922403670 1497.033997462620 2.80418726457370 -4.17759172206819 -5.77621578056642
2026-10-16T13:32:00.000 -3534.068396173220 -5807.596925040410 73.050607129110 4.01437864191715 -2.52032096577055 -6.01767201083478
2026-10-16T13:36:00.000 -2453.839027326820 -6193.984148305840 -1356.259760641580 4.93253282962926 -0.68003636005258 -5.82036216378954
2026-10-16T13:40:00.000 -1195.240845766950 -6130.142128569250 -2686.719809872640 5.49173542213295 1.20855126677532 -5.19906996548702
2026-10-16T13:44:00.000 150.180209595177 -5621.059210415510 -3821.506952044580 5.65175885582404 3.00763929243352 -4.19987179320561
2026-10-16T13:48:00.000 1484.722009098870 -4704.116139540450 -4678.245914751070 5.40175835551018 4.58677141071278 -2.89624639354884
2026-10-16T13:52:00.000 2711.653285936880 -3446.172745252470 -5194.919076307960 4.76055379879593 5.83218300733083 -1.38327382653782
2026-10-16T13:56:00.000 3742.162160418070 -1938.590290535130 -5334.217295500830 3.77484831587490 6.65459198653084 0.22947211800850
2026-10-16T14:00:00.000 4501.652033104380 -290.616679311549 -5086.103230908580 2.51568946975781 6.99504754297463 1.82562321780437
2026-10-16T14:04:00.000 4935.016698830740 1378.398626807480 -4468.484561537250 1.07352611813605 6.82878715436370 3.28999484480962
2026-10-16T14:08:00.000 5010.591819619040 2947.466719239770 -3525.984537814880 -0.44783271533580 6.16704549265862 4.51642838414149
2026-10-16T14:12:00.000 4722.536572277230 4302.612733119710 -2326.870784088350 -1.93824907661224 5.05681656265403 5.41525162632664
2026-10-16T14:16:00.000 4091.423523937110 5345.187063004900 -958.255053131513 -3.28909379025897 3.57812739541655 5.92015142662710
2026-10-16T14:20:00.000 3162.901278465880 5999.197282610230 480.202523476678 -4.40141003038013 1.83863063995648 5.99363011773782
2026-10-16T14:24:00.000 2004.410649482120 6217.013011424950 1883.641304178130 -5.19372583768126 -0.03449531692639 5.63012661409057
2026-10-16T14:28:00.000 700.211434094691 5982.911162576730 3149.771255114050 -5.60825319659348 -1.90424688038265 4.85648869496715
2026-10-16T14:32:00.000 -654.865339093016 5314.180555020240 4186.442780426460 -5.61521735183129 -3.63429837128363 3.72979164504914
2026-10-16T14:36:00.000 -1962.419151205580 4259.706108309370 4918.382066799660 -5.21474851222027 -5.09928979840309 2.33261811552560
2026-10-16T14:40:00.000 -3127.639028955310 2896.244567526500 5292.560639756280 -4.43636240662965 -6.19364310532455 0.76660521845923
2026-10-16T14:44:00.000 -4066.093342674590 1322.788650116270 5281.909284664870 -3.33649600582463 -6.83869165203130 -0.85482441191667
2026-10-16T14:48:00.000 -4709.731733394410 -346.573431063085 4887.199091408890 -1.99439422903965 -6.98799086019575 -2.41446867801143
2026-10-16T14:52:00.000 -5011.724504754440 -1990.791307520740 4136.975881628460 -0.50668564602286 -6.63031636424236 -3.79937873670162
2026-10-16T14:56:00.000 -4949.889049886730 -3490.483924855550 3085.595347668710 1.01905164634459 -5.79080861726711 -4.90871104437734
2026-10-16T15:00:00.000 -4528.428185874280 -4736.575796423380 1809.418638134700 2.47184982442920 -4.52980089664865 -5.66110996275082
2026-10-16T15:04:00.000 -3777.762220933080 -5638.328047727690 401.340232553688 3.74556737831477 -2.93887112179396 -6.00106393335871
2026-10-16T15:08:00.000 -2752.398746450170 -6130.098404093360 -1035.999607409320 4.74692830511020 -1.13428294875707 -5.90345587871563
2026-10-16T15:12:00.000 -1526.943308682540 -6176.247362502310 -2397.819791311760 5.40282396239705 0.75182680395868 -5.37568312087411
2026-10-16T15:16:00.000 -190.549480803816 -5773.732572486710 -3584.973341368220 5.66586861885482 2.58171047276310 -4.45694381682318
2026-10-16T15:20:00.000 1159.693687868730 -4952.196850681990 -4511.230205446330 5.51767014337960 4.22245591371461 -3.21494515399437
2026-10-16T15:24:00.000 2425.876830393000 -3771.612767080170 -5109.501328882890 4.96973531303061 5.55572370948236 -1.74041836624613
2026-10-16T15:28:00.000 3516.324121563500 -2317.780330811300 -5336.559058467170 4.06212393115133 6.48583431941040 -0.14027797935786
2026-10-16T15:32:00.000 4352.105991822760 -696.087745791844 -5176.024276208590 2.86033730218503 6.94612153645689 1.46996630697544
2026-10-16T15:36:00.000 4872.620867982370 976.012672782770 -4639.482846549550 1.45074282605561 6.90329257063340 2.97410867893370
2026-10-16T15:40:00.000 5039.929362174700 2577.345050616400 -3765.693424064630 -0.06524191808246 6.35982407949789 4.26323565304951
2026-10-16T15:44:00.000 4841.556170121990 3991.659123354740 -2617.908345098300 -1.57806319364404 5.35412662010431 5.24336186783338
2026-10-16T15:48:00.000 4291.538135646980 5116.046193647870 -1279.447049932020 -2.97764870954957 3.95841884480683 5.84232713188631
2026-10-16T15:52:00.000 3429.582766219330 5868.552012741630 152.270950365387 -4.16153624150226 2.27409561288348 6.01563215563786
2026-10-16T15:56:00.000 2318.260838214420 6194.341375588400 1572.878065062450 -5.04292784054554 0.42430040656527 5.75030294795989
2026-10-16T16:00:00.000 1038.399592323150 6069.803067685230 2878.811452575670 -5.55746004952541 -1.45559690744265 5.06595490759207
2026-10-16T16:04:00.000 -316.921090484808 5504.243544325500 3974.986339588460 -5.66800374388164 -3.22842201523759 4.01312852263667
2026-10-16T16:08:00.000 -1649.247918253630 4539.065794235870 4781.762596166600 -5.36711888495741 -4.76552952378320 2.66911143474918
2026-10-16T16:12:00.000 -2861.937830857340 3244.587844382140 5240.665379563150 -4.67716585992165 -5.95600915199984 1.13186539327998
2026-10-16T16:16:00.000 -3867.112632824850 1714.840999097020 5318.497106803810 -3.64833117837217 -6.71428203843930 -0.48720599590716
2026-10-16T16:20:00.000 -4591.912432824100 60.768781822304 5009.628759680140 -2.35482677333170 -6.98576776669699 -2.07107742518357
2026-10-16T16:24:00.000 -4983.672350478590 -1597.697395525450 4336.395732513230 -0.88978103049371 -6.75058978148298 -3.50509958893479
2026-10-16T16:28:00.000 -5013.732357422180 -3140.193917250440 3347.559049698920 0.64102151036703 -6.02510549897512 -4.68500205937558
2026-10-16T16:32:00.000 -4679.619773164870 -4454.593549235960 2114.898347094470 2.12644388187903 -4.86127788842895 -5.52443448362277
2026-10-16T16:36:00.000 -4005.372646747000 -5445.213813710730 728.094932744415 3.45806861066054 -3.34342454045429 -5.96155773450096
2026-10-16T16:40:00.000 -3039.899268320770 -6039.928337469880 -711.792736258199 4.53840659903201 -1.58232342049890 -5.96405898738887
2026-10-16T16:44:00.000 -1853.425957611980 -6195.563731125640 -2099.792352467610 5.28847024837671 0.29307497505273 -5.53188217925567
2026-10-16T16:48:00.000 -532.281015547838 -5901.081289469980 -3334.816846570840 5.65389686455912 2.14569183731125 -4.69720307055733
2026-10-16T16:52:00.000 827.520011867745 -5178.267454560740 -4327.112900786590 5.60877731633819 3.84077810433208 -3.52163418472276
2026-10-16T16:56:00.000 2127.336594335810 -4079.962740386570 -5004.765726072420 5.15719022964926 5.25587866718296 -2.09121778131709
2026-10-16T17:00:00.000 3273.038937141460 -2686.047506698200 -5318.789858251180 4.33233555557279 6.28938246013085 -0.50980138172375
2026-10-16T17:04:00.000 4181.706183437210 -1097.599863164960 -5246.520711153320 3.19383543900147 6.86721788659966 1.10840104840286
2026-10-16T17:08:00.000 4787.488895482090 570.336426400201 -4793.167201181210 1.82351082090950 6.94772552417839 2.64665894618862
2026-10-16T17:12:00.000 5046.300819962610 2196.915243592700 -3991.459792498620 0.31989339112527 6.52453366876234 3.99366793362625
2026-10-16T17:16:00.000 4939.053426516210 3664.106098740900 -2899.405500609860 -1.20844949305447 5.62741760894077 5.05137627247212
2026-10-16T17:20:00.000 4473.159841193630 4865.218468923910 -1596.225077243080 -2.65053972268908 4.32061331193831 5.74214902264491
2026-10-16T17:24:00.000 3682.165767564740 5712.733097293960 -176.709139532807 -3.90095105616847 2.69877010419904 6.01477036883905
2026-10-16T17:28:00.000 2623.430023781000 6144.857619633130 1255.689238717790 -4.86797846633698 0.88030018651493 5.84880394090870
2026-10-16T17:32:00.000 1373.940176409050 6130.187078066450 2596.524637648440 -5.48084079320644 -1.00164971275421 5.25649109266789
2026-10-16T17:36:00.000 24.592452912355 5670.004238983240 3748.124816326170 -5.69512039194627 -2.80957717216922 4.28161799346529
2026-10-16T17:40:00.000 -1326.551834937650 4798.066334309880 4626.773212203980 -5.49583659690284 -4.41207860655126 2.99588699996561
2026-10-16T17:44:00.000 -2581.452040925680 3577.963605643470 5168.749189297010 -4.89804685427866 -5.69340819702699 1.49314751764329
2026-10-16T17:48:00.000 -3649.151443784420 2098.378458713080 5334.826720293140 -3.94532215720024 -6.56138605899886 -0.11755750115992
2026-10-16T17:52:00.000 -4452.265059051470 466.650886780070 5113.006273304020 -2.70650795845251 -6.95359620485620 -1.71973089405974
2026-10-16T17:56:00.000 -4932.486055030410 -1198.909749206420 4519.328004076240 -1.27081400935277 -6.84153979743262 -3.19753024246439
2026-10-16T18:00:00.000 -5054.773759165050 -2777.452535317830 3596.773407533100 0.25816640711258 -6.23274132332006 -4.44361198194701
2026-10-16T18:04:00.000 -4809.972885301990 -4154.271904747710 2412.277027181490 1.76958152864183 -5.17064761721966 -5.36693672353913
2026-10-16T18:08:00.000 -4215.619115478520 -5229.168419638190 1051.975415458050 3.15324220933447 -3.73206062121620 -5.89957803207864
2026-10-16T18:12:00.000 -3314.779844469070 -5923.875624256480 -385.030128615729 4.30792378467189 -2.02184738185596 -6.00216434181060
2026-10-16T18:16:00.000 -2172.954940488430 -6187.911986104710 -1793.973059230300 5.14915200529327 -0.16519927867535 -5.66721034649503
2026-10-16T18:20:00.000 -873.228700537683 -6002.320350398560 -3072.205303587510 5.61579226116215 1.70207980705834 -4.91970560577820
2026-10-16T18:24:00.000 489.911500333163 -5380.968348026130 -4126.782780814030 5.67451006082186 3.44401276912999 -3.81494959055422
2026-10-16T18:28:00.000 1817.543899838050 -4369.354041852660 -4881.229000285510 5.32182042224781 4.93458201930366 -2.43394474342655
2026-10-16T18:32:00.000 3013.491394975480 -3041.122916051750 -5280.980071685320 4.58387546186082 6.06660669844917 -0.87713852408365
2026-10-16T18:36:00.000 3991.200305680060 -1492.637888235800 -5297.180266606170 3.51416825331159 6.75899244854978 0.74296124716704
2026-10-16T18:40:00.000 4679.853644947130 163.944944109422 -4928.650992417210 2.18959488177937 6.96193541898763 2.30952493892975
2026-10-16T18:44:00.000 5029.398086920740 1808.630307873690 -4201.981354451590 0.70532324024147 6.66032777114684 3.70931265107471
2026-10-16T18:48:00.000 5014.183994439890 3322.119230118280 -3169.714781042820 -0.83160484368759 5.87511658686657 4.84055804721551
2026-10-16T18:52:00.000 4634.946547972810 4594.401642739810 -1906.697593170910 -2.30967159647268 4.66241008986385 5.62035431789300
2026-10-16T18:56:00.000 3918.908382776160 5532.821334248990 -504.748701611784 -3.62104594502034 3.10987320847405 5.99110145129947
2026-10-16T19:00:00.000 2917.920820809200 6068.956244120000 933.999857132101 -4.66961348908924 1.33061600395899 5.92506013913740
2026-10-16T19:04:00.000 1704.736111467240 6163.781312528550 2304.632072609600 -5.37850262852971 -0.54510674118038 5.42699509888396
2026-10-16T19:08:00.000 367.617640303307 5810.569232265750 3507.266854092920 -5.69614178189545 -2.38015173918485 4.53376510752935
2026-10-16T19:12:00.000 -996.220877281344 5035.285274106380 4454.422672283510 -5.59991350194205 -4.04093438768760 3.31112874997236
2026-10-16T19:16:00.000 -2287.764654090910 3894.536664246810 5077.367576812810 -5.09745896092142 -5.40725314031769 1.84854032386189
2026-10-16T19:20:00.000 -3413.379824267640 2471.303886582780 5331.001623007000 -4.22561475701757 -6.38077531614095 0.25225475092774
2026-10-16T19:24:00.000 -4291.492634137020 868.874225790478 5196.988848647610 -3.04741910012301 -6.89153093553423 -1.36224639681369
2026-10-16T19:28:00.000 -4858.382645822610 -796.556616005836 4685.027106182080 -1.64777821909055 -6.90255863108140 -2.87818444697553
2026-10-16T19:32:00.000 -5072.757924096010 -2404.177950485070 3832.177993440140 -0.12759822053380 -6.41259565073928 -4.18563479973852
2026-10-16T19:36:00.000 -4918.789718358540 -3837.215210421750 2700.290227344880 1.40303824133187 -5.45643875402896 -5.18921638383190
2026-10-16T19:40:00.000 -4407.397515951640 -4991.410278621710 1371.635156735150 2.83268331223758 -4.10305199966081 -5.81520794585418
2026-10-16T19:44:00.000 -3575.584334259350 -5782.723928554960 -57.017913346442 4.05679809315779 -2.45096650336555 -6.01736122306311
2026-10-16T19:48:00.000 -2483.802934755810 -6153.611286710760 -1481.515042711990 4.98579557213073 -0.62103105069649 -5.78082139640155
2026-10-16T19:52:00.000 -1211.498939551410 -6077.294202222450 -2798.048104223370 5.55199179800894 1.25286468459634 -5.12328190262503
2026-10-16T19:56:00.000 148.791223765160 -5559.676906171580 -3910.838382904750 5.71466900086788 3.03401695174731 -4.09349498293744
2026-10-16T20:00:00.000 1498.303216653310 -4638.756741298890 -4739.144619048920 5.46286760042319 4.59336017411615 -2.76714517451230
2026-10-16T20:04:00.000 2739.248971870500 -3381.649171561340 -5223.032504225700 4.81552499666506 5.81870395911106 -1.24081529786130
2026-10-16T20:08:00.000 3781.808095777680 -1879.608580473050 -5327.555587679850 3.81967306249978 6.62219210893578 0.37506464819140
2026-10-16T20:12:00.000 4550.494334161890 -241.449968254908 -5045.166789225620 2.54700729765796 6.94615429305913 1.96393879575084
2026-10-16T20:16:00.000 4989.499595080310 1414.190482677890 -4396.228425172280 1.08890047024661 6.76688058786700 3.41109241347577
2026-10-16T20:20:00.000 5066.716138245310 2967.268027611990 -3427.631330751090 -0.44961898642493 6.09649624145859 4.61146321840737
2026-10-16T20:24:00.000 4776.171427268540 4304.946078581330 -2209.559027850010 -1.95707456875107 4.98267784888589 5.47722252606618
2026-10-16T20:28:00.000 4138.627465020670 5329.836172627480 -830.524393983548 -3.32352759977391 3.50581031015181 5.94447001602615
2026-10-16T20:32:00.000 3200.207221647770 5967.243438465010 609.043061832594 -4.44895874866096 1.77343680061326 5.97849931637817
2026-10-16T20:36:00.000 2029.071323864320 6170.748914806890 2004.194827599950 -5.25089839374226 -0.08782058370242 5.57661872585303
2026-10-16T20:40:00.000 710.412835856887 5925.675721197640 3253.241994835670 -5.67083423399941 -1.94178416348474 4.76851844744735
2026-10-16T20:44:00.000 -659.879719950438 5250.117391079130 4265.285842152480 -5.67866228015012 -3.65331790655304 3.61378226169176
2026-10-16T20:48:00.000 -1982.298825702200 4193.450882419170 4966.842561940910 -5.27441464133128 -5.09842193833382 2.19698524375987
2026-10-16T20:52:00.000 -3160.941804949560 2832.595041459770 5307.094979128800 -4.48786964800673 -6.17293171709909 0.62125654679809
2026-10-16T20:56:00.000 -4110.395489239430 1266.353151619570 5261.451279613060 -3.37608729879897 -6.79965226769279 -0.99930548551257
2026-10-16T21:00:00.000 -4761.805501542360 -391.706159055655 4833.223211521750 -2.01917556767877 -6.93339838282486 -2.54759237625433
2026-10-16T21:04:00.000 -5067.784028163780 -2021.335202087980 4053.399000340550 -0.51493315741511 -6.56407535809947 -3.91141232244425
2026-10-16T21:08:00.000 -5005.880131712970 -3504.211030140890 2978.502626888060 1.02785816673318 -5.71778012319018 -4.99143740401003
2026-10-16T21:12:00.000 -4580.314524264680 -4732.499475857450 1686.620653697320 2.49703289384773 -4.45539528961221 -5.70845423429866
2026-10-16T21:16:00.000 -3821.814284565380 -5616.784726574680 271.797797822189 3.78526889645825 -2.86862703040320 -6.00958626023206
2026-10-16T21:20:00.000 -2785.460425856810 -6092.724408265730 -1162.843408767340 4.79825542833262 -1.07342984576181 -5.87259897327326
2026-10-16T21:24:00.000 -1546.654467206930 -6125.856375145780 -2512.740527526480 5.46208267949668 0.79877631804147 -5.30780974165971
2026-10-16T21:28:00.000 -195.505185710381 -5714.098339878170 -3679.645486385080 5.72884108364196 2.61132467837674 -4.35713315155386
2026-10-16T21:32:00.000 1169.851681781910 -4887.755196314700 -4578.831426991380 5.57988960560187 4.23268041060833 -3.09054735032443
2026-10-16T21:36:00.000 2450.429602946530 -3707.121120879430 -5145.191701808300 5.02675686322344 5.54594161134613 -1.60051979289298
2026-10-16T21:40:00.000 3553.524736751220 -2257.960721836390 -5337.818353287460 4.10985765220591 6.45694736571934 0.00502555122300
2026-10-16T21:44:00.000 4399.289127424890 -645.284381325937 -5142.801830135390 2.89526580227123 6.90034211728743 1.61028631532961
2026-10-16T21:48:00.000 4926.373544797120 1014.125729106780 -4574.194016470060 1.47019971568585 6.84395437581518 3.09940235724167
2026-10-16T21:52:00.000 5096.325523048210 2600.000967570860 -3673.055504755140 -0.06282453471678 6.29110984317892 4.36445332286210
2026-10-16T21:56:00.000 4896.452005330980 3997.179065717340 -2504.635211081360 -1.59290312762467 5.28090435414021 5.31303041061229
2026-10-16T22:00:00.000 4340.901781676520 5103.982343606320 -1153.783478043490 -3.00861847443052 3.88601128120382 5.87526949199179
2026-10-16T22:04:00.000 3469.798545304650 5839.742735505150 281.162004331004 -4.20632305046692 2.20781650330489 6.00942416608837
2026-10-16T22:08:00.000 2346.391939952370 6150.853570671120 1695.599858203050 -5.09822858221017 0.36901242558879 5.70542146818397
2026-10-16T22:12:00.000 1052.393307151080 6014.778068648780 2986.424221427520 -5.61924956668103 -1.49586809332965 4.98569761281987
2026-10-16T22:16:00.000 -318.087233793416 5441.659285820210 4059.651689480240 -5.73177094003677 -3.25074828714260 3.90331798795934
2026-10-16T22:20:00.000 -1665.493717197040 4473.459842205690 4837.310854174730 -5.42826021876375 -4.76823417554013 2.53776739189636
2026-10-16T22:24:00.000 -2892.098274457190 3180.716820884260 5263.048637527310 -4.73126711976085 -5.93894222232152 0.98851034045991
2026-10-16T22:28:00.000 -3909.006108726870 1657.328276065690 5306.068740684290 -3.69139676994051 -6.67868394929985 -0.63217213702358
2026-10-16T22:32:00.000 -4642.489726543040 13.779350359567 4963.276970036760 -2.38368440377065 -6.93420423722944 -2.20707759034540
2026-10-16T22:36:00.000 -5039.248893622390 -1630.756815576230 4259.481172971640 -0.90233529997734 -6.68676947278547 -3.62222931686381
2026-10-16T22:40:00.000 -5070.266427749520 -3156.918816032130 3245.669348959910 0.64563719009979 -5.95363146127971 -4.77472112169153
2026-10-16T22:44:00.000 -4733.011859889760 -4453.762150935260 1995.447144135530 2.14783818263221 -4.78735189185668 -5.58015446651387
2026-10-16T22:48:00.000 -4051.767638494860 -5426.892718240700 599.788145861072 3.49461755023453 -3.27251191693560 -5.97917949605370
2026-10-16T22:52:00.000 -3075.963857344140 -6005.483532758110 -839.601014087893 4.58742093977492 -1.51971536692439 -5.94231919112138
2026-10-16T22:56:00.000 -1876.576531253940 -6147.562781286600 -2217.797900590450 5.34642357080213 0.34273760109680 -5.47244665862623
2026-10-16T23:00:00.000 -540.862026211850 -5843.090501676370 -3434.450650618390 5.71662906849110 2.17876798323127 -4.60449497297564
2026-10-16T23:04:00.000 834.123247230448 -5114.577668857190 -4401.167184556190 5.67182402404638 3.85492497042668 -3.40248960903528
2026-10-16T23:08:00.000 2148.656006488740 -4015.252691619490 -5047.904889218300 5.21603767587917 5.25020630236883 -1.95429970203732
2026-10-16T23:12:00.000 3307.545550011700 -2625.037881109010 -5327.915858066760 4.38270526930583 6.26442303720789 -0.36499652887600
2026-10-16T23:16:00.000 4226.906659859940 -1044.716725621090 -5220.989647104320 3.23202645838769 6.82488092646590 1.25066935392759
2026-10-16T23:20:00.000 4840.097400194150 611.271203248776 -4734.820934632850 1.84665516382508 6.89109113541390 2.77620358401591
2026-10-16T23:24:00.000 5102.465688638660 2222.936810645940 -3904.496971731090 0.32618235090855 6.45763021586410 4.10114623513764
2026-10-16T23:28:00.000 4994.634391489760 3673.302838689170 -2790.099155373020 -1.21958085674792 5.55493566783721 5.12893353241036
2026-10-16T23:32:00.000 4524.053205637080 4856.862636167910 -1472.502773862470 -2.67821086559818 4.24771872386802 5.78396144252253
2026-10-16T23:36:00.000 3724.634635499910 5687.372411043300 -47.584880552737 -3.94303937004066 2.63083867251485 6.01769315181777
2026-10-16T23:40:00.000 2654.373410926580 6104.299188929350 1380.799982918500 -4.92134505870949 0.82236436467136 5.81264763439589
2026-10-16T23:44:00.000 1391.106816862060 6077.360433788090 2708.505231857350 -5.54157816193935 -1.04530779928995 5.18390712840765
2026-10-16T23:48:00.000 26.735267447916 5608.744802966460 3838.823704898590 -5.75881590857592 -2.83576185763421 4.17793753860799
2026-10-16T23:52:00.000 -1339.589010164660 4732.827583855450 4689.593908798610 -5.55786946159539 -4.41884413210966 2.86867887543751
2026-10-16T23:56:00.000 -2608.727133090840 3513.496074656050 5199.136796597570 -4.95395080560919 -5.68026192720833 1.35173410240574
2026-10-17T00:00:00.000 -3688.702979173200 2039.368033685660 5330.591440260710 -3.99110086094803 -6.52934925610564 -0.26292394858676
2026-10-17T00:04:00.000 -4501.242070511330 417.373336628369 5074.458071331030 -2.73878335312367 -6.90501073612589 -1.85856113724934
2026-10-17T00:08:00.000 -4987.339545781710 -1234.879105696910 4449.269104480740 -1.28721555530491 -6.77990204326901 -3.31967731213320
2026-10-17T00:12:00.000 -5111.528245708700 -2797.504267093710 3500.308062577720 0.25882243707009 -6.16254208657504 -4.54016983642978
2026-10-17T00:16:00.000 -4864.515050789070 -4156.957406260300 2296.436821683460 1.78725320924265 -5.09701740131775 -5.43084054829753
2026-10-17T00:20:00.000 -4263.995880655160 -5214.310483916100 925.213630481133 3.18662621749658 -3.66040023026626 -5.92612662964266
2026-10-17T00:24:00.000 -3353.495626234880 -5892.589594812290 -513.459852862305 4.35455337113289 -1.95745596685856 -5.98943840687278
2026-10-17T00:28:00.000 -2199.222548948580 -6142.527973115740 -1914.705907248320 5.20562430845646 -0.11283647789149 -5.61620624849622
2026-10-17T00:32:00.000 -885.164489904505 -5946.207612708190 -3176.460965774840 5.67803415813780 1.73858211169190 -4.83425835402339
2026-10-17T00:36:00.000 493.161663633858 -5318.271183054590 -4207.006063256150 5.73805602218157 3.46205867927956 -3.70136000424822
2026-10-17T00:40:00.000 1835.745720555660 -4304.675882777800 -4931.626245135030 5.38212360551355 4.93296697956704 -2.30049636498942
2026-10-17T00:44:00.000 3045.338367405720 -2979.179988129340 -5297.919137066100 4.63658434576669 6.04558801506046 -0.73344969581920
2026-10-17T00:48:00.000 4034.389573883030 -1437.920392903110 -5279.434385226760 3.55538516181062 6.72016810009359 0.88656745221167
2026-10-17T00:52:00.000 4731.238373345450 207.477709774448 -4877.490658972550 2.21624462695849 6.90812183063875 2.44268722182967
2026-10-17T00:56:00.000 5085.215349739450 1837.827342103100 -4121.085933031400 0.71536460765771 6.59538712184091 3.82243976452798
2026-10-17T01:00:00.000 5070.323104868000 3334.848976557030 -3064.914438015740 -0.83898983899502 5.80364770681456 4.92541411319331
2026-10-17T01:04:00.000 4687.259756643030 4589.699733154330 -1785.574166677560 -2.33396858689722 4.58948020292298 5.67066582753368
2026-10-17T01:08:00.000 3963.537356417110 5510.967150798070 -376.107609226527 -3.66035991732686 3.04075398002194 6.00303049952096
2026-10-17T01:12:00.000 2951.606703442170 6031.490966190710 1060.779384568230 -4.72092121738275 1.27045605911458 5.89772288773461
2026-10-17T01:16:00.000 1725.039246841960 6113.409283941700 2420.314305289890 -5.43803592873246 -0.59183105459461 5.36242634663192
2026-10-17T01:20:00.000 373.074704395978 5750.955261292670 3603.433558872660 -5.75956921814456 -2.40996086776555 4.43671014504696
2026-10-17T01:24:00.000 -1005.996036646040 4970.783216579170 4524.092306616480 -5.66265959819675 -4.05160267103386 3.18873114513650
2026-10-17T01:28:00.000 -2312.066299285840 3829.863881635100 5115.503107834670 -5.15504024572803 -5.39800728573641 1.70976599916355
2026-10-17T01:32:00.000 -3450.462174837440 2411.181217285960 5334.870285515570 -4.27389719556142 -6.35234495023725 0.10721525902966
2026-10-17T01:36:00.000 -4338.694046160290 817.675984781604 5166.349529543960 -3.08295296283501 -6.84606576562542 -1.50303427888212
2026-10-17T01:40:00.000 -4912.308579077140 -835.124237408687 4622.128161871760 -1.66792516476833 -6.84339974321643 -3.00459665846863
2026-10-17T01:44:00.000 -5129.511880579050 -2427.318607071110 3741.599661431510 -0.13088114803818 -6.34398036641270 -4.28846802520391
2026-10-17T01:48:00.000 -4974.273770117760 -3843.249527855160 2588.634398961250 1.41683832026543 -5.38337961325630 -5.26094776592121
2026-10-17T01:52:00.000 -4457.607995066200 -4979.913238312000 1247.047299900550 2.86255743848167 -4.03091769444070 -5.85058305751814
2026-10-17T01:56:00.000 -3616.905258831650 -5754.560205813460 -185.448737701397 4.10054907045395 -2.38507165705977 -6.01382272594620
2026-10-17T02:00:00.000 -2513.268822620090 -6110.874383828340 -1604.429888193200 5.04023188086199 -0.56623566358191 -5.73868484239863
2026-10-17T02:04:00.000 -1227.005295246810 -6023.154274351270 -2906.507555030820 5.61319299168952 1.29251129731516 -5.04571061944462
2026-10-17T02:08:00.000 148.354335041777 -5498.135356197190 -3996.977657138310 5.77829351295161 3.05569220103124 -3.98620786099647
2026-10-17T02:12:00.000 1512.970329001250 -4574.328445005040 -4796.731843849710 5.52434486100940 4.59561388574611 -2.63794435867575
2026-10-17T02:16:00.000 2767.963518465690 -3319.030931870980 -5247.904896573300 4.87039625481140 5.80147394687288 -1.09904662529102
2026-10-17T02:20:00.000 3822.492922226170 -1823.343028562640 -5317.912455703970 3.86393616135610 6.58681788746272 0.51919409481063
2026-10-17T02:24:00.000 4600.188787676560 -195.604872192724 -5001.685943908630 2.57734722506544 6.89520898759640 2.10008756995286
2026-10-17T02:28:00.000 5044.564837261930 1446.291140883490 -4322.024706836630 1.10303653387820 6.70397554857684 3.52940516045905
2026-10-17T02:32:00.000 5123.107512451310 2983.280595655330 -3328.051063565920 -0.45278724436854 6.02613755235582 4.70332585414116
2026-10-17T02:36:00.000 4829.731153105770 4303.677271774620 -2091.803485861410 -1.97735889286160 4.90989642458366 5.53588116159729
2026-10-17T02:40:00.000 4185.399550858810 5311.332474987610 -703.135876863181 -3.35945705207124 3.43582587053933 5.96557903182974
2026-10-17T02:44:00.000 3236.739827959240 5932.785457024810 736.797053671730 -4.49780658437385 1.71128806697998 5.96039942056266
2026-10-17T02:48:00.000 2052.692183056030 6122.785618616320 2122.997540545920 -5.30897845617573 -0.13750695853441 5.52058332762613
2026-10-17T02:52:00.000 719.408513369994 5867.665346363940 3354.429235456310 -5.73388314700784 -1.97530198745803 4.67866269837648
2026-10-17T02:56:00.000 -666.151198472220 5186.264754449510 4341.487436871660 -5.74206165245792 -3.66818227272725 3.49670876353551
2026-10-17T03:00:00.000 -2003.367383266440 4128.396052835730 5012.520060874230 -5.33358154387858 -5.09350831707854 2.06125384048994
2026-10-17T03:04:00.000 -3195.273240516930 2771.069797204610 5318.940057005640 -4.53855971766616 -6.14862057579809 0.47676720808090
2026-10-17T03:08:00.000 -4155.500652364070 1212.823073048580 5238.612246498210 -3.41462824172682 -6.75774559607820 -1.14209251765127
2026-10-17T03:12:00.000 -4814.412105938510 -433.361822938750 4777.361170770250 -2.04276410873207 -6.87696520326171 -2.67832595583562
2026-10-17T03:16:00.000 -5124.066333740260 -2048.106827115590 3968.564376516880 -0.52176945624830 -6.49721812165557 -4.02064681510806
2026-10-17T03:20:00.000 -5061.724828382480 -3514.157224584840 2870.848472225080 1.03831683613495 -5.64526963199182 -5.07119505981646
2026-10-17T03:24:00.000 -4631.640811758470 -4724.884558029410 1563.972791217460 2.52398622578418 -4.38245512481243 -5.75286627087710
2026-10-17T03:28:00.000 -3864.884474033060 -5592.147909156620 143.089638462563 3.82668612457159 -2.80059421472928 -6.01536292581724
2026-10-17T03:32:00.000 -2817.151548578770 -6052.856309302240 -1288.230524783760 4.85108390429646 -1.01532030918519 -5.83932137609569
2026-10-17T03:36:00.000 -1564.674097082810 -6073.667766585020 -2625.671752842580 5.52248589458035 0.84270765509895 -5.23792614362071
2026-10-17T03:40:00.000 -198.555985923777 -5653.400183447790 -3771.900710700780 5.79241662736876 2.63787446737941 -4.25577992600450
2026-10-17T03:44:00.000 1181.980990177500 -4822.975496678190 -4643.708275599830 5.64205750314622 4.23994730048621 -2.96514329440292
2026-10-17T03:48:00.000 2476.860739026170 -3642.968099489440 -5177.979409390950 5.08304118369732 5.53349971188041 -1.46012815026679
2026-10-17T03:52:00.000 3592.338875156410 -2199.076341715000 -5336.117076013540 4.15612238155041 6.42575681273985 0.15030473103182
2026-10-17T03:56:00.000 4447.650958819060 -595.921133984519 -5106.695830044470 2.92806512860718 6.85267036933390 1.74997999523917
2026-10-17T04:00:00.000 4980.730604443550 1050.399343719570 -4506.247553506440 1.48703612161651 6.78319122245267 3.22343132382017
2026-10-17T04:04:00.000 5152.664621825040 2620.540545311800 -3578.139573594610 -0.06325085350180 6.22153316032184 4.46378752831234
2026-10-17T04:08:00.000 4950.606278570530 4000.452186250890 -2389.595712944330 -1.61056565359609 5.20745890606227 5.38034374765203
2026-10-17T04:12:00.000 4388.869285091010 5089.695615036470 -1026.961025888920 -3.04219227413173 3.81401934552762 5.90552837865138
2026-10-17T04:16:00.000 3508.036051442010 5808.881525460070 410.541058686334 -4.25333216919474 2.14253661130541 6.00032480875751
2026-10-17T04:20:00.000 2372.074406810670 6105.616811984130 1818.100807902450 -5.15518864237012 0.31523706047696 5.65754588767897
2026-10-17T04:24:00.000 1063.631235925730 5958.425772066330 3093.102228539010 -5.68191177270320 -1.53414216989543 4.90253252315112
2026-10-17T04:28:00.000 -322.113084727179 5378.279967359990 4142.726639716630 -5.79552959109076 -3.27068046430965 3.79101310960599
2026-10-17T04:32:00.000 -1684.485709445610 4407.653571185350 4890.738452468650 -5.48845300995990 -4.76839693878729 2.40451803402552
2026-10-17T04:36:00.000 -2924.665750332360 3117.264844633130 5282.944468300260 -4.78352148829659 -5.91927585383698 0.84404528782773
2026-10-17T04:40:00.000 -3952.779627338150 1600.844745818330 5290.997608663410 -3.73196178100226 -6.64064102106469 -0.77732414358056
2026-10-17T04:44:00.000 -4694.292842528600 -31.636057068801 4914.341469316480 -2.40962049225506 -6.88057348962112 -2.34241488604305
2026-10-17T04:48:00.000 -5095.319657243320 -1661.809534445170 4180.236622439400 -0.91174258670116 -6.62144348546441 -3.73793027198760
2026-10-17T04:52:00.000 -5126.524865352570 -3171.358194508740 3141.873666696450 0.65349952077337 -5.88135979830539 -4.86235331064222
2026-10-17T04:56:00.000 -4785.351602816730 -4450.545293828300 1874.652447966050 2.17243356392279 -4.71337876177902 -5.63331255708867
2026-10-17T05:00:00.000 -4096.365736459930 -5406.253688543060 470.790822443706 3.53413536832104 -3.20218822745609 -5.99394843517083
2026-10-17T05:04:00.000 -3109.569262224720 -5968.924590454050 -967.395398151046 4.63894255314895 -1.45819258987063 -5.91758672488675
2026-10-17T05:08:00.000 -1896.748718333440 -6097.756372635170 -2335.069889390020 5.40615697110965 0.39092726414890 -5.41003986644902
2026-10-17T05:12:00.000 -546.143326351958 -5783.683572103810 -3532.660211851630 5.78023481157935 2.21009561206581 -4.50902993485724
2026-10-17T05:16:00.000 844.114301073877 -5049.912542146220 -4473.175635956800 5.73471422774714 3.86716036357675 -3.28094516857475
2026-10-17T05:20:00.000 2173.195459740940 -3950.039504253100 -5088.481441800720 5.27364774584190 5.24251920488551 -1.81551071273228
2026-10-17T05:24:00.000 3344.855553657940 -2564.010056827240 -5334.109923387020 4.43086306452566 6.23745857179878 -0.21899030868377
2026-10-17T05:28:00.000 4274.275160700660 -992.287312059002 -5192.323969310510 3.26715995869707 6.78062549594372 1.39340483349967
2026-10-17T05:32:00.000 4894.058196270140 651.309479119511 -4673.330316998840 1.86610879388027 6.83270680539598 2.90534371168146
2026-10-17T05:36:00.000 5159.050892330990 2247.674704902760 -3814.595847640100 0.32845284093269 6.38926760566835 4.20730757845340
2026-10-17T05:40:00.000 5049.669643078910 3680.917808904160 -2678.277404229470 -1.23468872128500 5.48146992417510 5.20431127397596
2026-10-17T05:44:00.000 4573.472736570080 4846.760104394080 -1346.866631973270 -2.70960714537532 4.17441960386954 5.82297582830705
2026-10-17T05:48:00.000 3764.793498648070 5660.233055453500 82.723062579404 -3.98832377277118 2.56305202691552 6.01735454409779
2026-10-17T05:52:00.000 2682.326590556300 6062.066789592430 1506.270760902620 -4.97714656925964 0.76517234036609 5.77292699572726
2026-10-17T05:56:00.000 1404.806731995220 6023.108530787540 2819.985827839470 -5.60382589088128 -1.08766750853237 5.10776624708701
2026-10-17T06:00:00.000 25.174181175734 5546.428861696960 3928.196192329170 -5.82296567270867 -2.86019581487220 4.07098510803453
2026-10-17T06:04:00.000 -1356.305079040230 4666.986343496180 4750.365487341240 -5.61924355952896 -4.42361441604339 2.73874483986855
2026-10-17T06:08:00.000 -2639.389986184270 3448.918269023480 5226.896439137320 -5.00808987247280 -5.66502577416896 1.20824806015046
2026-10-17T06:12:00.000 -3731.088901540430 1980.752847652290 5323.326697108660 -4.03406009658431 -6.49519570565191 -0.40951847174104
2026-10-17T06:16:00.000 -4552.277649608160 368.988498248662 5032.710063245390 -2.76746993105928 -6.85443923556135 -1.99757369740917
2026-10-17T06:20:00.000 -5043.328012203390 -1269.517882861330 4376.084842283440 -1.29954300383440 -6.71662478206785 -3.44104556612597
2026-10-17T06:24:00.000 -5168.403134641600 -2815.881680176620 3401.008562243190 0.26382064099044 -6.09112829680459 -4.63508946523368
2026-10-17T06:28:00.000 -4918.134589290410 -4157.735290813910 2178.253956480260 1.80920778704774 -5.02267791906844 -5.49231497316980
2026-10-17T06:32:00.000 -4310.459891414830 -5197.442988458860 796.764107371653 3.22394212429739 -3.58859568303227 -5.94968636176782
2026-10-17T06:36:00.000 -3389.419577592740 -5859.319662172860 -642.812654659431 4.40453268960787 -1.89340727540892 -5.97335310181718
2026-10-17T06:40:00.000 -2221.990819046940 -6095.294799157840 -2035.528349097260 5.26460532284040 -0.06124170341811 -5.56165018178982
2026-10-17T06:44:00.000 -893.122062856927 -5888.474547275670 -3279.949821075850 5.74172512641984 1.77395091600732 -4.74526332254380
2026-10-17T06:48:00.000 500.596259613980 -5254.263111070420 -4285.635056168920 5.80185343413174 3.47867550011967 -3.58445867223340
2026-10-17T06:52:00.000 1858.039602385950 -4239.057896669030 -4979.685032124830 5.44140104861547 4.92969857071356 -2.16419684139156
2026-10-17T06:56:00.000 3080.879220521120 -2916.716835599980 -5311.913451655040 4.68702147685462 6.02273015178668 -0.58760195281100
2026-10-17T07:00:00.000 4080.597579666980 -1383.137327210570 -5258.331277214050 3.59329079592145 6.67942229016726 1.03143166788845
2026-10-17T07:04:00.000 4784.745693614140 250.618938399254 -4822.786171530650 2.23877742527461 6.85243126657275 2.57613517021730
2026-10-17T07:08:00.000 5142.101630262570 1866.195012197350 -4036.707021287200 0.72081406537696 6.52870222146594 3.93475908319032
2026-10-17T07:12:00.000 5126.412146506480 3346.365064105860 -2956.956421634870 -0.85104646994034 5.73074701279073 5.00837291671475
2026-10-17T07:16:00.000 4738.430761087810 4583.496594318500 -1661.868727511330 -2.36263582851110 4.51562433432294 5.71811343610906
2026-10-17T07:20:00.000 4006.037893217290 5487.467450417720 -245.658771951859 -3.70350034023002 2.97136327197890 6.01142515966818
2026-10-17T07:24:00.000 2982.324915963240 5992.388978359460 1188.458872137620 -4.77534426151902 1.21063650348601 5.86637782801818
2026-10-17T07:28:00.000 1741.744700949880 6061.560402308440 2535.904487452430 -5.49966992454164 -0.63755562946706 5.29366981520410
2026-10-17T07:32:00.000 374.562350629228 5690.178274754190 3698.524616539220 -5.82399622249803 -2.43818445100977 4.33570428204848
2026-10-17T07:36:00.000 -1019.848950967560 4905.545337698100 4591.794092275440 -5.72529959490775 -4.06035485545802 3.06289158516432
2026-10-17T07:40:00.000 -2340.279201735430 3764.927215882860 5150.920560152290 -5.21132884299190 -5.38676737918376 1.56820401065332
2026-10-17T07:44:00.000 -3491.003656203610 2351.271064652700 5335.446097898300 -4.31971817473105 -6.32195412473578 -0.03980363728826
2026-10-17T07:48:00.000 -4388.631755865630 767.150445816814 5132.050491236560 -3.11495068040483 -6.79872037548797 -1.64486838695616
2026-10-17T07:52:00.000 -4968.022854192120 -872.583793040764 4555.452412605150 -1.68377241085240 -6.78253007755053 -3.13092404387767
2026-10-17T07:56:00.000 -5186.960428615910 -2448.983427546180 3647.398632377460 -0.12938195410640 -6.27402957219446 -4.39011949740304
2026-10-17T08:00:00.000 -5029.272106355110 -3847.537695319130 2473.764614849170 1.43562983068599 -5.30940916640854 -5.33046519307582
2026-10-17T08:04:00.000 -4506.150708900900 -4966.508474706270 1119.890215584940 2.89722367482453 -3.95836480600386 -5.88283263119433
2026-10-17T08:08:00.000 -3655.465625972890 -5724.453986100990 -315.612825232759 4.14856809346828 -2.31930170697926 -6.00648558033381
2026-10-17T08:12:00.000 -2539.042017574140 -6066.285186579190 -1728.109945232610 5.09811962619144 -0.51205750939151 -5.69232577769003
2026-10-17T08:16:00.000 -1238.118029285120 -5967.360290090350 -3014.696728253790 5.67673120736973 1.33113779302284 -4.96378352877746
2026-10-17T08:20:00.000 152.711076865734 -5435.228850525760 -4081.816545396610 5.84288502242431 3.07598251358871 -3.87474959876776
2026-10-17T08:24:00.000 1532.487596573220 -4508.907006476160 -4852.075168397930 5.58532503326719 4.59616907955962 -2.50510455757828
2026-10-17T08:28:00.000 2801.236744200630 -3255.856453894630 -5269.752072807800 4.92335284596435 5.78231657262191 -0.95444714656617
2026-10-17T08:32:00.000 3867.120975802190 -1767.003070557570 -5304.684762681580 3.90502492235469 6.54936727590886 0.66511223493147
2026-10-17T08:36:00.000 4652.943905579280 -150.187622795614 -4954.340282434740 2.60356437371078 6.84219705060046 2.23675744475363
2026-10-17T08:40:00.000 5101.618531023760 1477.494009850920 -4243.988996332710 1.11241029488955 6.63924912694131 3.64692525325926
2026-10-17T08:44:00.000 5180.304999376710 2998.001607502120 -3224.983873675820 -0.46096706504185 5.95434628516836 4.79311657539737
2026-10-17T08:48:00.000 4882.907096485610 4300.838479224950 -1971.196879330650 -2.00248722851880 4.83624787765496 5.59134631118738
2026-10-17T08:52:00.000 4230.686164545450 5291.134383655820 -573.777121851835 -3.39965835470851 3.36571453439315 5.98259036381420
2026-10-17T08:56:00.000 3270.857246289980 5896.712615332390 865.469400868704 -4.55011313009623 1.64993621036642 5.93770881501904
2026-10-17T09:00:00.000 2073.176238106560 6073.502520101470 2241.601838133780 -5.36958934218139 -0.18555964752865 5.45989307002298
2026-10-17T09:04:00.000 724.786520419685 5808.813538171760 3454.332312763840 -5.79839198098198 -2.00649876358259 4.58448675604857
2026-10-17T09:08:00.000 -676.262047789645 5122.187598936900 4415.447420033740 -5.80586018808103 -3.68027533149682 3.37602648568970
2026-10-17T09:12:00.000 -2028.250497255190 4063.797059897410 5055.203641886720 -5.39214571067032 -5.08577778602737 1.92287532519110
2026-10-17T09:16:00.000 -3233.151279349490 2710.646512356810 5327.272312487380 -4.58761137781714 -6.12177442724142 0.33060828502203
2026-10-17T09:20:00.000 -4203.634873727280 1160.953213829470 5211.983459190200 -3.45050832259673 -6.71374280326669 -1.28551056743825
2026-10-17T09:24:00.000 -4869.296837903450 -472.915876275693 4717.682859893500 -2.06277673051144 -6.81894488966180 -2.80864588953574
2026-10-17T09:28:00.000 -5181.685615253910 -2072.457564876010 3880.145825023290 -0.52440312772831 -6.42931055904436 -4.12835263393925
2026-10-17T09:32:00.000 -5117.858407184080 -3521.508585588110 2760.104610519560 1.05325157781353 -5.57237268171713 -5.14838467447110
2026-10-17T09:36:00.000 -4682.181201886180 -4714.670914145440 1438.961270838920 2.55537388288748 -4.30987371494825 -5.79383423047657
2026-10-17T09:40:00.000 -3906.141003145990 -5565.088457551360 12.925482559014 3.87217564138533 -2.73366871756393 -6.01707265152721
2026-10-17T09:44:00.000 -2846.126761061920 -6010.916654297810 -1414.057348354740 4.90730812838235 -0.95901267839536 -5.80170079132546
2026-10-17T09:48:00.000 -1579.272932503990 -6019.914275546670 -2738.004958959610 5.58533581960753 0.88424184581343 -5.16380436910392
2026-10-17T09:52:00.000 -197.726889701938 -5591.766609193460 -3862.588307331270 5.85735535043188 2.66161079404014 -4.15063434191214
2026-10-17T09:56:00.000 1198.176758558780 -4757.964542236120 -4706.189614244010 5.70439991217116 4.24419078243048 -2.83667852929668
2026-10-17T10:00:00.000 2507.255358256420 -3579.319076417240 -5207.753223365130 5.13831100482348 5.51798268940113 -1.31768835276925
2026-10-17T10:04:00.000 3634.745709840310 -2141.420336956210 -5331.054208046440 4.20034967668886 6.39164127307958 0.29640571239933
2026-10-17T10:08:00.000 4499.018939191320 -548.446512482718 -5067.187874999070 2.95805917589731 6.80245912437531 1.88918222230985
2026-10-17T10:12:00.000 5037.359605052910 1084.245549346570 -4435.176337348620 1.50061498498395 6.72052419317595 3.34564888490400
2026-10-17T10:16:00.000 5210.469216953610 2638.302305408110 -3480.683353435660 -0.06709738481513 6.15098727679198 4.56009482014506
2026-10-17T10:20:00.000 5005.410630961060 4000.850926159600 -2272.860564495540 -1.63156940835385 5.13420034923209 5.44371213983774
2026-10-17T10:24:00.000 4436.715735679570 5072.722175422450 -899.459206938869 -3.07881179447720 3.74340038598663 5.93132888732883
2026-10-17T10:28:00.000 3545.480084058130 5775.801238644480 539.507639102262 -4.30286218350491 2.07977057026833 5.98665600007709
2026-10-17T10:32:00.000 2396.436002490290 6058.892295651210 1939.126913733450 -5.21402160196528 0.26501300162319 5.60546594171808
2026-10-17T10:36:00.000 1073.171698586980 5901.534027763600 3197.384341696920 -5.74585022784050 -1.56813306715387 4.81594785193660
2026-10-17T10:40:00.000 -328.074169646824 5315.434413807840 4222.704012196330 -5.85999686353886 -3.28601223905017 3.67630965015863
2026-10-17T10:44:00.000 -1705.520602032550 4343.483144910060 4940.635597900840 -5.54884952462844 -4.76406173035981 2.27008638458289
2026-10-17T10:48:00.000 -2959.270452912940 3056.458696928960 5299.175041979860 -4.83551687909791 -5.89578372997699 0.69961117517017
2026-10-17T10:52:00.000 -3998.461916691780 1547.802577762950 5272.391645942780 -3.77169081071961 -6.59983140769120 -0.92145676013198
2026-10-17T10:56:00.000 -4747.723172137650 -73.086322270462 4862.217631353350 -2.43404082752317 -6.82535636144993 -2.47590420639405
2026-10-17T11:00:00.000 -5152.570941672850 -1688.659446036610 4098.330417850730 -0.91894812529721 -6.55570622179117 -3.85110391220193
2026-10-17T11:04:00.000 -5183.369149006760 -3181.626726141290 3036.093690476150 0.66407258457158 -5.80973929565531 -4.94689906958482
2026-10-17T11:08:00.000 -4837.594106316330 -4443.429350952060 1752.669476902820 2.19996362638173 -4.64101532528969 -5.68294052429763
2026-10-17T11:12:00.000 -4140.162601548730 -5382.214627139790 341.488433649680 3.57653766104712 -3.13439720312892 -6.00493439654669
2026-10-17T11:16:00.000 -3141.716506597110 -5929.671949343150 -1094.588184766480 4.69301526790819 -1.39999592702198 -5.88914037164809
2026-10-17T11:20:00.000 -1914.907586944500 -6046.125731626790 -2450.890024847290 5.46793861559869 0.43524580012380 -5.34430178938731
2026-10-17T11:24:00.000 -548.996419035905 -5723.417521438030 -3628.686879361290 5.84521899732769 2.23730059942177 -4.41083791021194
2026-10-17T11:28:00.000 856.767839560572 -4985.383414816400 -4542.440931010630 5.79816735844879 3.87526248878997 -3.15749723905122
2026-10-17T11:32:00.000 2200.432842505270 -3885.930374427240 -5125.975187874460 5.33098887304259 5.23094121268066 -1.67580977717557
2026-10-17T11:36:00.000 3384.701662780780 -2504.971897155010 -5337.132312032860 4.47796497350767 6.20703544596252 -0.07318008085516
2026-10-17T11:40:00.000 4323.851235569970 -942.603060550866 -5160.675362988250 3.30065076175744 6.73357541885123 1.53476408388181
2026-10-17T11:44:00.000 4949.786123819210 688.038337376790 -4609.321369939530 1.88356889935196 6.77245508449848 3.03201583750600
2026-10-17T11:48:00.000 5216.903554685250 2268.787204918060 -3722.880738917260 0.32858715791502 6.32016778184695 4.31010796831534
2026-10-17T11:52:00.000 5105.462846481870 3684.879362238140 -2565.529744009900 -1.25187110532399 5.40852115277337 5.27569606066910
2026-10-17T11:56:00.000 4623.183535596720 4833.291342069140 -1221.309668797200 -2.74280222781029 4.10303291640958 5.85768516829765
2026-10-17T12:00:00.000 3804.841800152250 5630.350425921070 211.932107155817 -4.03516319337993 2.49849238800567 6.01289412862462
2026-10-17T12:04:00.000 2709.829441324750 6017.988035034650 1629.714060549770 -5.03420631349840 0.71215987286040 5.72963784750196
2026-10-17T12:08:00.000 1417.801512388430 5968.096171611350 2928.674403160030 -5.66693442461007 -1.12519916879184 5.02886986934558
2026-10-17T12:12:00.000 22.745289386433 5484.556252755720 4014.239434207590 -5.88762857026135 -2.87949309436887 3.96234062813750
2026-10-17T12:16:00.000 -1373.979883091490 4602.812098707450 4807.540840577040 -5.68085968385649 -4.42340551352864 2.60828758428915
2026-10-17T12:20:00.000 -2671.037529622560 3387.135511388580 5251.078457514910 -5.06220917810382 -5.64544662217722 1.06543208949212
2026-10-17T12:24:00.000 -3774.425763625360 1925.849229785160 5312.776286380750 -4.07674292382274 -6.45782557632402 -0.55440057753809
2026-10-17T12:28:00.000 -4604.151612705860 324.919507563599 4988.176905686460 -2.79546121576633 -6.80206437797061 -2.13418491821384
2026-10-17T12:32:00.000 -5099.922112150500 -1299.575807533530 4300.748827892580 -1.31062180933473 -6.65291779975252 -3.55955598133377
2026-10-17T12:36:00.000 -5225.526514388850 -2829.730886613520 3300.288695367970 0.27051476020988 -6.02056466283392 -4.72680905862171
2026-10-17T12:40:00.000 -4971.554822646310 -4154.322380896620 2059.432912820540 1.83318287194267 -4.95024527019688 -5.55049472811653
2026-10-17T12:44:00.000 -4356.223178231130 -5176.941755326610 668.471241000140 3.26336022251438 -3.51949639425786 -5.96993002812528
2026-10-17T12:48:00.000 -3424.164678508610 -5823.152025485080 -771.226684935819 4.45635051827343 -1.83277813252906 -5.95412715514560
2026-10-17T12:52:00.000 -2243.186935878620 -6046.048808097000 -2154.710117860360 5.32499661081946 -0.01355789771615 -5.50441225275032
2026-10-17T12:56:00.000 -899.233810863586 -5829.700615725040 -3381.228181221640 5.80626838636315 1.80517723304528 -4.65422421318349
2026-10-17T13:00:00.000 510.004702703851 -5190.212337287060 -4361.651921294800 5.86585620219027 3.49115188420665 -3.46627570259031
2026-10-17T13:04:00.000 1882.277834871670 -4174.368812130820 -5024.926208671100 5.50022834238275 4.92251015493680 -2.02748141267200
2026-10-17T13:08:00.000 3118.182742206310 -2856.073936901330 -5323.104159809460 4.73640825916975 5.99640690697682 -0.44229045601050
2026-10-17T13:12:00.000 4128.254870998440 -1330.932327175210 -5234.668022945010 3.62966619824925 6.63585530985214 1.17479976710881
2026-10-17T13:16:00.000 4839.299849760950 290.603956679338 -4765.993137296310 2.25952467353521 6.79478574812312 2.70717153293389
2026-10-17T13:20:00.000 5199.595998120690 1891.064858867160 -3950.906885640290 0.72441368165862 6.46114949317813 4.04397814915811
2026-10-17T13:24:00.000 5182.670050564780 3354.315461358850 -2848.377233287170 -0.86489269245611 5.65815931944460 5.08781083588497
2026-10-17T13:28:00.000 4789.358943035490 4573.944722081860 -1538.407153538000 -2.39292832713693 4.44324552417478 5.76192060512261
2026-10-17T13:32:00.000 4047.938947272790 5461.102824283740 -116.315448379718 -3.74795922934682 2.90451156728788 6.01632959079255
2026-10-17T13:36:00.000 3012.174536600870 5951.149451056760 1314.249583224320 -4.83071245246180 1.15430107727188 5.83206681161336
2026-10-17T13:40:00.000 1757.386938808230 6008.480061667190 2648.982729179850 -5.56197371211722 -0.67930234360249 5.22268978177361
2026-10-17T13:44:00.000 374.873021227418 5629.144718396910 3790.659742394270 -5.88867195501917 -2.46230345763749 4.23323691542474
2026-10-17T13:48:00.000 -1034.875284626350 4841.028900060020 4656.293906501120 -5.78766423227046 -4.06509089807122 2.93648442519201
2026-10-17T13:52:00.000 -2369.547000071280 3701.639973265210 5183.117757226700 -5.26692817021210 -5.37187084860627 1.42705061529291
2026-10-17T13:56:00.000 -3532.393142335960 2293.811762165480 5333.006615336640 -4.36451112863786 -6.28859126475998 -0.18554075497426
2026-10-17T14:00:00.000 -4439.134046297420 719.676960969552 5095.138388064500 -3.14561497929085 -6.74938609362623 -1.78466573797314
2026-10-17T14:04:00.000 -5023.939694065890 -906.649995667976 4486.718620799990 -1.69792570285876 -6.72080871622196 -3.25469484188529
2026-10-17T14:08:00.000 -5244.163789063170 -2467.180873171980 3551.797242377070 -0.12587417615753 -6.20428772271164 -4.48886996113038
2026-10-17T14:12:00.000 -5083.527768021460 -3848.524457209520 2358.211940086570 1.45653287657463 -5.23658824563638 -5.39695280044078
2026-10-17T14:16:00.000 -4553.443783079240 -4950.168138922800 992.769089139893 2.93398054502122 -3.88765892565603 -5.91213753395507
2026-10-17T14:20:00.000 -3692.304066461490 -5691.911687567950 -445.049513835712 4.19836827534020 -2.25582878659959 -5.99634551391454
2026-10-17T14:24:00.000 -2562.731585287590 -6019.857565924280 -1850.422641930130 5.15721529216572 -0.46054407252886 -5.64347133089447
2026-10-17T14:28:00.000 -1246.935887515120 -5910.396003204010 -3120.971729328660 5.74080822243763 1.36688968356023 -4.87981063908576
2026-10-17T14:32:00.000 159.403669061153 -5371.849492478950 -4164.315152608290 5.90727386089478 3.09336286131041 -3.76180168531492
2026-10-17T14:36:00.000 1554.201835556820 -4443.699203541270 -4904.794306538520 5.64535159300687 4.59393867003192 -2.37140110414340
2026-10-17T14:40:00.000 2836.390385529050 -3193.532260157890 -5288.849954036650 4.97463254646249 5.76066795301585 -0.80967471648847
2026-10-17T14:44:00.000 3913.145422792390 -1712.059574215790 -5288.752198091700 3.94376874745316 6.50988048211206 0.81048911763650
2026-10-17T14:48:00.000 4706.464136011350 -106.592780335145 -4904.501201545700 2.62690044450608 6.78767529284579 2.37221127377901
2026-10-17T14:52:00.000 5158.707227657890 1506.580700936110 -4163.828450047950 1.11862682713092 6.57359870217160 3.76260858732199
2026-10-17T14:56:00.000 5236.770340839220 3010.462320674720 -3120.291089850070 -0.47235659399388 5.88227706190849 4.88061738225432
2026-10-17T15:00:00.000 4934.593386702410 4295.743972908680 -1849.552361879370 -2.03067606655507 4.76290211166485 5.64422690552351
2026-10-17T15:04:00.000 4273.790680562400 5268.814559087290 -444.020392786311 -3.44253220906715 3.29639451801921 5.99687661485626
2026-10-17T15:08:00.000 3302.223871785690 5858.754729906440 993.880650438615 -4.60443841833250 1.58975550635497 5.91227282914038
2026-10-17T15:12:00.000 2090.527364930800 6022.658090918080 2359.300156140750 -5.43134373403166 -0.23209164741991 5.39661569249524
2026-10-17T15:16:00.000 726.868656853461 5748.796291094490 3552.746219953290 -5.86311031625702 -2.03593621435083 4.48804996750387
2026-10-17T15:20:00.000 -689.599573834256 5057.383912605320 4487.421915748090 -5.86885039011554 -3.69048501983932 3.25348978241916
2026-10-17T15:24:00.000 -2056.034707928860 3998.937465072360 5095.519527960100 -5.44881114542037 -5.07602999424590 1.78321251033711
2026-10-17T15:28:00.000 -3273.363532820740 2650.462381201050 5333.026005422400 -4.63389487518602 -6.09280995280327 0.18400552496119
2026-10-17T15:32:00.000 -4253.368671777990 1109.822904532450 5182.778482153400 -3.48308504073961 -6.66772549122333 -1.42846399473861
2026-10-17T15:36:00.000 -4924.953193970300 -511.282248317119 4655.650212520740 -2.07924687804564 -6.75925039291636 -2.93758904669200
2026-10-17T15:40:00.000 -5239.225002638080 -2095.282376611750 3789.799826569910 -0.52352367650626 -6.36028055578711 -4.23391290281183
2026-10-17T15:44:00.000 -5173.093630367060 -3527.143906130800 2648.021732889910 1.07146649083983 -5.49903496350156 -5.22285214803030
2026-10-17T15:48:00.000 -4731.082156975020 -4702.719841687770 1313.307966586130 2.58961454733380 -4.23755493327567 -5.83175996792311
2026-10-17T15:52:00.000 -3945.141032242450 -5536.432608759920 -117.139541644338 3.91993652825090 -2.66763125233784 -6.01567654226160
2026-10-17T15:56:00.000 -2872.385483653310 -5967.657257627240 -1539.045734257460 4.96506858901860 -0.90411166101823 -5.76105431754353
2026-10-17T16:00:00.000 -1590.886604284780 -5965.230906748390 -2848.802933803850 5.64887330935785 0.92395589597338 -5.08693836431274
2026-10-17T16:04:00.000 -193.855522754634 -5529.674668041950 -3951.137203248990 5.92208161035016 2.68326655987617 -4.04323492705700
2026-10-17T16:08:00.000 1217.258629461390 -4693.005175022290 -4766.064601476210 5.76565947373395 4.24630500864138 -2.70658437488532
2026-10-17T16:12:00.000 2540.173671990540 -3516.214909709150 -5234.611522868090 5.19164451786486 5.50052149253766 -1.17430739904555
2026-10-17T16:16:00.000 3679.110427087720 -2084.735686880780 -5322.933549720100 4.24180529784359 6.35593532068997 0.44275463873547
2026-10-17T16:20:00.000 4551.584741443220 -502.274604675010 -5024.644549160750 2.98450679321389 6.75108098032467 2.02794703789328
2026-10-17T16:24:00.000 5094.257403004060 1116.560476183150 -4361.256695655810 1.51003869187739 6.65711447786096 3.46675437143613
2026-10-17T16:28:00.000 5267.502547372960 2654.401165458820 -3380.717858006490 -0.07540287399516 6.08007993452808 4.65471207407897
2026-10-17T16:32:00.000 5058.365548865980 3999.537035376610 -2154.078252128770 -1.65705086989222 5.06086966699552 5.50493237107723
2026-10-17T16:36:00.000 4481.666217613990 5054.042539017510 -770.474933698613 -3.11961760027923 3.67289321060967 5.95458046219936
2026-10-17T16:40:00.000 3579.092800571560 5741.053374022160 669.305529062014 -4.35594045987120 2.01719523118395 5.97012462471110
2026-10-17T16:44:00.000 2416.229034193050 6010.545767344490 2060.267713570850 -5.27538202793282 0.21497046479855 5.55029279890965
2026-10-17T16:48:00.000 1077.698614566850 5843.066495204430 3301.022224646780 -5.81091939548097 -1.60189142693436 4.72616758926407
2026-10-17T16:52:00.000 -339.136950312957 5251.087619077280 4301.282240576320 -5.92405579956227 -3.30094791057860 3.55854667998092
2026-10-17T16:56:00.000 -1731.370120865930 4277.930907973110 4988.437744508920 -5.60725877116018 -4.75911840812554 2.13294762777885
2026-10-17T17:00:00.000 -2998.025689001970 2994.456301714550 5312.725489099190 -4.88399386370627 -5.87131416401918 0.55306370642794
2026-10-17T17:04:00.000 -4047.301757910990 1493.857149545080 5250.710373704300 -3.80675419761720 -6.55757371014499 -1.06670955269858
2026-10-17T17:08:00.000 -4803.108064832700 -115.055178089042 4806.891013104090 -2.45318449882534 -6.76841930553427 -2.60932676222403
2026-10-17T17:12:00.000 -5210.487923228360 -1715.606183586380 4013.386354398120 -0.92078096281895 -6.48822688442402 -3.96298345286353
2026-10-17T17:16:00.000 -5239.624241758420 -3191.599006232190 2927.719237559920 0.67966136985086 -5.73663165291238 -5.02906941154461
2026-10-17T17:20:00.000 -4888.123741378940 -4435.715923830750 1628.765487191400 2.23178869543569 -4.56765429869739 -5.72939237552411
2026-10-17T17:24:00.000 -4181.329393505110 -5357.407319537410 211.086823880721 3.62225998714579 -3.06619416670585 -6.01230038633332
2026-10-17T17:28:00.000 -3170.564014969350 -5889.626136503110 -1221.986087848340 4.74932533822468 -1.34199919805452 -5.85690143439466
2026-10-17T17:32:00.000 -1929.374005320180 -5993.826119269020 -2566.011023734820 5.53074583745440 0.47872804599878 -5.27487791882515
2026-10-17T17:36:00.000 -548.056297748457 -5662.756019138530 -3723.177659782560 5.91003632168131 2.26308330814802 -4.30941470000497
2026-10-17T17:40:00.000 873.045178368281 -4920.849922025180 -4609.476470019880 5.86039487854312 3.88157210879566 -3.03152820952047
2026-10-17T17:44:00.000 2230.885416160290 -3822.265233367810 -5160.734644968590 5.38617671438864 5.21746820492242 -1.53444190190316
2026-10-17T17:48:00.000 3427.146744788910 -2446.813883774970 -5337.124776353240 4.52209123135315 6.17491535485099 0.07343595159391
2026-10-17T17:52:00.000 4375.217394617100 -894.164511500903 -5125.901681026480 3.33038966935561 6.68519088091270 1.67611846694073
2026-10-17T17:56:00.000 5006.320890645390 723.248980220804 -4542.281526460360 1.89661686486749 6.71126225758770 3.15790856922890
2026-10-17T18:00:00.000 5274.450450050880 2288.201456787390 -3628.415342842440 0.32391474423582 6.25051529356266 4.41135606984891
2026-10-17T18:04:00.000 5159.779544321620 3687.059259369960 -2450.485555968810 -1.27395747082510 5.33542603799514 5.34488452803751
2026-10-17T18:08:00.000 4670.254808480330 4818.042023638170 -1094.039576279870 -2.78073274565734 4.03175658684370 5.88974967020260
2026-10-17T18:12:00.000 3841.172220876260 5598.725563994930 342.171646661945 -4.08618430447818 2.43413204406675 6.00539869891695
2026-10-17T18:16:00.000 2732.714322614350 5972.221158112660 1753.421899604990 -5.09452967105440 0.65939354096742 5.68302268379358
2026-10-17T18:20:00.000 1425.536337144150 5911.454870756690 3036.808978896230 -5.73207851919116 -1.16249660091659 4.94650019706320
2026-10-17T18:24:00.000 14.749870114440 5421.105314716850 4098.889899525180 -5.95274781236105 -2.89858311794003 3.85020976328991
2026-10-17T18:28:00.000 -1397.119225224050 4537.125457622100 4862.512958726600 -5.74117352655235 -4.42283084149765 2.47462200099121
2026-10-17T18:32:00.000 -2707.632399334070 3323.954201677730 5272.348968273220 -5.11333310139064 -5.62527503302198 0.91995553226308
2026-10-17T18:36:00.000 -3821.800452366300 1869.731553545130 5298.763629158650 -4.11489378418863 -6.41947067887065 -0.70115540136074
2026-10-17T18:40:00.000 -4658.838940504340 279.934787178117 4939.867455550410 -2.81789212138758 -6.74820480851483 -2.27147565043085
2026-10-17T18:44:00.000 -5157.937176155280 -1330.156785288140 4221.642017414280 -1.31575319966488 -6.58748410394768 -3.67733944234131
2026-10-17T18:48:00.000 -5282.648446826380 -2843.687410144770 3196.133671249830 0.28303023215486 -5.94830812223507 -4.81647524102545
2026-10-17T18:52:00.000 -5023.640518545690 -4150.645262876980 1937.813109512250 1.86237226125441 -4.87646291569683 -5.60547136594181
2026-10-17T18:56:00.000 -4399.507191881760 -5155.919694973390 538.251650441689 3.30706222036641 -3.44964180745701 -5.98617732875099
2026-10-17T19:00:00.000 -3455.528870782150 -5786.360306764380 -900.552210309591 4.51136892066024 -1.77203483775399 -5.93047963339924
2026-10-17T19:04:00.000 -2260.385638510060 -5996.231166779410 -2273.724522483550 5.38730276546345 0.03357349166555 -5.44267690769354
2026-10-17T19:08:00.000 -901.052033103283 -5770.566750308680 -3481.290895021080 5.87136289563807 1.83520349523474 -4.55901750029464
2026-10-17T19:12:00.000 523.680205581340 -5126.157324636600 -4435.533596942370 5.92911858576437 3.50189808380045 -3.34465996883165
2026-10-17T19:16:00.000 1910.468758572300 -4110.124941918130 -5067.324363013300 5.55720273828224 4.91336110857482 -1.88832576160024
2026-10-17T19:20:00.000 3158.876282554160 -2796.342504958820 -5330.994251736200 4.78298272113734 5.96820913155641 -0.29561042372800
2026-10-17T19:24:00.000 4178.525143845160 -1280.049476312560 -5207.501245542620 3.66238886323768 6.59077525913983 1.31850922212217
2026-10-17T19:28:00.000 4895.496292802440 328.958044262185 -4705.728656867580 2.27585682640505 6.73608108692199 2.83760912183416
2026-10-17T19:32:00.000 5257.598707453830 1914.101544961810 -3861.889860288270 0.72302609481316 6.39296910006744 4.15167162511511
2026-10-17T19:36:00.000 5238.204558704200 3360.332042086720 -2737.054100110810 -0.88394665030432 5.58535576406402 5.16484894486969
2026-10-17T19:40:00.000 4838.331226775920 4562.459040243520 -1412.870671096000 -2.42821760138166 4.37109788170109 5.80259339326398
2026-10-17T19:44:00.000 4086.738888555380 5432.911348092170 14.291489951977 -3.79692784071086 2.83829197052847 6.01764376717471
2026-10-17T19:48:00.000 3037.929333747750 5908.263216969380 1440.403395980380 -4.88977485484021 1.09881490995959 5.79385941758727
2026-10-17T19:52:00.000 1768.188537050460 5953.983140499790 2761.472698138470 -5.62675130168934 -0.71997018826590 5.14773288138486
2026-10-17T19:56:00.000 369.913169686564 5566.976260869410 3881.274486732850 -5.95443631792183 -2.48517969702418 4.12701531603225
2026-10-17T20:00:00.000 -1055.253803549270 4775.682468995630 4718.415671906850 -5.84959203868104 -4.06853274033517 2.80671272815954
2026-10-17T20:04:00.000 -2403.866152800030 3637.842676579310 5212.202965855920 -5.32046104770036 -5.35559703308044 1.28321260575538
2026-10-17T20:08:00.000 -3578.155324201560 2236.180636334790 5326.927757719010 -4.40575373128207 -6.25379613354138 -0.33295291973019
2026-10-17T20:12:00.000 -4493.006155874440 672.381936615063 5054.322087455610 -3.17153932163354 -6.69855486366973 -1.92496393818393
2026-10-17T20:16:00.000 -5081.999025230450 -940.170399236053 4414.119399023180 -1.70670055222650 -6.65754441879352 -3.37762404562706
2026-10-17T20:20:00.000 -5302.204103265290 -2484.479905683710 3452.698310912410 -0.11695415434600 -6.13321257269591 -4.58541297301149
2026-10-17T20:24:00.000 -5137.359554506120 -3848.349843385070 2239.839251724180 1.48246385007838 -5.16295307761798 -5.46003303671590
2026-10-17T20:28:00.000 -4599.192575047920 -4932.561001704890 863.761535409195 2.97498840878607 -3.81693084803121 -5.93714133109750
2026-10-17T20:32:00.000 -3726.693899407490 -5658.210148004590 -575.281574259129 4.25143740920862 -2.19327652146294 -5.98149430075748
2026-10-17T20:36:00.000 -2583.316309631740 -5972.599636171940 -1972.397065745600 5.21849303650746 -0.41083002896732 -5.58995017448997
2026-10-17T20:40:00.000 -1252.264563086910 -5853.126801944490 -3225.837481809990 5.80590536026701 1.40008981360222 -4.79165643795704
2026-10-17T20:44:00.000 169.696344425620 -5308.845243870580 -4244.500284008850 5.97157757486484 3.10768298878094 -3.64555218808874
2026-10-17T20:48:00.000 1579.371357671850 -4379.632424689740 -4954.543682697200 5.70428594335214 4.58843969270462 -2.23558056147246
2026-10-17T20:52:00.000 2874.637570793840 -3133.119357771610 -5304.631874963010 5.02402328856830 5.73593844318601 -0.66413913737946
2026-10-17T20:56:00.000 3961.734723777560 -1659.706461599500 -5269.479558889620 3.98002599745205 6.46787548752672 0.95532318234101
2026-10-17T21:00:00.000 4761.895072832140 -66.092185307547 -4851.593361939270 2.64728494585789 6.73151348939114 2.50598864773364
2026-10-17T21:04:00.000 5216.948288718130 1532.297400899500 -4081.113021171660 1.12148836518660 6.50729057347192 3.87571674715577
2026-10-17T21:08:00.000 5293.549196149880 3019.509906118830 -3013.756487067500 -0.48733299581075 5.81050670385741 4.96476989502474
2026-10-17T21:12:00.000 4985.734696118260 4287.425656508200 -1726.943786225330 -2.06238578505775 4.69084207980701 5.69319012969892
2026-10-17T21:16:00.000 4315.537867326400 5243.694962411120 -314.274291010194 -3.48861671586197 3.22930547878395 6.00702580163253
2026-10-17T21:20:00.000 3331.517492900000 5818.628327760800 1121.302000283420 -4.66149409078208 1.53255900922997 5.88287303527745
2026-10-17T21:24:00.000 2105.221504439450 5970.419036499540 2475.108769343790 -5.49520639764292 -0.27522120358549 5.32983677365828
2026-10-17T21:28:00.000 725.882737720401 5688.217928312590 3648.503251535270 -5.92910996553415 -2.06187787290727 4.38874990538730
2026-10-17T21:32:00.000 -706.200551027624 4992.849457214230 4556.145692201800 -5.93219171232714 -3.69730330001079 3.12889620193423
2026-10-17T21:36:00.000 -2087.058769931980 3935.123475364830 5132.197201499700 -5.50492663947917 -5.06325133083496 1.64237648903688
2026-10-17T21:40:00.000 -3316.567936333800 2591.986687695170 5334.967535973260 -4.67865202634585 -6.06137200977620 0.03714500821966
2026-10-17T21:44:00.000 -4305.610532803880 1060.916504505150 5149.822472739380 -3.51317785733355 -6.61990272100787 -1.57063680913163
2026-10-17T21:48:00.000 -4982.425216683570 -547.078689553583 4590.177754262300 -2.09247265658112 -6.69847711787351 -3.06472876795779
2026-10-17T21:52:00.000 -5297.742459341800 -2115.367126725750 3696.560733855340 -0.51896643891160 -6.29091497657086 -4.33674362100313
2026-10-17T21:56:00.000 -5228.409865947070 -3530.047889721340 2533.794525803090 1.09340988299464 -5.42610533265051 -5.29384010193508
2026-10-17T22:00:00.000 -4779.201357914850 -4688.230437678310 1186.414010578840 2.62726893584482 -4.16644189752422 -5.86567692382781
2026-10-17T22:04:00.000 -3982.608022518620 -5505.628008665790 -247.448462934818 3.97050306944309 -2.60363979584891 -6.01005284008361
2026-10-17T22:08:00.000 -2896.526240354100 -5922.834011153830 -1663.279553487600 5.02488116377438 -0.85200709443790 -5.71637588228777
2026-10-17T22:12:00.000 -1599.989311537320 -5909.725130339240 -2957.934698371190 5.71362395511164 0.96031998240287 -5.00655436474028
2026-10-17T22:16:00.000 -187.285517431735 -5467.608505345880 -4037.265342187820 5.98715886007206 2.70125068937844 -3.93311013905954
2026-10-17T22:20:00.000 1239.022399902460 -4628.962668718630 -4822.982808481160 5.82644057450220 4.24471319364188 -2.57477787090078
2026-10-17T22:24:00.000 2575.568045804030 -3454.892632976730 -5258.237109785060 5.24376037443770 5.47960279372982 -1.03036236908366
2026-10-17T22:28:00.000 3725.586878446150 -2030.601461039540 -5311.591681608290 4.28147275774645 6.31734071870584 0.58845163080167
2026-10-17T22:32:00.000 4605.783292052830 -459.247807159532 -4979.170967187430 3.00877970653064 6.69768068894351 2.16497291574828
2026-10-17T22:36:00.000 5152.232547883310 1145.370711888770 -4284.931967786990 1.51702113051723 6.59275522556687 3.58526679028651
2026-10-17T22:40:00.000 5324.998928919430 2666.899648829160 -3279.046361557820 -0.08637202785961 6.00930346690973 4.74612232390708
2026-10-17T22:44:00.000 5111.138606710060 3994.774828387070 -2034.423813432970 -1.68518774737102 4.98867515369988 5.56243230101751
2026-10-17T22:48:00.000 4525.830707229540 5032.310690450690 -641.548842069902 -3.16276264861726 3.60454590711045 5.97386378370125
2026-10-17T22:52:00.000 3611.415740287470 5703.890308629300 798.102238734857 -4.41086520800932 1.95774735293593 5.94977727252157
2026-10-17T22:56:00.000 2434.352048444550 5960.627966313460 2179.547797504530 -5.33806312976316 0.16878522483066 5.49181864527516
2026-10-17T23:00:00.000 1080.301374225450 5784.007316971490 3402.096686924870 -5.87678340025904 -1.63142035368448 4.63386046713247
2026-10-17T23:04:00.000 -352.244636904238 5187.170210570460 4376.793684305080 -5.98831073857332 -3.31164622204718 3.43913019420201
2026-10-17T23:08:00.000 -1759.237031232710 4213.803118000770 5032.895920149230 -5.66525781077866 -4.75016720062635 1.99517589619914
2026-10-17T23:12:00.000 -3038.641033368140 2934.779769274560 5322.909516819980 -4.93159313615101 -5.84341092531230 0.40694917651740
2026-10-17T23:16:00.000 -4097.735844098190 1442.956939497700 5225.877959035080 -3.84046470885274 -6.51278157491731 -1.21062390827199
2026-10-17T23:20:00.000 -4859.703050291290 -153.489464935517 4748.838849675880 -2.47050206859598 -6.70995868394419 -2.74054199204991
2026-10-17T23:24:00.000 -5269.134692051600 -1738.786101133620 3926.337765659370 -0.92045786983452 -6.42034087358183 -4.07192664710616
2026-10-17T23:28:00.000 -5296.066680187250 -3197.844730460600 2818.012022653880 0.69760119133741 -5.66426317705141 -5.10779176183209
2026-10-17T23:32:00.000 -4938.263918528550 -4424.580875803810 1504.394591289720 2.26603556378781 -4.49607437816560 -5.77210835132498
2026-10-17T23:36:00.000 -4221.538344778730 -5329.718538557480 81.127069612342 3.67025930361879 -3.00068301348457 -6.01587574258000
2026-10-17T23:40:00.000 -3197.947937028100 -5847.434441036870 -1348.055624249360 4.80754486729140 -1.28740524729703 -5.82111679580731
2026-10-17T23:44:00.000 -1941.976731664990 -5940.256707747700 -2679.011802541340 5.59496052120477 0.51836518106218 -5.20244256989037
2026-10-17T23:48:00.000 -544.986485563151 -5601.767820976840 -3814.908382535260 5.97563994240765 2.28489937262146 -4.20569474627845
2026-10-17T23:52:00.000 891.556173503742 -4856.929772673930 -4673.301239765190 5.92269845833539 3.88405977353996 -2.90412054368697
2026-10-17T23:56:00.000 2263.503236210850 -3760.085971863900 -5192.048376462920 5.44071568421656 5.20058493153798 -1.39256078286564
2026-10-18T00:00:00.000 3471.516018079920 -2390.890814710260 -5333.664552311140 4.56487028059676 6.13999156188866 0.21958864397019
2026-10-18T00:04:00.000 4428.113206302800 -848.543493730370 -5087.907608265880 3.35822042324682 6.63479101096497 1.81600591731083
2026-10-18T00:08:00.000 5063.879187364390 755.272862902214 -4472.481787388630 1.90738149246215 6.64903199694994 3.28146820206060
2026-10-18T00:12:00.000 5332.440754676870 2304.305593736580 -3531.831124189250 0.31671386647163 6.18087101284623 4.50963303774823
2026-10-18T00:16:00.000 5213.917133972080 3686.049358668220 -2334.091476101790 -1.29867240869531 5.26329665502722 5.41065887620134
2026-10-18T00:20:00.000 4716.531562532590 4799.936381242190 -966.283233674571 -2.82109907900632 3.96228948474665 5.91804753970246
2026-10-18T00:24:00.000 3876.187734402380 5564.786207256960 471.974697891600 -4.13906121877690 2.37248759081403 5.99406241086175
2026-10-18T00:28:00.000 2753.923397698810 5924.894242148050 1875.808095479230 -5.15600061315208 0.61016846321895 5.63293862158484
2026-10-18T00:32:00.000 1431.405727141950 5854.179138070610 3142.866724569200 -5.79765107289026 -1.19565952839965 4.86135330359779
2026-10-18T00:36:00.000 4.865567106017 5358.060816036860 4180.910615402270 -6.01766693048602 -2.91319488018717 3.73627974354616
2026-10-18T00:40:00.000 -1422.037171268950 4472.924654035920 4914.554755022270 -5.80078430940504 -4.41779807490153 2.34026666469950
2026-10-18T00:44:00.000 -2745.787335600560 3263.292419551580 5290.666355457630 -5.16336682764349 -5.60100593086643 0.77499496067480
2026-10-18T00:48:00.000 -3870.449469013060 1817.033360595220 5282.069782447670 -4.15179218877655 -6.37780040114284 -0.84618311026062
2026-10-18T00:52:00.000 -4714.488636701350 239.024790659171 4889.406940341440 -2.83896083447752 -6.69223739052002 -2.40613691040097
2026-10-18T00:56:00.000 -5216.573096154250 -1356.311494180710 4141.095923274810 -1.31942406152886 -6.52123725050936 -3.79185139752719
2026-10-18T01:00:00.000 -5340.040371296710 -2853.187538137400 3091.377800778770 0.29700673453983 -5.87662173995299 -4.90247465951060
2026-10-18T01:04:00.000 -5075.647956525730 -4142.811865234010 1816.491388770620 1.89298877522823 -4.80459198476262 -5.65667056380026
2026-10-18T01:08:00.000 -4442.385477186410 -5131.347391271200 409.219735560950 3.35205205773564 -3.38288759603666 -5.99884224020730
2026-10-18T01:12:00.000 -3486.204868847070 -5746.880716309540 -1027.883548467390 4.56744695213272 -1.71533179616961 -5.90373956613969
2026-10-18T01:16:00.000 -2276.671390890920 -5944.778971141160 -2390.083058229680 5.45042349347174 0.07602505564365 -5.37855642329867
2026-10-18T01:20:00.000 -901.790837578931 -5710.954989187540 -3578.227178070230 5.93702266570733 1.86034651396259 -4.46228770069457
2026-10-18T01:24:00.000 538.534476302416 -5062.774084192570 -4506.029533422110 5.99261548984640 3.50801282183202 -3.22239817737121
2026-10-18T01:28:00.000 1939.840941147080 -4047.605179852580 -5106.286222302880 5.61395593112722 4.90011135375826 -1.74940094105223
2026-10-18T01:32:00.000 3200.643545261980 -2739.233467366910 -5335.609798594280 4.82888992034738 5.93666212303497 -0.15004047377402
2026-10-18T01:36:00.000 4229.658989377580 -1232.483589064590 -5177.426198256320 3.69404081470310 6.54327908210691 1.46028579116890
2026-10-18T01:40:00.000 4952.263731126780 363.540237623041 -4643.112288521700 2.29085445076368 6.67602921479476 2.96535836866864
2026-10-18T01:44:00.000 5315.837434731300 1933.188969599360 -3771.238430583040 0.72019511875468 6.32467479714664 4.25612398021707
2026-10-18T01:48:00.000 5293.622716716380 3362.522814145810 -2624.913591006150 -0.90448237348440 5.51369108962824 5.23836374443393
2026-10-18T01:52:00.000 4886.830814674270 4547.558813437770 -1287.366730541460 -2.46498254391344 4.30118721117608 5.83974465997001
2026-10-18T01:56:00.000 4124.731805578630 5401.945598977810 144.036916873879 -3.84715434447398 2.77514044125920 6.01559790547682
2026-10-18T02:00:00.000 3062.626304840420 5863.425718146640 1564.932598008260 -4.94965495314363 1.04709335397566 5.75270148254526
2026-10-18T02:04:00.000 1777.793125502120 5898.500677487810 2871.704826706630 -5.69186575176617 -0.75640454595025 5.07048391214699
2026-10-18T02:08:00.000 363.738909594560 5504.868670681080 3969.179792117590 -6.02000653087305 -2.50360299304581 4.01936061940060
2026-10-18T02:12:00.000 -1076.743175162180 4711.467193730470 4777.606147739470 -5.91087568897890 -4.06755688303762 2.67654319309580
2026-10-18T02:16:00.000 -2439.104816977500 3576.198614228450 5238.391656741830 -5.37306810020791 -5.33528584616025 1.14004877621914
2026-10-18T02:20:00.000 -3624.592558326650 2181.591996763550 5318.231988541540 -4.44590022545249 -6.21567681139558 -0.47872462800276
2026-10-18T02:24:00.000 -4547.282232397710 628.810738796060 5011.388118995140 -3.19632374521696 -6.64543216374624 -2.06277495661693
2026-10-18T02:28:00.000 -5140.184063202590 -969.574483291065 4340.070362818800 -1.71427036526524 -6.59332272389942 -3.49753585833556
2026-10-18T02:32:00.000 -5360.062931140530 -2497.591872639170 3352.905639712360 -0.10668027268962 -6.06247963579943 -4.67871393476413
2026-10-18T02:36:00.000 -5190.675575013120 -3844.210094216170 2121.554318089590 1.50980928580304 -5.09079566337017 -5.51988116085717
2026-10-18T02:40:00.000 -4644.089910910800 -4911.459673265170 735.596564719349 3.01735945716558 -3.74861364056381 -5.95911848583906
2026-10-18T02:44:00.000 -3759.922409343010 -5621.681687586320 -703.986687774288 4.30571022405074 -2.13382988015909 -5.96399513472388
2026-10-18T02:48:00.000 -2602.478837239570 -5923.312460257040 -2092.267691191440 5.28072197345629 -0.36460305177178 -5.53428158265890
2026-10-18T02:52:00.000 -1255.987002249890 -5794.680463143330 -3328.148837716440 5.87155728466760 1.42971938590761 -4.70190351198366
2026-10-18T02:56:00.000 181.667195859546 -5245.507881828740 -4321.818504323730 6.03592075425514 3.11857073287025 -3.52830692684899
2026-10-18T03:00:00.000 1606.164763639990 -4316.014938495010 -5001.258244885700 5.76271369100438 4.57989099487862 -2.09933616421178
2026-10-18T03:04:00.000 2914.311439835420 -3073.829459523460 -5317.338568564280 5.07226917511930 5.70865313597349 -0.51869676722847
2026-10-18T03:08:00.000 4011.398995116050 -1609.024470132320 -5247.222357883300 4.01451271056235 6.42386730991628 1.09948533819182
2026-10-18T03:12:00.000 4817.912255180590 -27.672500859748 -4795.933763005660 2.66539222159067 6.67394376654779 2.63849393777062
2026-10-18T03:16:00.000 5275.189564164250 1555.670490662480 -3996.023987125740 1.12179174670474 6.44021226718204 3.98695533461806
2026-10-18T03:20:00.000 5349.706867475640 3026.112480875210 -2905.356862134040 -0.50489453296984 5.73866709937045 5.04657866469284
2026-10-18T03:24:00.000 5035.649127598540 4276.730854116440 -1603.075380121130 -2.09652801551564 4.61941216059142 5.73947829719265
2026-10-18T03:28:00.000 4355.510111840970 5216.427671151190 -183.935229647675 -3.53681519322695 3.16347600198379 6.01431448826608
2026-10-18T03:32:00.000 3358.581949675380 5776.719293410010 1248.617500955790 -4.72018506787065 1.47712425456388 5.85052399546704
2026-10-18T03:36:00.000 2117.375568413760 5916.872653779210 2590.105048219090 -5.55998608395128 -0.31615332223697 5.26015682398744
2026-10-18T03:40:00.000 722.238076557403 5626.908368972820 3742.786366974500 -5.99517903451157 -2.08523256809088 4.28689485945783
2026-10-18T03:44:00.000 -725.373296898784 4928.227398679560 4622.852013990200 -5.99472711294881 -3.70138566721935 3.00234669819217
2026-10-18T03:48:00.000 -2120.354600006140 3871.882531051160 5166.477464437600 -5.55937174252695 -5.04772041532304 1.50037042947206
2026-10-18T03:52:00.000 -3361.562146809130 2534.728281295080 5334.343045259370 -4.72110696306261 -6.02736045785338 -0.10994665790152
2026-10-18T03:56:00.000 -4359.040146862400 1013.799854700880 5114.352733179230 -3.54058823130409 -6.56991830244270 -1.71216049776239
2026-10-18T04:00:00.000 -5040.415578013460 -580.635964805211 4522.445387337900 -2.10283757631112 -6.63615938223873 -3.19042152057817
2026-10-18T04:04:00.000 -5356.082723740850 -2132.936632034800 3601.489707897270 -0.51148360506849 -6.22081471186583 -4.43747881495644
2026-10-18T04:08:00.000 -5282.847724913800 -3530.364201064490 2418.298896922040 1.11825114211292 -5.35329879862115 -5.36226645594396
2026-10-18T04:12:00.000 -4825.763656720480 -4671.274232299310 1058.900734260770 2.66765205592261 -4.09618667248643 -5.89677643097022
2026-10-18T04:16:00.000 -4017.901344991400 -5472.632399235970 -377.686644817716 4.02344669066021 -2.54105568861766 -6.00151933526251
2026-10-18T04:20:00.000 -2917.988295680380 -5876.205826080370 -1786.746299688750 5.08648548937061 -0.80169239277839 -5.66883084756765
2026-10-18T04:24:00.000 -1606.072437185440 -5852.876208390710 -3065.634321522330 5.77940004100080 0.99465662564535 -4.92352057286376
2026-10-18T04:28:00.000 -177.555426978926 -5404.695992802670 -4121.364180728070 6.05236000962872 2.71714741817380 -3.82067366871704
2026-10-18T04:32:00.000 1263.856080755100 -4564.571384568160 -4877.369038981420 5.88633763190505 4.24107145026928 -2.44112205764182
2026-10-18T04:36:00.000 2613.703437706740 -3393.700169194470 -5278.958134799620 5.29403657432658 5.45676863764780 -0.88516657213610
2026-10-18T04:40:00.000 3774.255851672590 -1977.032724725340 -5297.119160918020 4.31842509008562 6.27703374336768 0.73476574595466
2026-10-18T04:44:00.000 4661.430810680210 -417.169988533114 -4930.507706654130 3.02960995758851 6.64280518603355 2.30184996010728
2026-10-18T04:48:00.000 5210.769617612110 1172.913283820690 -4205.553059695670 1.52010381619313 6.52722166096716 3.70279102991164
2026-10-18T04:52:00.000 5382.102347067900 2677.893869661200 -3174.662032289870 -0.10133536146486 5.93776103119226 4.83568797088694
2026-10-18T04:56:00.000 5162.577632526570 3988.386396136590 -1912.582083160860 -1.71713707200816 4.91622228115304 5.61743562593176
2026-10-18T05:00:00.000 4567.792133516160 5008.946835431740 -511.098721747749 -3.20929124597761 3.53641253643397 5.99013247901876
2026-10-18T05:04:00.000 3640.799201126210 5665.203261232580 927.649724852800 -4.46849945051484 1.89898947923191 5.92602190819199
2026-10-18T05:08:00.000 2448.989981798280 5909.412501614420 2298.735063713660 -5.40254931676323 0.12378819579491 5.42977724923230
2026-10-18T05:12:00.000 1079.111209197170 5723.986995649100 3502.230311978000 -5.94338484848490 -1.65934374171920 4.53810453293464
2026-10-18T05:16:00.000 -369.184199340361 5122.713986256860 4450.583916292930 -6.05215330962439 -3.32047047741973 3.31671012121442
2026-10-18T05:20:00.000 -1790.699170908290 4149.596349922910 5074.979880886150 -5.72169548538446 -4.73927056256282 1.85499063399855
2026-10-18T05:24:00.000 -3082.340551445030 2875.492305980400 5330.229814070400 -4.97651136780539 -5.81355672890943 0.25921374413634
2026-10-18T05:28:00.000 -4150.500101391690 1392.905876593980 5197.914725824320 -3.87063232631822 -6.46614219601928 -1.35512007391777
2026-10-18T05:32:00.000 -4917.709750654680 -190.665154671596 4687.641030124230 -2.48375363658714 -6.64996391849698 -2.87132104858055
2026-10-18T05:36:00.000 -5328.179570494160 -1760.387990621050 3836.358816348080 -0.91579895287594 -6.35134223094332 -4.17952816978409
2026-10-18T05:40:00.000 -5351.859692883870 -3202.302902444830 2705.799022169810 0.71987044804496 -5.59127882527001 -5.18432314003223
2026-10-18T05:44:00.000 -4986.751283619880 -4411.581583341550 1378.127862242410 2.30428104492600 -4.42447466786636 -5.81197999312675
2026-10-18T05:48:00.000 -4259.193577208960 -5300.226337041680 -49.990670674133 3.72172948325284 -2.93567815210117 -6.01617673597014
2026-10-18T05:52:00.000 -3222.033420471850 -5803.613816560300 -1474.463643862270 4.86845961163535 -1.23374642198501 -5.78181469677045
2026-10-18T05:56:00.000 -1950.748237777040 -5885.323632241820 -2791.497803217560 5.66088357161084 0.55674018824642 -5.12644618936922
2026-10-18T06:00:00.000 -537.811242203128 -5539.749674354410 -3905.287731789620 6.04180187767799 2.30521757900217 -4.09860266515147
2026-10-18T06:04:00.000 914.158633851428 -4792.357196197730 -4735.009766619360 5.98431931023415 3.88491172344284 -2.77374813610451
2026-10-18T06:08:00.000 2299.897876990760 -3697.656789682250 -5220.604936433870 5.49332483530954 5.18198815225575 -1.24834213334370
2026-10-18T06:12:00.000 3519.063452140660 -2335.131768874640 -5326.984101177370 4.60462991337109 6.10335445719548 0.36723755878644
2026-10-18T06:16:00.000 4483.354640524340 -803.484625353553 -5046.442924757020 3.38216618916056 6.58279778347466 1.95647378512230
2026-10-18T06:20:00.000 5122.771470937730 786.371404622183 -4399.192856039500 1.91366103059018 6.58538215652740 3.40457784745914
2026-10-18T06:24:00.000 5390.655182579500 2319.177502349720 -3431.995014555420 0.30480917139086 6.11010885907220 4.60638930972171
2026-10-18T06:28:00.000 5267.163150780130 3683.587557978260 -2214.932565167510 -1.32791280514249 5.19048582133135 5.47392000779197
2026-10-18T06:32:00.000 4760.885304273880 4780.284467247650 -836.460469764751 -2.86550002672887 3.89273220309793 5.94309445504906
2026-10-18T06:36:00.000 3908.382635507920 5529.342383744330 603.003414768883 -4.19534517107857 2.31124792297140 5.97898045109510
2026-10-18T06:40:00.000 2771.603519974680 5876.217872416750 1998.475419266860 -5.21991737597790 0.56184845944246 5.57878267833882
2026-10-18T06:44:00.000 1433.292471298350 5795.835545808020 3248.228773726240 -5.86455661418781 -1.22739857518865 4.77220305627826
2026-10-18T06:48:00.000 -9.186289727507 5294.331586303350 4261.312084939590 -6.08278072480871 -2.92607632223140 3.61870643227405
2026-10-18T06:52:00.000 -1451.026123522560 4408.463173461260 4964.167042229120 -5.85937826317726 -4.41099086823357 2.20282352813688
2026-10-18T06:56:00.000 -2787.621260534280 3202.789882635510 5305.896425210350 -5.21116122980424 -5.57502406913015 0.62766542431102
2026-10-18T07:00:00.000 -3922.100278470090 1764.891720432680 5261.819770956160 -4.18530038380370 -6.33452758718616 -0.99272181157125
2026-10-18T07:04:00.000 -4772.211349159480 199.042514092811 4835.154940740330 -2.85574795473380 -6.63480360700845 -2.54121612220212
2026-10-18T07:08:00.000 -5276.183883622550 -1381.222478928030 4056.794093209240 -1.31826547992920 -6.45384829173891 -3.90566533586322
2026-10-18T07:12:00.000 -5397.207112563230 -2861.214527177970 2983.160001587150 0.31609631405653 -5.80416527881537 -4.98672668427664
2026-10-18T07:16:00.000 -5126.208820143010 -4133.367870836080 1692.247520954660 1.92860111075144 -4.73235987046240 -5.70514147660159
2026-10-18T07:20:00.000 -4482.667819302520 -5105.132565910750 278.017406454640 3.40157722291953 -3.31622390798431 -6.00801138889081
2026-10-18T07:24:00.000 -3513.281252175680 -5705.828865647630 -1156.476293648370 4.62729626464887 -1.65911391334787 -5.87295859594591
2026-10-18T07:28:00.000 -2288.577249577160 -5891.910741377620 -2506.694625916240 5.51622265713773 0.11767131630958 -5.31012047234307
2026-10-18T07:32:00.000 -897.665118027300 -5650.154578116410 -3674.376639451530 6.00400769061801 1.88440289194094 -4.36125852243441
2026-10-18T07:36:00.000 558.393913799261 -4998.495075934220 -4574.742576611820 6.05595356258459 3.51278419099706 -3.09619171769832
2026-10-18T07:40:00.000 1974.001936250320 -3984.535330561240 -5142.590298659320 5.66907325321449 4.88533572548545 -1.60717356688054
2026-10-18T07:44:00.000 3246.638595511340 -2681.956160875340 -5336.876967972130 4.87178576522259 5.90346320968983 -0.00206084806080
2026-10-18T07:48:00.000 4284.158610176900 -1185.154748996860 -5143.558586835250 3.72157850982116 6.49408532724726 1.60331792569884
2026-10-18T07:52:00.000 5011.310841142200 397.492351523125 -4576.552431208280 2.30096461334029 6.61442395349649 3.09310627702441
2026-10-18T07:56:00.000 5375.125298379390 1951.300549341440 -3676.797520165180 0.71207468106805 6.25506761316156 4.35928958860624
2026-10-18T08:00:00.000 5348.819790644410 3363.466334456070 -2509.441425414660 -0.93024491569998 5.44109919884092 5.30937731039149
2026-10-18T08:04:00.000 4933.904895327530 4531.248568595310 -1159.262479538170 -2.50648686327444 4.23088362576946 5.87333527776498
2026-10-18T08:08:00.000 4160.254754605930 5369.561453848150 275.431376801520 -3.90131402519640 2.71233094084842 6.00925827074458
2026-10-18T08:12:00.000 3084.021651779680 5817.340143486370 1690.032017574470 -5.01250138512106 0.99643245198862 5.70690831075667
2026-10-18T08:16:00.000 1783.520059648600 5842.101440892120 2981.389501963570 -5.75878703017819 -0.79114785362864 4.98862686659621
2026-10-18T08:20:00.000 353.398454540491 5442.313195087580 4055.478786907150 -6.08618439903127 -2.51985488927720 3.90754541866521
2026-10-18T08:24:00.000 -1102.405452044100 4647.355762258250 4834.279066107700 -5.97162312845984 -4.06422595529214 2.54298667838669
2026-10-18T08:28:00.000 -2478.252644670650 3515.207995149170 5261.352590843970 -5.42400561577979 -5.31278262267128 0.99436405030791
2026-10-18T08:32:00.000 -3674.402170207230 2128.148302132290 5305.818105377100 -4.48325547507382 -6.17567353402834 -0.62604248811028
2026-10-18T08:36:00.000 -4604.137896193370 586.790520831220 4964.489958317930 -3.21731200724590 -6.59081150382389 -2.20108423718391
2026-10-18T08:40:00.000 -5199.940624107010 -997.111971505911 4262.075095168540 -1.71730520190896 -6.52798379406351 -3.61677866575452
2026-10-18T08:44:00.000 -5418.355600732510 -2508.628836515240 3249.471588861320 -0.09152316232029 -5.99115136384175 -4.77015213594364
2026-10-18T08:48:00.000 -5243.245667917040 -3837.926618115060 2000.208725246720 1.54204693575340 -5.01866749399078 -5.57678469149927
2026-10-18T08:52:00.000 -4687.102115090110 -4888.297163054390 605.186008523160 3.06426747338383 -3.68095667579584 -5.97728964602757
2026-10-18T08:56:00.000 -3790.255765879910 -5583.326193108390 -833.951164053941 4.36380819570754 -2.07566711479883 -5.94214088764353
2026-10-18T09:00:00.000 -2617.943874272530 -5872.577629296360 -2212.321605621780 5.34576995758892 -0.32024567892645 -5.47406889277382
2026-10-18T09:04:00.000 -1255.474525056630 -5735.293609892590 -3429.571522538750 5.93885080325040 1.45702545541118 -4.60781878390577
2026-10-18T09:08:00.000 198.113821165803 -5181.823175001010 -4397.266333685730 6.10060954739481 3.12686793266018 -3.40726752433178
2026-10-18T09:12:00.000 1637.355794926640 -4252.689311695380 -5045.290266079620 5.82015629425760 4.56862995493315 -1.96017201082984
2026-10-18T09:16:00.000 2957.999928660000 -3015.480422318770 -5326.795700012460 5.11834323256043 5.67870174097795 -0.37148786271807
2026-10-18T09:20:00.000 4064.439758455090 -1559.897948200900 -5221.447457428590 4.04590080996170 6.37743671127336 1.24409980054382
2026-10-18T09:24:00.000 4876.483962826380 8.660297996661 -4736.814570103870 2.67981206456027 6.61441075823967 2.77005503624837
2026-10-18T09:28:00.000 5335.064766096330 1576.570384982580 -3907.867628780980 1.11815863323317 6.37192577223207 4.09588966667119
2026-10-18T09:32:00.000 5406.553790785080 3030.067365842290 -2794.586750073230 -0.52634617680901 5.66660858719093 5.12493823767206
2026-10-18T09:36:00.000 5085.353406039370 4263.463384075160 -1477.766001022640 -2.13423192049595 4.54883092728344 5.78153323387403
2026-10-18T09:40:00.000 4394.481418397890 5186.918798851000 -53.228086046650 -3.58799708156551 3.09955168347517 6.01695930318922
2026-10-18T09:44:00.000 3384.021557430730 5733.151125415100 1375.182567242900 -4.78107917596891 1.42462284279810 5.81358684050816
2026-10-18T09:48:00.000 2127.469076597430 5862.475327474070 2703.306309994980 -5.62621033665889 -0.35334181525044 5.18642555925279
2026-10-18T09:52:00.000 716.272382270020 5565.705269083420 3834.396633433990 -6.06197564474254 -2.10441475268415 4.18181722949675
2026-10-18T09:56:00.000 -746.959026578625 4864.729110179770 4686.235071982930 -6.05731806144336 -3.70122953683238 2.87364422017043
2026-10-18T10:00:00.000 -2156.006932315780 3810.740568494230 5197.062012281000 -5.61329895066117 -5.02839685197212 1.35740770841977
2026-10-18T10:04:00.000 -3408.716651512200 2480.377968370360 5329.923326679950 -4.76242673741719 -5.99044628304918 -0.25694082565784
2026-10-18T10:08:00.000 -4414.273164342400 970.162326726077 5075.224485618480 -3.56615299232589 -6.51809264388782 -1.85265450239637
2026-10-18T10:12:00.000 -5099.682122774720 -610.404674723509 4451.402527414520 -2.11065639876780 -6.57309585103206 -3.31426420643903
2026-10-18T10:16:00.000 -5415.016082054820 -2146.659196363320 3503.644292974480 -0.50090818353809 -6.15095416974266 -4.53561083559309
2026-10-18T10:20:00.000 -5337.101925189960 -3527.000815582830 2300.734959830770 1.14642596574933 -5.28164316108276 -5.42742796798888
2026-10-18T10:24:00.000 -4871.341425566830 -4651.020619357880 930.168546842495 2.71132319098158 -4.02795561563076 -5.92409741090287
2026-10-18T10:28:00.000 -4051.459335048440 -5436.923106146680 -508.200855579641 4.07930935226628 -2.48129781993104 -5.98896358631398
2026-10-18T10:32:00.000 -2937.082136764490 -5827.623232131540 -1909.531683978920 5.15041676002695 -0.75483198126062 -5.61738643084085
2026-10-18T10:36:00.000 -1609.317756286930 -5794.948552799110 -3171.760939309750 5.84672984926457 1.02519488762154 -4.83700118104368
2026-10-18T10:40:00.000 -164.724682948870 -5341.634763023770 -4203.130645058090 6.11818317777000 2.72912424044143 -3.70544458909601
2026-10-18T10:44:00.000 1291.826036131910 -4500.963768461590 -4928.861622011870 5.94591146629810 4.23362551525245 -2.30561036419163
2026-10-18T10:48:00.000 2654.785208096050 -3334.168944367690 -5296.468449996400 5.34307182317794 5.43045107353606 -0.73921857637173
2026-10-18T10:52:00.000 3825.482182138320 -1925.903159405280 -5279.404355833550 4.35341832884833 6.23376720634685 0.88057862972393
2026-10-18T10:56:00.000 4719.107298920680 -378.153538036010 -4878.874257598710 3.04804063496926 6.58574801535936 2.43697681654090
2026-10-18T11:00:00.000 5270.733308296550 1196.987176543060 -4123.761044561820 1.52061138235013 6.46051044922964 3.81745370826114
2026-10-18T11:04:00.000 5440.018905909090 2685.275020351000 -3068.663095437270 -0.11879302095285 5.86621435765951 4.92150294109049
2026-10-18T11:08:00.000 5214.268300306080 3978.541446191630 -1790.106513876560 -1.75124423587276 4.84512019077717 5.66808327137801
2026-10-18T11:12:00.000 4609.533190050380 4982.619495788320 -381.081947946528 -3.25759640071686 3.47100005224521 6.00194791336907
2026-10-18T11:16:00.000 3669.586999086750 5624.343177317700 1055.727280233830 -4.52746958479741 1.84404257749495 5.89814760274975
2026-10-18T11:20:00.000 2462.773405101030 5857.038141995480 2415.538805747370 -5.46785222882029 0.08338604886643 5.36429394674901
2026-10-18T11:24:00.000 1076.929110982420 5663.974754187600 3599.268189696050 -6.01033887004474 -1.68220299401872 4.43989746216307
2026-10-18T11:28:00.000 -387.158058329827 5059.492872116050 4520.826434153860 -6.11600502553359 -3.32421116516743 3.19298818302607
2026-10-18T11:32:00.000 -1823.161565330990 4087.801431842790 5113.352762089240 -5.77785539533517 -4.72373550343291 1.71474883708298
2026-10-18T11:36:00.000 -3126.948182757080 2819.625606356710 5333.969618041630 -5.02094233091474 -5.78002458172854 0.11258614209135
2026-10-18T11:40:00.000 -4204.022303369480 1346.999629106310 5166.745491332460 -3.90000617457128 -6.41718347480688 -1.49766329786703
2026-10-18T11:44:00.000 -4976.229433597170 -223.311289436321 4623.778463460970 -2.49573869063666 -6.58906844709181 -2.99957047916312
2026-10-18T11:48:00.000 -5387.374303248060 -1777.407682518430 3744.381535955440 -0.90939013681314 -6.28278909300255 -4.28412337310914
2026-10-18T11:52:00.000 -5407.340737043170 -3202.431048579460 2592.346907037890 0.74421925636945 -5.51990439890722 -5.25758090295564
2026-10-18T11:56:00.000 -5034.404262550710 -4394.748322122410 1251.427106057460 2.34474423981615 -4.35535929291764 -5.84842429785862
2026-10-18T12:00:00.000 -4295.503152922290 -5267.587433540100 -180.712779998443 3.77518928307671 -2.87391410976904 -6.01303491549903
2026-10-18T12:04:00.000 -3244.343385194390 -5757.501988881220 -1599.679859553670 4.93093988556866 -1.18392367011857 -5.73936070896267
2026-10-18T12:08:00.000 -1957.436716528400 -5829.064831296050 -2902.094818249360 5.72778614314057 0.59095383238022 -5.04782964787050
2026-10-18T12:12:00.000 -528.398681776981 -5477.416499546780 -3993.230476372510 6.10825545240917 2.32131048658959 -3.98959449925363
2026-10-18T12:16:00.000 938.982168646471 -4728.468991394830 -4793.921339961880 6.04550978587824 3.88169858386450 -2.64231009113530
2026-10-18T12:20:00.000 2338.326971075800 -3636.846817036290 -5246.225586781540 5.54482758919351 5.15970849394895 -1.10404833050583
2026-10-18T12:24:00.000 3568.309845531930 -2281.808885697880 -5317.473934789030 4.64272882105726 6.06361803533046 0.51391612879441
2026-10-18T12:28:00.000 4539.853327288090 -761.516243195910 -5002.510599603110 3.40413789739439 6.52849320566503 2.09490542406981
2026-10-18T12:32:00.000 5182.436557410040 813.944469245151 -4324.038820765390 1.91791308030731 6.52045586760085 3.52474673810392
2026-10-18T12:36:00.000 5449.166801084130 2330.358462436190 -3331.081539302570 0.29099403771595 6.03926367836519 4.69956806202704
2026-10-18T12:40:00.000 5320.275494968320 3677.565255674270 -2095.600371642160 -1.35881624153771 5.11884018671972 5.53328207101382
2026-10-18T12:44:00.000 4804.747425227210 4757.494084734030 -707.407318099682 -2.91119357485592 3.82551309028174 5.96423476113615
2026-10-18T12:48:00.000 3939.832152119110 5491.458815857200 732.360816352020 -4.25246593898981 2.25347873883279 5.96037255386809
2026-10-18T12:52:00.000 2788.376133278520 5826.034872485270 2118.710844788600 -5.28436006506211 0.51773796261083 5.52184338924012
2026-10-18T12:56:00.000 1434.188312609650 5737.034200476970 3350.588220564040 -5.93160672467326 -1.25466308378802 4.68109389748649
2026-10-18T13:00:00.000 -24.207316919145 5231.223381472910 4338.354195653500 -6.14757348925455 -2.93448516313481 3.50014506696078
2026-10-18T13:04:00.000 -1480.861862629770 4345.667770355120 5010.311911592370 -5.91730401766288 -4.40001358469700 2.06546923609630
2026-10-18T13:08:00.000 -2830.110293108530 3144.878162345540 5317.800885177670 -5.25803315903037 -5.54556472768759 0.48141062004228
2026-10-18T13:12:00.000 -3974.158621778830 1716.057949775260 5238.609705086610 -4.21767292720971 -6.28881683764770 -1.13731781765788
2026-10-18T13:16:00.000 -4830.038851409250 162.801563948611 4778.486753743710 -2.87112552638026 -6.57621206165225 -2.67375358836284
2026-10-18T13:20:00.000 -5335.519293783360 -1402.266056059220 3970.734312567940 -1.31535356502637 -6.38653776243253 -4.01656170111093
2026-10-18T13:24:00.000 -5453.651752684660 -2865.525024733890 2873.915099425680 0.33712293869576 -5.73286662053799 -5.06785023489689
2026-10-18T13:28:00.000 -5175.575108431800 -4120.594365551600 1567.727617719570 1.96619387074589 -4.66213826728171 -5.75051613669245
2026-10-18T13:32:00.000 -4521.295980108120 -5076.138983131930 147.270109588024 3.45288879381185 -3.25210979664477 -6.01418825577288
2026-10-18T13:36:00.000 -3538.331188454230 -5662.662532829560 -1283.921502480790 4.68842823485733 -1.60586215878571 -5.83943878619198
2026-10-18T13:40:00.000 -2298.220805505110 -5837.671927305670 -2621.551487646070 5.58268791398774 0.15612324128219 -5.23938078494255
2026-10-18T13:44:00.000 -891.202414732862 -5588.758806050180 -3768.282703643430 6.07094263598221 1.90522321444043 -4.25848171957592
2026-10-18T13:48:00.000 580.489963136434 -4934.383884255090 -4640.867955642090 6.11850308133145 3.51445797230624 -2.96887553591690
2026-10-18T13:52:00.000 2010.123604116310 -3922.344739256190 -5176.126124357660 5.72269000808066 4.86775834285196 -1.46456397649148
2026-10-18T13:56:00.000 3294.156116139960 -2626.177729944710 -5335.377761173090 4.91254528638296 5.86793344934088 0.14551509992198
2026-10-18T14:00:00.000 4339.602962148630 -1139.814333695950 -5107.113868837610 3.74646811411122 6.44315089578334 1.74518169445230
2026-10-18T14:04:00.000 5070.629376733340 429.115644635300 -4507.784761213060 2.30815912887408 6.55174131341063 3.21895950305371
2026-10-18T14:08:00.000 5433.978698698510 1966.915462788130 -3580.676084079790 0.70101759378820 6.18515174837672 4.45999609016164
2026-10-18T14:12:00.000 5402.890896811850 3361.930456956420 -2392.925390109900 -0.95879914680915 5.36894825317482 5.37757267736855
2026-10-18T14:16:00.000 4979.221393284180 4512.647988565650 -1030.814526193320 -2.55043323638656 4.16169379263556 5.90394516818428
2026-10-18T14:20:00.000 4193.495937585830 5335.220459325250 406.452506510696 -3.95736050326891 2.65116603966631 5.99995015495859
2026-10-18T14:24:00.000 3102.770742914410 5769.746432254270 1814.066703904610 -5.07647579930978 0.94785393040279 5.65836326759473
2026-10-18T14:28:00.000 1786.424478389060 5784.732175306920 3089.399335861520 -5.82605521447926 -0.82353403580316 4.90445387140856
2026-10-18T14:32:00.000 340.250450168304 5379.361900756160 4139.603256761510 -6.15186273465634 -2.53370296672854 3.79389895411672
2026-10-18T14:36:00.000 -1130.642069780670 4583.419221417540 4888.407315306150 -6.03091501098216 -4.05853844574212 2.40820261170459
2026-10-18T14:40:00.000 -2519.519621727430 3454.951531801400 5281.571045809220 -5.47265174141322 -5.28800129008895 0.84828943035602
2026-10-18T14:44:00.000 -3725.709733695850 2075.957023975510 5290.676114787420 -4.51777134179819 -6.13366236313857 -0.77285469506975
2026-10-18T14:48:00.000 -4661.768694699680 546.451373036810 4915.090515813680 -3.23516056043645 -6.53466445457178 -2.33801174713848
2026-10-18T14:52:00.000 -5259.705248004040 -1022.681198215820 4182.004750409600 -1.71711988552300 -6.46179618319846 -3.73387918624698
2026-10-18T14:56:00.000 -5475.894040801500 -2517.582810073170 3144.547169192680 -0.07325335025884 -5.91971968905922 -4.85890380762329
2026-10-18T15:00:00.000 -5294.344133240370 -3829.619994833020 1878.058754158880 1.57710865431466 -4.94713574271615 -5.63068995104024
2026-10-18T15:04:00.000 -4728.016862367970 -4863.333554998660 474.704597461283 3.11355116280286 -3.61452156131628 -5.99238113235534
2026-10-18T15:08:00.000 -3817.989885683290 -5543.518198490560 -963.250973407947 4.42367885879632 -2.01916373049737 -5.91725640193197
2026-10-18T15:12:00.000 -2630.476476460880 -5820.827277543960 -2331.005610043540 5.41179652605971 -0.27784832621722 -5.41104355183850
2026-10-18T15:16:00.000 -1251.900757325820 -5675.384595654890 -3528.994681558070 6.00623215481374 1.48220432421288 -4.51132929685380
2026-10-18T15:20:00.000 217.534903211221 -5118.129736072500 -4470.201948446500 6.16449000321558 3.13304807292206 -3.28437752825190
2026-10-18T15:24:00.000 1671.221071049370 -4189.842042611890 -5086.441195306570 5.87590842748628 4.55545880631218 -1.81979761491539
2026-10-18T15:28:00.000 3003.853116750360 -2958.025713251650 -5333.162864274580 5.16186827235395 5.64721557085406 -0.22375012813048
2026-10-18T15:32:00.000 4118.935499752330 -1511.979435465400 -5192.537893081740 4.07393507061946 6.32993446521193 1.38855392448137
2026-10-18T15:36:00.000 4935.620787416060 43.584904591236 -4674.682787504650 2.69020373695867 6.55427386408519 2.90076403300616
2026-10-18T15:40:00.000 5394.485367447940 1595.966404384340 -3816.982021532890 1.11011509357101 6.30343857240723 4.20333021071762
2026-10-18T15:44:00.000 5461.872800095020 3032.511650443090 -2681.510640250100 -0.55228304123740 5.59467727591508 5.20128216574222
2026-10-18T15:48:00.000 5132.472552259490 4248.743869847010 -1350.688127168890 -2.17620998175622 4.47858898793229 5.82113430624555
2026-10-18T15:52:00.000 4429.900127817570 5156.052734001240 78.613816548864 -3.64290883857026 3.03605833986762 6.01679264730595
2026-10-18T15:56:00.000 3405.115160067880 5688.328094635890 1502.174104816330 -4.84478900271233 1.37253080271953 5.77357391322387
2026-10-18T16:00:00.000 2132.689779259040 5806.917372741550 2816.175999066010 -5.69395019482671 -0.39013659685404 5.10948425257057
2026-10-18T16:04:00.000 705.245958858664 5503.444638291290 3924.913217519960 -6.12880799580290 -2.12312888635625 4.07363378390334
2026-10-18T16:08:00.000 -773.430341328506 4800.297095839750 4747.813468670770 -6.11841006767256 -3.70050725760382 2.74215520117903
2026-10-18T16:12:00.000 -2195.999438110800 3748.820285574790 5225.231267324990 -5.66418927497336 -5.00831205012708 1.21218785982963
2026-10-18T16:16:00.000 -3459.320266579940 2425.473600000960 5322.647112520850 -4.79943841596742 -5.95242208110019 -0.40528903457383
2026-10-18T16:20:00.000 -4471.821526130200 926.268271715309 5033.049848193740 -3.58666468026802 -6.46493018892979 -1.99336305755081
2026-10-18T16:24:00.000 -5160.010541451690 -640.101301727034 4377.405449237400 -2.11317218674712 -6.50867052362377 -3.43711931346226
2026-10-18T16:28:00.000 -5473.757831363070 -2160.005682722720 3403.216607632850 -0.48525182795416 -6.07996095441673 -4.63165757670424
2026-10-18T16:32:00.000 -5390.009277246620 -3523.038319049220 2181.199860859170 1.17908376923992 -5.20928487066982 -5.48963409241663
2026-10-18T16:36:00.000 -4914.601377602490 -4630.063126513880 800.244625330264 2.75856560654064 -3.95956796632997 -5.94794069921404
2026-10-18T16:40:00.000 -4081.963890208570 -5400.538389978040 -639.044042201913 4.13771354346079 -2.42191831732133 -5.97273337763965
2026-10-18T16:44:00.000 -2952.650456048460 -5778.517139034240 -2031.762575552490 5.21572019950976 -0.70886266793357 -5.56230102707069
2026-10-18T16:48:00.000 -1608.854747761540 -5736.772216671660 -3276.495062804440 5.91422099451258 1.05434715685719 -4.74719615673333
2026-10-18T16:52:00.000 -148.281276447954 -5278.700669012090 -4282.787470436910 6.18306646956557 2.73939536915606 -3.58755803002253
2026-10-18T16:56:00.000 1323.062622871590 -4437.907528492550 -4977.699653800970 6.00356807258584 4.22439092172724 -2.16823741761222
2026-10-18T17:00:00.000 2698.571132942310 -3275.600011811800 -5310.979785982440 5.38934989341048 5.40254536661143 -0.59225793456991
2026-10-18T17:04:00.000 3878.655822531560 -1876.071128143590 -5258.546086789510 4.38487310356468 6.18931521673838 1.02658896406225
2026-10-18T17:08:00.000 4777.797213092910 -340.663410142421 -4824.143221865070 3.06224845790440 6.52796880987889 2.57152772170287
2026-10-18T17:12:00.000 5330.634575423080 1219.414652228360 -4039.102801560460 1.51642441365577 6.39351981494713 3.93076813641892
2026-10-18T17:16:00.000 5496.719516474700 2690.995201248210 -2960.204946753060 -0.14112186104807 5.79482060253829 5.00530460199148
2026-10-18T17:20:00.000 5263.578170342920 3967.112273570540 -1665.714949915440 -1.79013555747564 4.77446335847015 5.71624262492744
2026-10-18T17:24:00.000 4647.789967844970 4954.828645326730 -249.794098208973 -3.31025230955153 3.40612548713840 6.01088365646802
2026-10-18T17:28:00.000 3693.934733976860 5582.149731374720 1184.345375010790 -4.58999899320850 1.78962838153276 5.86708385816498
2026-10-18T17:32:00.000 2471.388834423210 5803.448556120480 2532.092175185370 -5.53561058206293 0.04341694010990 5.29542912434758
2026-10-18T17:36:00.000 1069.157239036240 5602.830419711910 3695.231819013760 -6.07828390326111 -1.70479445200022 4.33823188985792
2026-10-18T17:40:00.000 -410.753994986534 4995.198369542670 4589.179252801320 -6.17912387500315 -3.32770209637369 3.06598505611552
2026-10-18T17:44:00.000 -1860.864386913090 4024.999945681920 5149.098483161140 -5.83157345217303 -4.70788687714832 1.57167967617226
2026-10-18T17:48:00.000 -3176.010154544410 2762.846257201880 5334.479177333040 -5.06129218313767 -5.74598047696742 -0.03619176343049
2026-10-18T17:52:00.000 -4260.856399323150 1300.350951654710 5131.949395003780 -3.92404050314384 -6.36730758309933 -1.64128615696653
2026-10-18T17:56:00.000 -5036.693089959740 -256.441201458463 4556.191283802600 -2.50176899510145 -6.52698153152452 -3.12753697918717
2026-10-18T18:00:00.000 -5447.067794578670 -1794.614604906230 3648.909666643980 -0.89699230726898 -6.21298897146292 -4.38709772121330
2026-10-18T18:04:00.000 -5461.930985081950 -3202.466931886710 2475.937512876430 0.77408061373836 -5.44749171927720 -5.32801220983296
2026-10-18T18:08:00.000 -5079.943028890630 -4377.623436090360 1122.560959935530 2.38984347070630 -4.28565091824721 -5.88116093372726
2026-10-18T18:12:00.000 -4328.711364337170 -5234.576338346720 -312.645623138878 3.83220954412708 -2.81205555120412 -6.00569928982237
2026-10-18T18:16:00.000 -3262.850122056620 -5711.055102140260 -1725.071314003380 4.99568206629571 -1.13452092363702 -5.69253414526347
2026-10-18T18:20:00.000 -1959.945024491220 -5772.635865603340 -3011.832061186970 5.79555694562541 0.62421437105993 -4.96502408914184
2026-10-18T18:24:00.000 -514.763003380994 -5415.201935675930 -4079.369365678740 6.17422390054551 2.33597031953438 -3.87697016124014
2026-10-18T18:28:00.000 967.768058069890 -4665.078864240300 -4850.261612275860 6.10504370259514 3.87680562663949 -2.50812617355677
2026-10-18T18:32:00.000 2380.198062160730 -3576.938130527150 -5268.733609496080 5.59367646160764 5.13579661769880 -0.95800044629117
2026-10-18T18:36:00.000 3620.257425697820 -2229.744862493900 -5304.550740726710 4.67732538591671 6.02257648830364 0.66135853817205
2026-10-18T18:40:00.000 4598.117464360630 -721.064803525635 -4955.092049963740 3.42182892830702 6.47334807911757 2.23319212564958
2026-10-18T18:44:00.000 5242.759104507780 839.853482272444 -4245.539152115620 1.91724670396596 6.45513551393258 3.64388580943448
2026-10-18T18:48:00.000 5507.107318487250 2339.827950538620 -3227.174959524640 0.27192532249099 5.96840553850175 4.79084579032675
2026-10-18T18:52:00.000 5371.557133793990 3669.871069652290 -1973.828980224300 -1.39489307200631 5.04754402651220 5.58995202619359
2026-10-18T18:56:00.000 4845.581591633390 4733.159427288000 -576.632452174208 -2.96165680113539 3.75898122728610 5.98213086262022
2026-10-18T19:00:00.000 3967.184212576840 5452.213166169990 862.611020084485 -4.31365678802421 2.19650577829479 5.93811147102588
2026-10-18T19:04:00.000 2800.203679269460 5774.688852669320 2238.925664112580 -5.35173852904084 0.47450026944335 5.46098500902231
2026-10-18T19:08:00.000 1429.595502195230 5677.289046479510 3451.983363607460 -6.00022275762027 -1.28099455390188 4.58608349702202
2026-10-18T19:12:00.000 -44.911044974650 5167.389045986910 4413.518380068740 -6.21238144464435 -2.94202282138065 3.37789553440607
2026-10-18T19:16:00.000 -1516.177307071610 4282.352034550710 5053.743030876480 -5.97351118655024 -4.38817391549550 1.92490780293119
2026-10-18T19:20:00.000 -2877.466032864580 3086.657183275450 5326.319596002940 -5.30154984383261 -5.51521052390441 0.33280863659718
2026-10-18T19:24:00.000 -4030.104965730170 1667.136668285470 5211.574355124310 -4.24529780161891 -6.24213114901344 -1.28319537430777
2026-10-18T19:28:00.000 -4890.493934464690 126.727428411509 4717.838615773260 -2.88085945475784 -6.51647547839391 -2.80625654126392
2026-10-18T19:32:00.000 -5396.088841284230 -1422.861298165330 3880.877568186530 -1.30658173486721 -6.31807931163009 -4.12596388664124
2026-10-18T19:36:00.000 -5509.950509932220 -2869.143878441340 2761.395687691230 0.36371980207189 -5.66072576152042 -5.14614095440593
2026-10-18T19:40:00.000 -5223.538205311310 -4106.989428535490 1440.752412151420 2.00862782312545 -4.59164255746739 -5.79194989385088
2026-10-18T19:44:00.000 -4557.479108611540 -5046.340312029150 15.104138608419 3.50801210735256 -3.18850176712998 -6.01575451299590
2026-10-18T19:48:00.000 -3560.159892732840 -5618.907478144810 -1411.645396275310 4.75219378101596 -1.55389722976484 -5.80110085294950
2026-10-18T19:52:00.000 -2304.166615965110 -5783.241684220520 -2735.550073530010 5.65048483775700 0.19256178392036 -5.16406604571658
2026-10-18T19:56:00.000 -880.874437620517 -5527.726331993590 -3860.306327656890 6.13794936597717 1.92347876621088 -4.15181069158846
2026-10-18T20:00:00.000 606.324681245189 -4871.291802648690 -4704.294913712930 6.17995174558864 3.51327176431912 -2.83871353892298
2026-10-18T20:04:00.000 2049.602241020020 -3861.862171747820 -5206.435464711690 5.77426928900751 4.84736787533693 -1.32041901173695
2026-10-18T20:08:00.000 3344.452867907250 -2572.739402923520 -5330.444423339340 4.95056716000981 5.83000719023074 0.29329552283603
2026-10-18T20:12:00.000 4397.105429350970 -1097.305728381110 -5067.335993984720 3.76810977307101 6.39056428511787 1.88603066528958
2026-10-18T20:16:00.000 5131.174994675690 457.618588189210 -4436.052515873510 2.31169117790461 6.48831369376404 3.34278756674468
2026-10-18T20:20:00.000 5493.142368822870 1979.339338172200 -3482.182740962960 0.68602397576117 6.11538405950191 4.55780008044306
2026-10-18T20:24:00.000 5456.325586733770 3357.345996935360 -2274.825995559690 -0.99125533198607 5.29784193685200 5.44213915498712
2026-10-18T20:28:00.000 5022.997018589020 4491.353998047810 -901.712360247517 -2.59796569104329 4.09440667873148 5.93049841081111
2026-10-18T20:32:00.000 4224.396883446180 5298.733648509270 537.141488479049 -4.01645585483119 2.59262688434505 5.98654040258135
2026-10-18T20:36:00.000 3118.526264290800 5720.697598935060 1936.811995560990 -5.14282143641776 0.90234811681005 5.60598314490718
2026-10-18T20:40:00.000 1785.868722321260 5726.665565137310 3195.251769414770 -5.89479807854075 -0.85271903751068 4.81692214508137
2026-10-18T20:44:00.000 323.411835605178 5316.475502876900 4220.843746358870 -6.21798586128235 -2.54442907212041 3.67758493857439
2026-10-18T20:48:00.000 -1162.554896475610 4520.265928323630 4939.106828687100 -6.08964303839526 -4.05002908900367 2.27155460469616
2026-10-18T20:52:00.000 -2564.200952022600 3396.099025257470 5298.015147177660 -5.51966708037622 -5.26088681135868 0.70122154210237
2026-10-18T20:56:00.000 -3779.911307203490 2025.660174608440 5271.643826603140 -4.54960136293820 -6.08991299109419 -0.91961397644465
2026-10-18T21:00:00.000 -4721.540635056200 508.345659518178 4861.945187278340 -3.24946097773230 -6.47742829703396 -2.47379326097437
2026-10-18T21:04:00.000 -5320.689660449090 -1045.831160636790 4098.592216619990 -1.71287243095714 -6.39515024537529 -3.84877837428954
2026-10-18T21:08:00.000 -5533.658291974470 -2524.083675462570 3036.924820906760 -0.05084484348248 -5.84847002161468 -4.94450876141719
2026-10-18T21:12:00.000 -5344.709971490780 -3818.990505115430 1754.061421148190 1.61596388233516 -4.87651861279096 -5.68070021568790
2026-10-18T21:16:00.000 -4767.363657339370 -4836.359680625920 343.371584802156 3.16595007880243 -3.54979318960144 -6.00312895785888
2026-10-18T21:20:00.000 -3843.512151306040 -5502.207684612460 -1092.349776414090 4.48578111568181 -1.96516561545771 -5.88801828972042
2026-10-18T21:24:00.000 -2640.375125104010 -5768.256468850270 -2448.482757678660 5.47910361114704 -0.23859763656748 -5.34404486213450
2026-10-18T21:28:00.000 -1245.501677505000 -5615.466507597980 -3626.335251981150 6.07392813766626 1.50380727273486 -4.41157039122214
2026-10-18T21:32:00.000 239.746081775974 -5055.310451670390 -4540.385188644790 6.22778005521060 3.13549269718200 -3.15921453530270
2026-10-18T21:36:00.000 1707.638147964580 -4128.754214551620 -5124.432757053770 5.93028732083339 4.53869325865044 -1.67833149311546
2026-10-18T21:40:00.000 3051.854288177610 -2903.144889695080 -5336.264819995740 5.20344180145164 5.61260025780767 -0.07622523027799
2026-10-18T21:44:00.000 4175.064312742600 -1467.295560261900 -5160.563853851800 4.09966849851950 6.28010566745719 1.53157550146306
2026-10-18T21:48:00.000 4995.814487076900 74.840400448492 -4609.955901855810 2.69811454323795 6.49287998029058 3.02903733254316
2026-10-18T21:52:00.000 5454.351206684370 1611.533190805100 -3724.177052947800 1.09945905835500 6.23486512886574 4.30761501762121
2026-10-18T21:56:00.000 5517.004883845300 3031.238482873980 -2567.343695872280 -0.58083501537736 5.52375445397486 5.27389610006369
2026-10-18T22:00:00.000 5178.806742682040 4230.679023744260 -1223.464936937320 -2.22050687227429 4.41044260033398 5.85664188284001
2026-10-18T22:04:00.000 4464.036143206640 5122.472220672960 209.613976739578 -3.69963323162322 2.97570876257440 6.01257136851591
2026-10-18T22:08:00.000 3424.555025699080 5641.649723572340 1627.398214268920 -4.90977903508895 1.32439775730136 5.72995913272106
2026-10-18T22:12:00.000 2136.012148005480 5750.515927957600 2926.498138817730 -5.76245309531093 -0.42253281897536 5.02968226585761
2026-10-18T22:16:00.000 692.204115092486 5441.405123261090 4012.298615221810 -6.19583928052946 -2.13742782467269 3.96345800768229
2026-10-18T22:20:00.000 -801.890777509515 4737.122763052420 4805.897321834170 -6.17909168272971 -3.69560461531183 2.60965839437031
2026-10-18T22:24:00.000 -2237.820314839410 3689.103068597690 5249.792875281170 -5.71417753998001 -4.98459067521807 1.06703030973187
2026-10-18T22:28:00.000 -3511.483030776330 2373.542688246390 5311.894996903960 -4.83509311759187 -5.91165320773068 -0.55262633639063
2026-10-18T22:32:00.000 -4530.542656875500 885.884340215305 4987.750286232720 -3.60532237566326 -6.41005591872130 -2.13215304737382
2026-10-18T22:36:00.000 -5221.020799322770 -666.011347286002 4300.846436410550 -2.11347413567740 -6.44366112299974 -3.55723233693253
2026-10-18T22:40:00.000 -5532.623512455080 -2169.562785901290 3300.965294083230 -0.46718712943978 -6.00952754604730 -4.72434001949844
2026-10-18T22:44:00.000 -5442.453773354110 -3515.548573016920 2060.696504124060 1.21419636469870 -5.13852750103512 -5.54810834139687
2026-10-18T22:48:00.000 -4956.824135635790 -4606.073858441180 670.272097077207 2.80810283846452 -3.89368214294498 -5.96789085381394
2026-10-18T22:52:00.000 -4110.924726087090 -5361.814810071720 -769.007489085295 4.19800796242912 -2.36578363937197 -5.95271575959863
2026-10-18T22:56:00.000 -2966.285597413030 -5727.918956275020 -2152.249955633000 5.28236653597624 -0.66666037693583 -5.50385260100150
2026-10-18T23:00:00.000 -1606.209058957710 -5678.039356645840 -3378.752361972830 5.98243063427482 1.07952236803903 -4.65466812875088
2026-10-18T23:04:00.000 -129.567309125259 -5216.162341057050 -4359.407853569120 6.24796055068582 2.74575252885629 -3.46775886495237
2026-10-18T23:08:00.000 1356.487153944800 -4376.150111419960 -5023.151269701690 6.06052374036930 4.21159012827967 -2.02987103163102
2026-10-18T23:12:00.000 2744.293039921520 -3219.121473922360 -5321.983513653500 5.43424127655103 5.37163994452172 -0.44529193858887
2026-10-18T23:16:00.000 3933.361125679530 -1828.963255663010 -5234.303643161240 4.41437706977905 6.14261589647101 1.17156303665870
2026-10-18T23:20:00.000 4837.502697705050 -306.326442663321 -4766.394809885570 3.07413979215077 6.46888855476536 2.70408863989432
2026-10-18T23:24:00.000 5390.967152122100 1238.502116908040 -3951.997914951380 1.50970684614774 6.32627832133274 4.04135183085519
2026-10-18T23:28:00.000 5553.230623146710 2693.438911419390 -2850.023542650550 -0.16607209777336 5.72418328689123 5.08583555164530
2026-10-18T23:32:00.000 5312.079454182700 3952.694006529280 -1540.438907475170 -1.83151185903202 4.70542599175105 5.76069629114449
2026-10-18T23:36:00.000 4684.697144265020 4924.539725891360 -118.549755352183 -3.36486695903088 3.34374652277575 6.01585138848608
2026-10-18T23:40:00.000 3716.547567150670 5538.163476435180 1311.980679365880 -4.65376669315927 1.73857169116098 5.83223418520731
2026-10-18T23:44:00.000 2478.062874208820 5748.953490957510 2646.815975753450 -5.60384370460983 0.00744363353715 5.22334638281875
2026-10-18T23:48:00.000 1059.418460322660 5541.794524942310 3788.695209604970 -6.14600177159169 -1.72298999714394 4.23423931784862
2026-10-18T23:52:00.000 -436.192031962629 4932.079584707230 4654.596452869000 -6.24144514590206 -3.32675055557868 2.93770138543993
2026-10-18T23:56:00.000 -1900.158553017030 3964.413945258660 5181.739172440510 -5.88402400842678 -4.68786753473273 1.42850387351527
2026-10-19T00:00:00.000 -3226.324975274370 2709.216178337730 5332.008798547110 -5.10013863073981 -5.70839939901397 -0.18382524243938
2026-10-19T00:04:00.000 -4318.573318953190 1257.576786979280 5094.578478413160 -3.94648968968738 -6.31498066711444 -1.78273678695568
2026-10-19T00:08:00.000 -5097.647062806090 -285.255687001120 4486.647144262240 -2.50613120590010 -6.46367957805726 -3.25254852522041
2026-10-19T00:12:00.000 -5506.855595820050 -1807.374259675270 3552.265473989740 -0.88297003959434 -6.14332439051946 -4.48653913796606
2026-10-19T00:16:00.000 -5516.235219438990 -3198.250854931920 2359.243129599960 0.80547499850592 -5.37656007371583 -5.39462835109014
2026-10-19T00:20:00.000 -5124.847075394260 -4356.755354990300 994.333702894377 2.43629907267684 -4.21867830272840 -5.91006189429391
2026-10-19T00:24:00.000 -4360.991464736900 -5198.611807664620 -443.045628568870 3.89030955529678 -2.75400661257050 -5.99480580214859
2026-10-19T00:28:00.000 -3280.204401223960 -5662.667415749240 -1848.138711849980 5.06120840308490 -1.08968771330699 -5.64271229765945
2026-10-19T00:32:00.000 -1961.150049815750 -5715.414140409950 -3118.618215738560 5.86379801634175 0.65255475973124 -4.88001620552437
2026-10-19T00:36:00.000 -499.752882223780 -5353.370260643900 -4162.135805218030 6.24029628897243 2.34582911415668 -3.76304283134783
2026-10-19T00:40:00.000 997.897248607044 -4603.174421975660 -4903.028217913900 6.16420545479886 3.86756599000252 -2.37357927972028
2026-10-19T00:44:00.000 2423.266288104810 -3519.478830690870 -5287.697550684130 5.64168883513033 5.10823996060258 -0.81255875356750
2026-10-19T00:48:00.000 3673.150308064810 -2180.898733586040 -5288.341714220980 4.71067000206001 5.97880316819205 0.80726080282475
2026-10-19T00:52:00.000 4656.987931604530 -684.362893510261 -4904.865247944720 3.43797944873959 6.41652935286455 2.36904849660025
2026-10-19T00:56:00.000 5303.303492323250 861.755862526594 -4164.907568581590 1.91494053773472 6.38937194238996 3.75986487344281
2026-10-19T01:00:00.000 5564.874170079790 2345.339679731970 -3121.954581946190 0.25121297640122 5.89839702745572 4.87851173265040
2026-10-19T01:04:00.000 5422.276503430430 3658.570139531450 -1851.634668424290 -1.43255485829890 4.97828271831608 5.64285660669235
2026-10-19T01:08:00.000 4885.494573128380 4705.820604787420 -446.337547223221 -3.01347424369441 3.69539924426457 5.99629165446104
2026-10-19T01:12:00.000 3993.348412173780 5410.767923035250 991.511884711403 -4.37569010915220 2.14326971346040 5.91240491958655
2026-10-19T01:16:00.000 2810.709407236440 5722.113726383660 2357.032905694630 -5.41938348130874 0.43556717491543 5.39730222126474
2026-10-19T01:20:00.000 1423.689129020170 5617.389693256390 3550.692155767910 -6.06850489470101 -1.30270534839783 4.48911195097770
2026-10-19T01:24:00.000 -66.784628588534 5104.524138426870 4485.651612421770 -6.27635155648991 -2.94487113438138 3.25476128677908
2026-10-19T01:28:00.000 -1552.420632658460 4221.106090254730 5094.071261576410 -6.02857414797364 -4.37191973689197 1.78462882236061
2026-10-19T01:32:00.000 -2925.453909457110 3031.495342679970 5331.937420074960 -5.34376655293972 -5.48108128570355 0.18559602144245
2026-10-19T01:36:00.000 -4086.368466930450 1622.070788329150 5182.097176041990 -4.27163289332763 -6.19264797947363 -1.42665957927024
2026-10-19T01:40:00.000 -4950.969769924510 95.022368752367 4655.423317405900 -2.88939557963018 -6.45530292448376 -2.93562186417387
2026-10-19T01:44:00.000 -5456.391822935900 -1438.915943211430 3790.055657339010 -1.29660684462094 -6.24961026416936 -4.23187162514448
2026-10-19T01:48:00.000 -5565.698735508290 -2868.378417690190 2648.766444976230 0.39146518625605 -5.58988020077556 -5.22084262505962
2026-10-19T01:52:00.000 -5270.688402034450 -4089.451922727160 1314.514681312500 2.05208500369948 -4.52358314840183 -5.82995022870544
2026-10-19T01:56:00.000 -4592.625261766750 -5013.308753651440 -115.542277263638 3.56397328954835 -3.12824337684968 -6.01427202471434
2026-10-19T02:00:00.000 -3580.775871719680 -5572.800952145040 -1537.183747018610 4.81657941139897 -1.50586479780129 -5.76028489903250
2026-10-19T02:04:00.000 -2308.783391332940 -5727.435164669900 -2846.845693249430 5.71860969047891 0.22486184257416 -5.08692731978776
2026-10-19T02:08:00.000 -869.184637186365 -5466.306379330440 -3949.275237605030 6.20490177609261 1.93767459602490 -4.04404172582438
2026-10-19T02:12:00.000 633.463560070279 -4808.746803934190 -4764.489720474950 6.24096727049940 3.50841479544716 -2.70815178281730
2026-10-19T02:16:00.000 2090.225120899220 -3802.737210898300 -5233.488507098200 5.82493224318579 4.82391155256347 -1.17646854982756
2026-10-19T02:20:00.000 3395.611317593550 -2521.311531946030 -5322.374880367580 4.98715643908817 5.78972018279951 0.44026390123885
2026-10-19T02:24:00.000 4455.070650740240 -1057.282244038180 -5024.690795534120 3.78787391827174 6.33638841191269 2.02545450865179
2026-10-19T02:28:00.000 5191.693939207650 483.349886837499 -4361.866830035830 2.31306268270269 6.42409125361678 3.46459752058592
2026-10-19T02:32:00.000 5551.752958484590 1988.900459425280 -3381.781734090250 0.66883940379432 6.04566126413240 4.65310248593983
2026-10-19T02:36:00.000 5508.692625491850 3350.011537308090 -2155.459942774420 -1.02578496289821 5.22761733096288 5.50389142944572
2026-10-19T02:40:00.000 5065.236597053690 4467.614775194020 -772.040328536700 -2.64731267586835 4.02875829447026 5.95408851761453
2026-10-19T02:44:00.000 4253.367430109750 5260.268136156440 667.684446317171 -4.07699431726516 2.53630007523071 5.97014142745981
2026-10-19T02:48:00.000 3132.071911107760 5670.252135582280 2058.700328651860 -5.21000817379511 0.85946623834339 5.55069464271688
2026-10-19T02:52:00.000 1782.992112467220 5667.877808972110 3299.583485013220 -5.96361892843487 -0.87891489987031 4.72681581000752
2026-10-19T02:56:00.000 304.326641792954 5253.611351976390 4300.015313699570 -6.28340732677768 -2.55200249140290 3.55931121826923
2026-10-19T03:00:00.000 -1196.449705990920 4457.889375914240 4987.360010417370 -6.14688422006986 -4.03840525209088 2.13375753229075
2026-10-19T03:04:00.000 -2610.433100007370 3338.748440854760 5311.853023769800 -5.56462082482370 -5.23088954579717 0.55397941122846
2026-10-19T03:08:00.000 -3835.125965894570 1977.504383494850 5250.077118888780 -4.57904855198731 -6.04376002970212 -1.06561977431478
2026-10-19T03:12:00.000 -4781.735098656180 472.878574248612 4806.548810767850 -3.26125940178762 -6.41848914112296 -2.60798213531603
2026-10-19T03:16:00.000 -5381.497367312880 -1066.043144193870 4013.394644170880 -1.70613620276152 -6.32774363766698 -3.96142278672271
2026-10-19T03:20:00.000 -5590.651679360560 -2527.586716549050 2928.117036809290 -0.02598285039890 -5.77747552818820 -5.02740916064637
2026-10-19T03:24:00.000 -5393.729529461900 -3805.535496484240 1629.558624786310 1.65714240383327 -4.80705334898717 -5.72778442003795
2026-10-19T03:28:00.000 -4804.835116756300 -4806.923233379510 212.242368957043 3.22040734676238 -3.48689597315302 -6.01092216673429
2026-10-19T03:32:00.000 -3866.714737843320 -5458.931367425100 -1220.547252218850 4.54949619600804 -1.91344453659403 -5.85594378529275
2026-10-19T03:36:00.000 -2647.636589806680 -5714.301098420530 -2564.406616264340 5.54742276094734 -0.20187579416984 -5.27447457531429
2026-10-19T03:40:00.000 -1236.307256842870 -5554.777195667120 -3721.549298430930 6.14190943424479 1.52286811803566 -4.30961970089837
2026-10-19T03:44:00.000 264.720107774851 -4992.312862724080 -4607.968884947060 6.29049663985676 3.13555605420346 -3.03232126114776
2026-10-19T03:48:00.000 1746.576048670350 -4068.030114207620 -5159.477689235550 5.98323624148103 4.51981925852007 -1.53570893919741
2026-10-19T03:52:00.000 3101.933781927050 -2849.089662656660 -5336.210374516490 5.24276155870466 5.57624678020538 0.07188381322241
2026-10-19T03:56:00.000 4232.638023435320 -1423.808189125400 -5125.371522028200 4.12239995401666 6.22892651904167 1.67450631028107
2026-10-19T04:00:00.000 5056.663370473450 104.624523803687 -4542.122669368500 2.70248553371887 6.43054690840049 3.15646171285857
2026-10-19T04:04:00.000 5513.988271241990 1625.454795127670 -3628.566114342410 1.08503607076822 6.16579898886156 4.41024734751833
2026-10-19T04:08:00.000 5571.010954046310 3028.263864540990 -2450.851566090470 -0.61305122557482 5.45285510017325 5.34419364901670
2026-10-19T04:12:00.000 5223.171044453470 4210.975695030500 -1094.534666692530 -2.26813368774983 4.34278691686840 5.88933207034197
2026-10-19T04:16:00.000 4495.466312726300 5087.421762001010 341.596292557883 -3.75911922820596 2.91626574324996 6.00514310898369
2026-10-19T04:20:00.000 3440.718851183970 5593.768141369220 1752.801531708460 -4.97672243244368 1.27758413880475 5.68289630217521
2026-10-19T04:24:00.000 2135.705286608010 5693.272368020730 3036.166704090580 -5.83191065474780 -0.45325022701068 4.94643115840967
2026-10-19T04:28:00.000 675.438342426509 5378.961252511270 4098.234556735300 -6.26269554536299 -2.14977935612679 3.85016533811549
2026-10-19T04:32:00.000 -833.899363761138 4674.017214837160 4861.848994489130 -6.23847796152946 -3.68873128140266 2.47460156483725
2026-10-19T04:36:00.000 -2282.743717940000 3629.921076095100 5271.690489226760 -5.76175517052102 -4.95895996352010 0.92004320924075
2026-10-19T04:40:00.000 -3566.054315391750 2322.591979906790 5298.155209433170 -4.86743297588920 -5.86911353796236 -0.70079898226697
2026-10-19T04:44:00.000 -4590.804031757490 846.870510676150 4939.387839933910 -3.62011434939061 -6.35373468174406 -2.27075089360637
2026-10-19T04:48:00.000 -5282.604628274760 -690.256036033876 4221.383336165240 -2.10963515915458 -6.37765373193187 -3.67622622563187
2026-10-19T04:52:00.000 -5591.060402730750 -2177.278245369310 3196.179930767280 -0.44495153078704 -5.93863246705086 -4.81506141380651
2026-10-19T04:56:00.000 -5493.496019153550 -3506.181389662230 1938.221708765540 1.25320583863479 -5.06794757094375 -5.60390086448736
2026-10-19T05:00:00.000 -4996.760197666530 -4580.322641635040 539.031438778330 2.86108260640083 -3.82855651614932 -5.98469371566027
2026-10-19T05:04:00.000 -4136.850195067700 -5321.568038245980 -899.446350881466 4.26105915146259 -2.31086206958841 -5.92927322047135
2026-10-19T05:08:00.000 -2976.326087091130 -5676.129355022670 -2272.378859436900 5.35088057320957 -0.62598237562292 -5.44191023612361
2026-10-19T05:12:00.000 -1599.646723336090 -5618.505889010560 -3479.825933828340 6.05143500351722 1.10298635663916 -4.55879955495726
2026-10-19T05:16:00.000 -106.885196164066 -5153.243010354650 -4434.083145420490 6.31247763662844 2.75034098210453 -3.34498975634869
2026-10-19T05:20:00.000 1393.644752561180 -4314.433916868480 -5066.009843011850 6.11589932189968 4.19704869218036 -1.88911047021975
2026-10-19T05:24:00.000 2793.233231071890 -3163.092357963960 -5329.910799794260 5.47645677234293 5.33909294744388 -0.29672124746747
2026-10-19T05:28:00.000 3990.533015584850 -1782.674808176250 -5206.703619100440 4.44032365865517 6.09448809120964 1.31726905870719
2026-10-19T05:32:00.000 4898.735785891580 -273.121218211394 -4705.226219270340 3.08180972240596 6.40864104550183 2.83641508868657
2026-10-19T05:36:00.000 5451.769114442020 1256.217416629660 -3861.654132595500 1.49845021525326 6.25821809498121 4.15066411535628
2026-10-19T05:40:00.000 5609.120943566280 2694.363781338330 -2737.028969387100 -0.19549729008079 5.65316431989035 5.16410678690795
2026-10-19T05:44:00.000 5358.930460958160 3936.731919209740 -1412.991431529090 -1.87695115024600 4.63658214865368 5.80211213155657
2026-10-19T05:48:00.000 4719.043726272320 4892.818906274740 14.074504095282 -3.42297512491329 3.28205881003163 6.01729216710835
2026-10-19T05:52:00.000 3735.860137399460 5492.958315655770 1440.102846663710 -4.72015092909963 1.68861019405142 5.79350366469646
2026-10-19T05:56:00.000 2480.936597337320 5693.557641268660 2761.083952561000 -5.67362256572100 -0.02698230258198 5.14735163217152
2026-10-19T06:00:00.000 1045.638405852890 5480.265535556420 3880.789879601560 -6.21415859266648 -1.73936845975438 4.12659611190787
2026-10-19T06:04:00.000 -465.637894050303 4868.910022775160 4717.828058303860 -6.30303365897803 -3.32397482238449 2.80628428350869
2026-10-19T06:08:00.000 -1943.140540790780 3904.200231807090 5211.520334127210 -5.93454981003930 -4.66616126075942 1.28286667943109
2026-10-19T06:12:00.000 -3279.728395303400 2656.339101833740 5326.181781575410 -5.13592311410792 -5.66933785803274 -0.33311773586117
2026-10-19T06:16:00.000 -4378.522692643670 1215.887044159740 5053.571408635910 -3.96492678520331 -6.26138462921739 -1.92481605879062
2026-10-19T06:20:00.000 -5159.794860149060 -312.721542103054 4413.450265191140 -2.50589950494117 -6.39947365887718 -3.37708783740532
2026-10-19T06:24:00.000 -5566.689838151450 -1818.620240058820 3452.203647601410 -0.86402432924771 -6.07318554345736 -4.58449905777389
2026-10-19T06:28:00.000 -5569.399308863590 -3192.458222885850 2239.604638609370 0.84176563461839 -5.30558292826949 -5.45879878321565
2026-10-19T06:32:00.000 -5167.477025796890 -4334.352746470080 863.846210825107 2.48725659906805 -4.15209588747568 -5.93575493465106
2026-10-19T06:36:00.000 -4389.990828393010 -5161.250034808990 -574.868289558192 3.95224732295394 -2.69669276093985 -5.98016820599036
2026-10-19T06:40:00.000 -3293.468455380910 -5613.092155868900 -1971.686141179570 5.12959055902163 -1.04585345082363 -5.58882245549523
2026-10-19T06:44:00.000 -1957.723987747670 -5657.269035006930 -3224.895815290760 5.93365434099045 0.67970361867437 -4.79088069081139
2026-10-19T06:48:00.000 -479.890648259734 -5290.920566281050 -4243.424647240630 6.30658379132896 2.35434312370066 -3.64522123144211
2026-10-19T06:52:00.000 1032.758696057200 -4540.984721038550 -4953.439103660440 6.22215243551840 3.85691192672041 -2.23565017150985
2026-10-19T06:56:00.000 2470.606914399590 -3462.075050905060 -5303.580350795110 5.68709955885578 5.07926250247454 -0.66449413583689
2026-10-19T07:00:00.000 3729.543136512340 -2132.447737457360 -5268.539663570740 4.74023076777130 5.93363585344660 0.95476451612641
2026-10-19T07:04:00.000 4718.341298070410 -648.373392518583 -4850.799547626580 3.44948740612301 6.35848341937430 2.50534668962235
2026-10-19T07:08:00.000 5365.144939993210 882.678430265594 -4080.475033830870 1.90746334002576 6.32261083408713 3.87507325955243
2026-10-19T07:12:00.000 5622.680579542730 2349.667983824850 -3013.266103102800 0.22526797103909 5.82771077646610 4.96419125610935
2026-10-19T07:16:00.000 5471.815278788210 3645.972632086410 -1726.583715322720 -1.47508000285102 4.90878079681935 5.69267646220764
2026-10-19T07:20:00.000 4923.142519394040 4677.197520808470 -314.034712960334 -3.06942143628620 3.63218619419332 6.00652604029002
2026-10-19T07:24:00.000 4016.362892977480 5368.203540454120 1121.414636264820 -4.44093612543932 2.09102629324812 5.88229071455465
2026-10-19T07:28:00.000 2817.425782884730 5668.724730131110 2475.057856627880 -5.48911136094172 0.39817537493784 5.32905106952002
2026-10-19T07:32:00.000 1413.641585066000 5557.104646056120 3648.245281738750 -6.13764139892494 -1.32242652302279 4.38783445692671
2026-10-19T07:36:00.000 -92.859209524978 5041.782091522530 4555.662880673520 -6.33998486495490 -2.94551358053411 3.12794289311868
2026-10-19T07:40:00.000 -1592.649152912540 4160.501057304100 5131.487431658880 -6.08216784244547 -4.35359869330213 1.64145745425318
2026-10-19T07:44:00.000 -2976.937266116540 2977.436015196430 5334.054019894150 -5.38338107934050 -5.44519304964147 0.03639021489864
2026-10-19T07:48:00.000 -4145.377193978160 1578.482884005750 5148.759952114110 -4.29433744149737 -6.14180409330126 -1.57111226552364
2026-10-19T07:52:00.000 -5013.213654206340 65.076622492177 4589.042879576050 -2.89348424134285 -6.39314829515353 -3.06484243548197
2026-10-19T07:56:00.000 -5517.336637843440 -1453.031901282000 3695.448272131000 -1.28175151737382 -6.18065589074459 -4.33642862407551
2026-10-19T08:00:00.000 -5620.895562275780 -2865.628931297110 2532.814315846360 0.42421631149113 -5.51914363753455 -5.29305983371730
2026-10-19T08:04:00.000 -5316.108979760790 -4070.026370365430 1185.670025808960 2.10028831461799 -4.45620940769806 -5.86450590816247
2026-10-19T08:08:00.000 -4624.972465683090 -4978.620604951460 -247.880043553676 3.62404194159494 -3.06922193769102 -6.00865717074414
2026-10-19T08:12:00.000 -3597.714181074190 -5525.395638481250 -1663.371078477990 4.88413386893899 -1.45956693532396 -5.71496816821119
2026-10-19T08:16:00.000 -2309.098277366670 -5670.798184836350 -2957.703874441980 5.78874511504258 0.25502537328416 -5.00529954342539
2026-10-19T08:20:00.000 -852.864122505675 -5404.596638217120 -4036.763947354070 6.27255486356707 1.94952941229054 -3.93212697502948
2026-10-19T08:24:00.000 665.232682337490 -4746.484808800020 -4822.286374672330 6.30127862363050 3.50114624910243 -2.57414522671248
2026-10-19T08:28:00.000 2135.148123658900 -3744.469069123470 -5257.433130805030 5.87357483086197 4.79810798372213 -1.03008939252147
2026-10-19T08:32:00.000 3450.448582239150 -2471.281818585540 -5310.758773523580 5.02063258804318 5.74729436101830 0.58843004053385
2026-10-19T08:36:00.000 4515.867379092380 -1019.130884490330 -4978.373986722740 3.80375563997617 6.28043282434544 2.16470089859704
2026-10-19T08:40:00.000 5254.059321630300 506.849593546137 -4284.223376488220 2.31016176343383 6.35869937224011 3.58481461091024
2026-10-19T08:44:00.000 5611.170111433620 1996.045396155390 -3278.463484227470 0.64731616106021 5.97559406391519 4.74553227200776
2026-10-19T08:48:00.000 5560.852078944250 3340.286599896740 -2033.992617730510 -1.06436971301464 5.15796231633588 5.56177153625475
2026-10-19T08:52:00.000 5106.360234137920 4441.733718287130 -641.281752553757 -2.70012384356677 3.96460822270928 5.97315159451374
2026-10-19T08:56:00.000 4280.491232690050 5220.133297112240 798.188585035423 -4.14012887915878 2.48241557036582 5.94897799514010
2026-10-19T09:00:00.000 3143.259141724420 5618.829109037270 2179.430692413890 -5.27887832592912 0.81986447767108 5.49092476483775
2026-10-19T09:04:00.000 1777.457593671810 5608.965154680180 3401.752675416460 -6.03325161934043 -0.90134169707385 4.63287174015661
2026-10-19T09:08:00.000 282.490387325343 5191.552181171750 4376.207749154820 -6.34880744979789 -2.55564416050025 3.43811900781803
2026-10-19T09:12:00.000 -1233.004074330770 4397.241331062080 5032.068521544500 -6.20340705329411 -4.02310703985805 1.99418456971384
2026-10-19T09:16:00.000 -2659.074969553650 3283.926764774120 5321.853664313490 -5.60820255923387 -5.19795472900234 0.40605148712402
2026-10-19T09:20:00.000 -3892.335674720610 1932.469243976240 5224.629047295800 -4.60640519461968 -5.99563461370829 -1.21131486662880
2026-10-19T09:24:00.000 -4843.338151819540 440.881196216699 4747.458907424040 -3.27026995319039 -6.35861542890201 -2.74093583885936
2026-10-19T09:28:00.000 -5442.969150124050 -1082.677615366420 3924.905011176770 -1.69603215648917 -6.26035093869791 -4.07195305481360
2026-10-19T09:32:00.000 -5647.464964447840 -2527.621939855570 2816.625894858340 0.00249710946206 -5.70738007691040 -5.10737029856627
2026-10-19T09:36:00.000 -5441.698215055750 -3788.930555473010 1503.163630403380 1.70190556392210 -4.73932571778946 -5.77124392979348
2026-10-19T09:40:00.000 -4840.432854082980 -4774.848192102080 80.152380618580 3.27808129476754 -3.42651294303654 -6.01462651274346
2026-10-19T09:44:00.000 -3887.343321504180 -5413.702526464730 -1348.702544537750 4.61579226609642 -1.86489168851144 -5.81966506120142
2026-10-19T09:48:00.000 -2651.802012789120 -5659.206589786570 -2679.301817535370 5.61747783573832 -0.16871983508355 -5.20094054426546
2026-10-19T09:52:00.000 -1223.719226058850 -5493.829311822790 -3814.844043461130 6.21061696216786 1.53818589239121 -4.20426374850774
2026-10-19T09:56:00.000 293.138189710399 -4929.955468523820 -4672.913419237540 6.35291035081936 3.13191760930105 -2.90287324738984
2026-10-19T10:00:00.000 1788.762360216430 -4008.805559311160 -5191.393071617390 6.03486796258798 4.49751035923370 -1.39159305142007
2026-10-19T10:04:00.000 3154.840196025100 -2797.309663151570 -5332.817041347250 5.27992881154007 5.53690000042133 0.22022093932669
2026-10-19T10:08:00.000 4292.450934020360 -1383.239232052110 -5086.945934227390 4.14243964814561 6.17542241872813 1.81633281040550
2026-10-19T10:12:00.000 5119.071360284120 131.035095885415 -4471.474193035500 2.70393499677593 6.36678102161019 3.28152718284753
2026-10-19T10:16:00.000 5574.486664924350 1635.785754068340 -3530.839797950940 1.06777139958145 6.09638459380676 4.50944085773906
2026-10-19T10:20:00.000 5625.235305566010 3021.765158773690 -2333.175994258220 -0.64774989187972 5.38289845572837 5.41022340708558
2026-10-19T10:24:00.000 5267.214707235160 4188.140747003890 -965.498093552941 -2.31775818065970 4.27744261630443 5.91740285109770
2026-10-19T10:28:00.000 4526.161212894350 5049.939460332060 472.581554581899 -3.82004504142343 2.86030062849558 5.99320984024523
2026-10-19T10:32:00.000 3455.878958780470 5544.403212415040 1876.182221002880 -5.04445834513310 1.23515057585912 5.63185887138340
2026-10-19T10:36:00.000 2134.279344555840 5635.677033536470 3142.961412119340 -5.90156765062547 -0.47897957323666 4.86011831968440
2026-10-19T10:40:00.000 657.559462653889 5317.392284834170 4180.695537085800 -6.32932449637022 -2.15697879169903 3.73494340199645
2026-10-19T10:44:00.000 -866.923911914796 4613.000418893900 4914.011859581430 -6.29730719421493 -3.67697565991412 2.33888079493586
2026-10-19T10:48:00.000 -2328.524529562870 3573.916151840080 5289.794366582320 -5.80859009791676 -4.92923721548355 0.77365718257053
2026-10-19T10:52:00.000 -3621.284072018150 2275.653941611580 5280.892777634250 -4.89883768196939 -5.82375923817115 -0.84737226573787
2026-10-19T10:56:00.000 -4651.461204062880 812.371223053223 4887.975499400830 -3.63362745146588 -6.29604884657696 -2.40704433698717
2026-10-19T11:00:00.000 -5344.227971153860 -709.831123100859 4139.493275112330 -2.10409746803345 -6.31171026155332 -3.79235981384514
2026-10-19T11:04:00.000 -5649.086350352340 -2180.496110634460 3089.708498993610 -0.42069951940019 -5.86907660345428 -4.90250712891141
2026-10-19T11:08:00.000 -5543.619583398740 -3492.764468277650 1814.876698722550 1.29439188907826 -4.99970890043506 -5.65617763422101
2026-10-19T11:12:00.000 -5035.269846906730 -4551.184411927910 407.785339182037 2.91605829777524 -3.76660270613990 -5.99784224291695
2026-10-19T11:16:00.000 -4160.914341915390 -5278.782807859420 -1029.027041997150 4.32571315031002 -2.25979032804916 -5.90233782035768
2026-10-19T11:20:00.000 -2984.186912470540 -5622.779299427780 -2390.857690774930 5.42042487535706 -0.58956190636784 -5.37691130602129
2026-10-19T11:24:00.000 -1590.736860049320 -5558.453014682140 -3578.591386963180 6.12079161967672 1.12207667020836 -4.46053418258573
2026-10-19T11:28:00.000 -81.857874583643 -5090.842265534000 -4505.970931530890 6.37661472116428 2.75069619559108 -3.22064689252231
2026-10-19T11:32:00.000 1432.968123154690 -4254.213071187100 -5105.819030123960 6.17017661079690 4.17864009798028 -1.74776627759044
2026-10-19T11:36:00.000 2843.999683885990 -3109.420294859150 -5334.776057927310 5.51696264315086 5.30325645143842 -0.14864053088396
2026-10-19T11:40:00.000 4049.067944709380 -1739.447423011080 -5176.295645510750 4.46416848292756 6.04381919776556 1.46134655792819
2026-10-19T11:44:00.000 4960.810160437560 -243.474533597891 -4641.770201336970 3.08728179792560 6.34682789244460 2.96606430255583
2026-10-19T11:48:00.000 5512.896709310490 1270.134894543840 -3769.768047302930 1.48512652656220 6.18975303167038 4.25648743305360
2026-10-19T11:52:00.000 5664.873672398020 2691.543902925500 -2623.397566034030 -0.22669112424938 5.58299643418167 5.23837728802513
2026-10-19T11:56:00.000 5405.270293890290 3917.376761684940 -1285.895160741630 -1.92370175488047 4.56980646236594 5.83934759476700
2026-10-19T12:00:00.000 4752.634029252230 4858.348155108060 145.361148623729 -3.48182952126558 3.22366238843995 6.01477035360368
2026-10-19T12:04:00.000 3754.289054979620 5445.916389630190 1566.007436587240 -4.78687321988460 1.64288248286021 5.75145592907674
2026-10-19T12:08:00.000 2482.891535144160 5637.402568508940 2872.434866643020 -5.74333684092658 -0.05672902342808 5.06886757351378
2026-10-19T12:12:00.000 1031.011376833370 5419.122419187070 3969.487145808580 -6.28179397840219 -1.75092894027310 4.01747279887215
2026-10-19T12:16:00.000 -495.763557490491 4807.269502845140 4777.443331399440 -6.36378848526310 -3.31655631167272 2.67453451901691
2026-10-19T12:20:00.000 -1986.579951286680 3846.563939910560 5237.739193947000 -5.98406580148003 -4.64043036784958 1.13799873700732
2026-10-19T12:24:00.000 -3333.333137332700 2606.891630775990 5317.100237624510 -5.17059765985040 -5.62726735055670 -0.48063760059572
2026-10-19T12:28:00.000 -4438.395413960860 1178.190666080700 5009.830002372710 -3.98213758168920 -6.20613515470356 -2.06439161029122
2026-10-19T12:32:00.000 -5221.543864722520 -335.967771135811 4338.176883321790 -2.50419702303248 -6.33501710212680 -3.49868388624291
2026-10-19T12:36:00.000 -5625.745902149910 -1825.738062758060 3350.809489384500 -0.84342498475509 -6.00403484893954 -4.67923334494459
2026-10-19T12:40:00.000 -5621.379455470280 -3182.904891423010 2119.416049242480 0.87976995670031 -5.23663152447736 -5.51970905239609
2026-10-19T12:44:00.000 -5208.518547857590 -4308.767025255740 733.581903452138 2.53982845435569 -4.08825076811440 -5.95826511769420
2026-10-19T12:48:00.000 -4417.058765991310 -5121.427770353920 -705.721266351096 4.01538133541924 -2.64264285462404 -5.96253505903796
2026-10-19T12:52:00.000 -3304.579265910510 -5561.882950793970 -2093.594505278200 5.19861470436191 -1.00559414321962 -5.53237569079704
2026-10-19T12:56:00.000 -1952.067335031350 -5598.360946531420 -3328.985913922940 6.00350431709258 0.70320210078764 -4.69975712728294
2026-10-19T13:00:00.000 -457.880588205014 -5228.570543732520 -4322.127758480020 6.37218231292200 2.35935254626324 -3.52608213670366
2026-10-19T13:04:00.000 1069.520703414790 -4479.701167279900 -5001.037178472300 6.27873850582676 3.84306972106095 -2.09716260876259
2026-10-19T13:08:00.000 2519.448771521210 -3406.287284198180 -5316.614953413440 5.73056045756632 5.04758962957650 -0.51670472270351
2026-10-19T13:12:00.000 3786.910033103850 -2086.183063473620 -5246.056308488910 4.76737321994739 5.88642510205046 1.10115890053293
2026-10-19T13:16:00.000 4780.052879453660 -614.974893061102 -4794.416651012490 3.45832870443795 6.29912729310430 2.63972924606969
2026-10-19T13:20:00.000 5426.701749426850 900.796116719725 -3994.269618158560 1.89733360471133 6.25539870957445 3.98769979937413
2026-10-19T13:24:00.000 5679.583165365310 2351.191014875950 -2903.479406650110 0.19684215950279 5.75746308192042 5.04686436845955
2026-10-19T13:28:00.000 5519.893452323560 3630.776740345140 -1601.185616608700 -1.51973872146320 4.84055029256885 5.73928495052696
2026-10-19T13:32:00.000 4958.874425838460 4646.367552434610 -182.157588497290 -3.12700042699836 3.57093554005812 6.01356410555720
2026-10-19T13:36:00.000 4037.148300445530 5323.972265474060 1250.147739472960 -4.50713625471431 2.04130263900600 5.84921945606113
2026-10-19T13:40:00.000 2821.767341422090 5614.325158102470 2591.260993412860 -5.55911816207053 0.36368178137442 5.25835392472745
2026-10-19T13:44:00.000 1401.230553991600 5496.515347166650 3743.456970548900 -6.20637729886505 -1.33919767675193 4.28467688416035
2026-10-19T13:48:00.000 -121.107931181238 4979.430414385660 4622.958695721440 -6.40242307730204 -2.94334135867544 2.99990173847524
2026-10-19T13:52:00.000 -1634.670317728770 4100.940381087680 5165.991836398330 -6.13381490683140 -4.33266485547681 1.49790792401888
2026-10-19T13:56:00.000 -3029.681255401530 2925.004460218470 5333.278128641180 -5.42054930783519 -5.40708918963264 -0.11228528231909
2026-10-19T14:00:00.000 -4205.021073539210 1536.985883052320 5112.761463737560 -4.31431011872724 -6.08935209362538 -1.71417258351936
2026-10-19T14:04:00.000 -5075.421572271030 37.512448380082 4520.428719905890 -2.89472903861882 -6.33020221396454 -3.19192303548713
2026-10-19T14:08:00.000 -5577.564635280600 -1464.680090337210 3599.192613055510 -1.26409463354250 -6.11177192221345 -4.43829245029191
2026-10-19T14:12:00.000 -5674.725914991720 -2860.522711739540 2415.901238449220 0.45954680751738 -5.44924908955855 -5.36227785772629
2026-10-19T14:16:00.000 -5359.583874977380 -4048.530756630080 1056.598306944730 2.15072481269906 -4.39035136181320 -5.89598093186033
2026-10-19T14:20:00.000 -4654.891336915320 -4942.283042406930 -379.710995334518 3.68586757946735 -3.01215248739261 -6.00002106637420
2026-10-19T14:24:00.000 -3611.882863835610 -5476.842856481780 -1788.344999673930 4.95273979291378 -1.41547944596746 -5.66681874687478
2026-10-19T14:28:00.000 -2306.489289027970 -5613.561015324290 -3066.710500932990 5.85910330777182 0.28286313833707 -4.92121324312088
2026-10-19T14:32:00.000 -833.669211708534 -5342.842796210050 -4121.871109760630 6.33957568514469 1.95910836154070 -3.81827225174880
2026-10-19T14:36:00.000 699.622914880422 -4684.699964292920 -4877.306895078730 6.36011535147642 3.49183728336450 -2.43880371123912
2026-10-19T14:40:00.000 2182.240366096980 -3687.122530679990 -5278.360450690680 5.91993340979369 4.77066661271974 -0.88304024577454
2026-10-19T14:44:00.000 3506.814834953630 -2422.506082040370 -5296.045554433980 5.05106679956330 5.70375012583508 0.73658825026879
2026-10-19T14:48:00.000 4577.380506567200 -982.435067131027 -4929.044051331890 3.81593247140050 6.22391078753862 2.30326074220114
2026-10-19T14:52:00.000 5316.194532954470 528.816443197829 -4203.810120941380 2.30313340457688 6.29321755248032 3.70369663892322
2026-10-19T14:56:00.000 5669.347536619800 2001.686335777680 -3172.764015247660 0.62155495653928 5.90584295487867 4.83607819949345
2026-10-19T15:00:00.000 5610.767311403920 3329.172368984790 -1910.650929190460 -1.10704568684388 5.08892160453225 5.61732642167489
2026-10-19T15:04:00.000 5144.304501586860 4414.631226012930 -509.251484054690 -2.75658411892156 3.90121861256825 5.98953469869407
2026-10-19T15:08:00.000 4303.645946111260 5178.962566848120 929.287765650967 -4.20613468689827 2.42929729306647 5.92487081872811
2026-10-19T15:12:00.000 3149.918330061600 5566.547855623240 2300.028506930900 -5.34947451271611 0.78098339748937 5.42806150037405
2026-10-19T15:16:00.000 1767.140965492450 5549.368841703070 3503.051464909650 -6.10326033304616 -0.92303748377063 4.53590663375302
2026-10-19T15:20:00.000 255.952104631301 5128.986107425000 4450.835047434100 -6.41315931451163 -2.55854686195723 3.31419139754896
2026-10-19T15:24:00.000 -1273.834418763620 4336.265870221560 5074.608011037330 -6.25742412364604 -4.00703294042511 1.85235009493799
2026-10-19T15:28:00.000 -2711.226492965980 3228.984804767800 5329.231543830100 -5.64796693299397 -5.16405349802615 0.25667130145262
2026-10-19T15:32:00.000 -3952.028929799700 1887.565702989010 5196.336751055530 -4.62911534604885 -5.94640163692995 -1.35738314022013
2026-10-19T15:36:00.000 -4906.258363093590 409.281749083427 4685.571789927670 -3.27428486544154 -6.29766056689694 -2.87311466189165
2026-10-19T15:40:00.000 -5504.566286907980 -1098.680183731420 3833.937791066240 -1.68105584592645 -6.19212723244088 -4.18062760294785
2026-10-19T15:44:00.000 -5703.282893223210 -2526.873895420190 2703.211596607630 0.03538108726980 -5.63687255297220 -5.18460447462916
2026-10-19T15:48:00.000 -5487.705791892150 -3771.505870881700 1375.575825400840 1.75027120320791 -4.67172198540930 -5.81140060061247
2026-10-19T15:52:00.000 -4873.316999751040 -4742.049323415700 -52.305667876896 3.33841521455667 -3.36678254011136 -6.01480929331501
2026-10-19T15:56:00.000 -3904.744344862530 -5367.959376610310 -1476.376912826260 4.68368988397445 -1.81742530275342 -5.77986849451891
2026-10-19T16:00:00.000 -2652.491996627690 -5603.907503292970 -2792.897334989660 5.68799641053843 -0.13704949539161 -5.12415273115054
2026-10-19T16:04:00.000 -1207.675078813370 -5433.067371677300 -3906.117842393570 6.27871384863292 1.55177366598471 -4.09618683143837
2026-10-19T16:08:00.000 324.745496436285 -4868.206173698620 -4735.266185768900 6.41373245034149 3.12652697765302 -2.77141361668748
2026-10-19T16:12:00.000 1833.652510053820 -3950.587657479740 -5220.328307141490 6.08406272442522 4.47367941957600 -1.24625457360272
2026-10-19T16:16:00.000 3209.770541469500 -2746.850305095120 -5326.243849458030 5.31387514243312 5.49648293483242 0.36900393523901
2026-10-19T16:20:00.000 4353.427710655150 -1344.184252212000 -5045.323165657160 4.15854779187104 6.12138026749791 1.95786289990157
2026-10-19T16:24:00.000 5181.627988211050 155.863742395883 -4397.789085265230 2.70089477067016 6.30297931665788 3.40554922834868
2026-10-19T16:28:00.000 5634.016652940920 1644.581605300170 -3430.412230218860 1.04573735725397 6.02738518438754 4.60690654311530
2026-10-19T16:32:00.000 5677.339896501970 3013.872516439680 -2213.278299905170 -0.68722636285230 5.31366659746934 5.47400830345022
2026-10-19T16:36:00.000 5308.023127779040 4164.102826485520 -834.831892295492 -2.37184452600607 4.21293424916929 5.94279077971329
2026-10-19T16:40:00.000 4552.623477012310 5011.453408124480 604.506488940694 -3.88476690827973 2.80514214574275 5.97822671935988
2026-10-19T16:44:00.000 3466.006970001240 5494.211824893430 1999.736765034890 -5.11500584271807 1.19336497338428 5.57750844074451
2026-10-19T16:48:00.000 2127.300149106810 5577.379455864300 3249.113716468220 -5.97268475376268 -0.50432248900343 4.77033785108749
2026-10-19T16:52:00.000 633.974237965340 5255.192146812800 4261.684930451490 -6.39574454211978 -2.16394336114737 3.61633272563423
2026-10-19T16:56:00.000 -905.400717007190 4551.401101529960 4963.928608255920 -6.35422925607175 -3.66504353498607 2.20013583600347
2026-10-19T17:00:00.000 -2379.097849690010 3517.370790383370 5304.992825694760 -5.85184415894931 -4.89930612648289 0.62484297471551
2026-10-19T17:04:00.000 -3680.266964835200 2228.254420587380 5260.247976043940 -4.92524203847894 -5.77792404766038 -0.99541382893135
2026-10-19T17:08:00.000 -4714.560748228650 777.560473763600 4832.981906190150 -3.64132690625315 -6.23762493529444 -2.54349577629481
2026-10-19T17:12:00.000 -5406.861171996990 -729.527623585886 4054.146516206170 -2.09254001343472 -6.24494285227732 -3.90729742357112
2026-10-19T17:16:00.000 -5706.709621349430 -2183.649577987870 2980.219053275460 -0.39076462071529 -5.79882904507599 -4.98752474629419
2026-10-19T17:20:00.000 -5592.064098851750 -3479.153749835530 1689.220398619120 1.34046832346308 -4.93111524606153 -5.70506042515427
2026-10-19T17:24:00.000 -5071.049654528590 -4521.817996195220 275.116593411986 2.97487033145371 -3.70471068020356 -6.00704144728288
2026-10-19T17:28:00.000 -4181.476852241130 -5235.832793249140 -1159.046200594710 4.39293272340224 -2.20919790882695 -5.87120527914644
2026-10-19T17:32:00.000 -2988.092864226640 -5569.431057686390 -2508.770526378930 5.49116334305773 -0.55404799083411 -5.30779006992336
2026-10-19T17:36:00.000 -1577.751783722090 -5498.669272086690 -3675.846097553660 6.18997339250419 1.13986036387477 -4.35857649112526
2026-10-19T17:40:00.000 -52.946758072788 -5029.057114472070 -4575.547083978200 6.43936599138409 2.74951249387204 -3.09336444002968
2026-10-19T17:44:00.000 1475.716948265480 -4194.978199749960 -5142.718552462900 6.22204823368415 4.15872858533280 -1.60439540041703
2026-10-19T17:48:00.000 2897.509774233310 -3057.063513887160 -5336.361022010420 5.55421836696314 5.26622505102201 0.00050964224726
2026-10-19T17:52:00.000 4109.474093383080 -1697.763982120130 -5142.458145472980 4.48400281730530 5.99245321468884 1.60560828514258
2026-10-19T17:56:00.000 5023.711376647130 -215.476962032834 -4574.942439047050 3.08808409855442 6.28482800578958 3.09504942784212
2026-10-19T18:00:00.000 5573.672706805360 1282.411853511210 -3674.771313311030 1.46670913468011 6.12152783755780 4.36079941349782
2026-10-19T18:04:00.000 5719.040105928980 2687.185023935510 -2507.116457556660 -0.26301607886059 5.51343326810840 5.31033443233885
2026-10-19T18:08:00.000 5448.822050182970 3896.670570951110 -1156.783817831010 -1.97530005462700 4.50397291951324 5.87365338361458
2026-10-19T18:12:00.000 4782.330411755200 4822.767818940680 277.903806736475 -3.54498516719714 3.16628951896997 6.00886257323186
2026-10-19T18:16:00.000 3767.902013581190 5398.006512527330 1692.308955845670 -4.85691450559771 1.59814263663409 5.70566519322985
2026-10-19T18:20:00.000 2479.382496428710 5580.610321496180 2983.263889838410 -5.81509538937315 -0.08555578876355 4.98651259477814
2026-10-19T18:24:00.000 1010.604021773080 5357.542217874830 4056.740757856070 -6.34998259103113 -1.76176267165976 3.90456485720584
2026-10-19T18:28:00.000 -531.596846635286 4745.342203960180 4834.736282282470 -6.42335322493226 -3.30858564287839 2.53931162904037
2026-10-19T18:32:00.000 -2035.231648205350 3788.763752542430 5260.880672088290 -6.03067222224335 -4.61422323326060 0.99036374671576
2026-10-19T18:36:00.000 -3391.263418677260 2557.389858574370 5304.385259832640 -5.20082808505525 -5.58473470867147 -0.62999160069172
2026-10-19T18:40:00.000 -4501.377984258840 1140.567367640550 4962.153706130670 -3.99375899406552 -6.15026293784068 -2.20458844489598
2026-10-19T18:44:00.000 -5284.991634427510 -358.973021578778 4258.992585460690 -2.49644115926840 -6.26981949312166 -3.61943736808334
2026-10-19T18:48:00.000 -5685.054513232440 -1832.451018450150 3245.879592966880 -0.81690055936566 -5.93429518758339 -4.77171038115613
2026-10-19T18:52:00.000 -5672.254093351610 -3172.845232485530 1996.386748973320 0.92309285158121 -5.16746515354919 -5.57713292554610
2026-10-19T18:56:00.000 -5247.290342431460 -4282.689374467260 601.426311668346 2.59673075954523 -4.02476773790405 -5.97642878152100
2026-10-19T19:00:00.000 -4440.957850134170 -5081.276449183750 -837.366264634093 4.08165576324884 -2.58958376359212 -5.94015447441720
2026-10-19T19:04:00.000 -3311.926824220120 -5510.656526175830 -2215.145766748330 5.26943557931213 -0.96694160559388 -5.47117722025556
2026-10-19T19:08:00.000 -1942.379603312290 -5539.884612026870 -3431.623304344760 6.07378615053397 0.72460018942126 -4.60432537463039
2026-10-19T19:12:00.000 -431.896123424806 -5167.195753512560 -4398.439911555800 6.43689520203260 2.36196688540668 -3.40349438839180
2026-10-19T19:16:00.000 1109.907307132330 -4419.978369542700 -5045.555579367090 6.33334280540796 3.82680340598955 -1.95641889730410
2026-10-19T19:20:00.000 2571.333530327510 -3352.610343205670 -5326.182718214580 5.77119746268630 5.01380932774464 -0.36794636899556
2026-10-19T19:24:00.000 3846.564054849970 -2042.466117990300 -5220.024582789450 4.79107422674118 5.83772981504880 1.24728182442276
2026-10-19T19:28:00.000 4843.165204327370 -584.383746134313 -4734.683488856800 3.46324101610319 6.23910422024674 2.77275902925083
2026-10-19T19:32:00.000 5488.669923441980 916.045712783976 -3905.154717624710 1.88291817601420 6.18833551965176 4.09801592043695
2026-10-19T19:36:00.000 5735.855074855420 2349.975792595570 -2791.446099762110 0.16407462352157 5.68815029452838 5.12635268688408
2026-10-19T19:40:00.000 5566.324287022420 3613.156746031860 -1474.387113615470 -1.56846899402385 4.77398744501787 5.78207282934859
2026-10-19T19:44:00.000 4992.045981487570 4613.593462969640 -49.839240552629 -3.18808391944064 3.51199558608882 6.01649152046280
2026-10-19T19:48:00.000 4054.616204496660 5278.408624025680 1378.333995296640 -4.57611860150138 1.99431518189717 5.81206786158642
2026-10-19T19:52:00.000 2822.232943097690 5559.270083455920 2705.963469466680 -5.63094549177563 0.33205756308693 5.18383037650876
2026-10-19T19:56:00.000 1384.643279438620 5435.957200005920 3836.309749412210 -6.27578981148970 -1.35314998436177 4.17823533407786
2026-10-19T20:00:00.000 -153.558713796073 4917.759291832410 4687.190137112260 -6.46440165734448 -2.93861302469301 2.86928286570395
2026-10-19T20:04:00.000 -1680.642719849160 4042.622804825740 5196.907576016780 -6.18381794339250 -4.30961624151758 1.35259386684345
2026-10-19T20:08:00.000 -3085.838829389110 2874.261473745430 5328.610337447550 -5.45489972994568 -5.36740452982753 -0.26168459847618
2026-10-19T20:12:00.000 -4267.279883814280 1497.485538688610 5072.835799813420 -4.33048535631746 -6.03591303880917 -1.85680117967145
2026-10-19T20:16:00.000 -5139.247752062290 12.115837484233 4448.132179944730 -2.89154395876890 -6.26681247779483 -3.31739835643594
2026-10-19T20:20:00.000 -5638.319251486760 -1474.117998220280 3499.774657854530 -1.24185547449522 -6.04298212550146 -4.53743717771081
2026-10-19T20:24:00.000 -5728.013842814560 -2853.304847111640 2296.598972114470 0.49913909310734 -5.38010014690471 -5.42781364238179
2026-10-19T20:28:00.000 -5401.572093689930 -4025.188411959720 926.109064315041 2.20471064931575 -4.32597145617681 -5.92310056215427
2026-10-19T20:32:00.000 -4682.584443511600 -4904.548850747440 -511.874796505439 3.75027478300814 -2.95735173702571 -5.98678232492576
2026-10-19T20:36:00.000 -3623.332554345010 -5427.524104839620 -1912.564481221260 5.02287153270048 -1.37434678935113 -5.61427764756339
2026-10-19T20:40:00.000 -2300.924050182070 -5556.328919630150 -3173.971058087120 5.92991065820683 0.30726515429111 -4.83331569798912
2026-10-19T20:44:00.000 -811.534453234960 -5281.953092437540 -4204.423127088520 6.40602995847080 1.96501227077636 -3.70153780849956
2026-10-19T20:48:00.000 736.709127877559 -4624.659865873160 -4929.218097108270 6.41750964969375 3.47891455870137 -2.30175797780705
2026-10-19T20:52:00.000 2231.597660817640 -3632.350706002360 -5295.930182201100 5.96419191709740 4.73998375420647 -0.73564347800700
2026-10-19T20:56:00.000 3564.890371822940 -2377.002273652070 -5278.053740886080 5.07901451510706 5.65768852224679 0.88375974806947
2026-10-19T21:00:00.000 4639.983332740420 -949.498093743710 -4876.815546269280 3.82546111094708 6.16589287495228 2.43967777768317
2026-10-19T21:04:00.000 5378.775371755670 546.808614781002 -4121.122988871110 2.29338899693786 6.22743968099330 3.81956468650145
2026-10-19T21:08:00.000 5727.316534157710 2003.422232505780 -3065.597311361440 0.59308621391995 5.83695421986609 4.92293830046285
2026-10-19T21:12:00.000 5659.850678812300 3314.493635136240 -1786.791147933240 -1.15215957749125 5.02185792845852 5.66870289947825
2026-10-19T21:16:00.000 5180.888637153550 4384.570645992190 -377.730531886157 -2.81497984526715 3.84089285895678 6.00160754984361
2026-10-19T21:20:00.000 4325.044423642850 5135.681669204050 1058.874045325780 -4.27350476381649 2.38012660575556 5.89677833258568
2026-10-19T21:24:00.000 3154.561805859430 5513.174021124740 2418.232015331320 -5.42087563542671 0.74656380507105 5.36188576063485
2026-10-19T21:28:00.000 1754.682937705060 5489.766508421630 3601.261004518470 -6.17350143396451 -0.94020860111057 4.43648284652377
2026-10-19T21:32:00.000 227.292118082555 5067.474461415840 4521.893032431010 -6.47711141503698 -2.55717328440417 3.18874786146288
2026-10-19T21:36:00.000 -1316.621372560530 4277.315035720780 5113.341094457520 -6.31049136457811 -3.98720381359509 1.71006087533155
2026-10-19T21:40:00.000 -2765.050932119920 3176.870780041520 5332.815016116230 -5.68630661672212 -5.12726227946801 0.10782333366026
2026-10-19T21:44:00.000 -4012.989092355490 1846.060547084450 5164.490817868420 -4.64986483564721 -5.89532308370606 -1.50197037980886
2026-10-19T21:48:00.000 -4969.920424621310 381.389260015086 4620.599815065330 -3.27591242974449 -6.23598890284963 -3.00289140890456
2026-10-19T21:52:00.000 -5566.298655302000 -1110.939193053920 3740.557589317110 -1.66345028309842 -6.12431058864789 -4.28614009803169
2026-10-19T21:56:00.000 -5758.598614604970 -2522.606439568290 2588.210545172810 0.07091589998996 -5.56780490745343 -5.25815611174105
2026-10-19T22:00:00.000 -5532.594094351030 -3751.016442220740 1247.326329024000 1.80108686752226 -4.60644303560602 -5.84757097376172
2026-10-19T22:04:00.000 -4904.543970721370 -4706.834955152610 -184.455745615350 3.40073461963130 -3.31012053870116 -6.01094655401965
2026-10-19T22:08:00.000 -3920.087193819100 -5320.612853012400 -1602.799286642470 4.75293241124394 -1.77362227500009 -5.73630832199401
2026-10-19T22:12:00.000 -2650.882788618730 -5547.927915268830 -2904.400335427330 5.75916747714566 -0.10935256098531 -5.04415927978156
2026-10-19T22:16:00.000 -1189.265693087990 -5372.588725545850 -3994.617862640400 6.34670872398303 1.56134498646478 -3.98567534211410
2026-10-19T22:20:00.000 358.605749894422 -4807.680769088220 -4794.371475018240 6.47372587934516 3.11736476451117 -2.63846134731586
2026-10-19T22:24:00.000 1880.514300321030 -3894.443208133800 -5245.781728970190 6.13175836156807 4.44657580844637 -1.10047003743914
2026-10-19T22:28:00.000 3266.244590404410 -2699.168890625340 -5316.215635498150 5.34578735841221 5.45350513196352 0.51710877122088
2026-10-19T22:32:00.000 4415.417246637810 -1308.413205044620 -5000.539569686440 4.17230286000630 6.06571379106949 2.09764461519275
2026-10-19T22:36:00.000 5244.613870399050 177.147537788638 -4321.470745935100 2.69536673342053 6.23864293883371 3.52696228096313
2026-10-19T22:40:00.000 5693.373867276940 1649.839377043130 -3328.057249282430 1.02118528848726 5.95896463701729 4.70113538570393
2026-10-19T22:44:00.000 5728.676709458440 3002.700565105130 -2092.290111387010 -0.72910021617812 5.24598239582385 5.53407574327576
2026-10-19T22:48:00.000 5347.535431202220 4137.262865458650 -704.011339016683 -2.42787639447596 4.15086388688771 5.96413299015702
2026-10-19T22:52:00.000 4577.402990458910 4970.859194604760 735.612566060725 -3.95074118963584 2.75330449820432 5.95925686756176
2026-10-19T22:56:00.000 3474.241378277610 5442.795868318400 2121.566729657190 -5.18605446199668 1.15557895139420 5.51965273003405
2026-10-19T23:00:00.000 2118.395727362510 5518.875931894540 3352.791859532240 -6.04359603828685 -0.52523104115985 4.67786864664640
2026-10-19T23:04:00.000 608.582934679278 5193.862780313540 4339.670689312160 -6.46138763467564 -2.16642805579685 3.49601346831408
2026-10-19T23:08:00.000 -945.433468436762 4491.721189485680 5010.560614353230 -6.40985860196962 -3.64889834771658 2.06078388561792
2026-10-19T23:12:00.000 -2430.872544352500 3463.694599076870 5316.906200646090 -5.89348398000389 -4.86573137683932 0.47663917591583
2026-10-19T23:16:00.000 -3740.050033862210 2184.488094504210 5236.600493956270 -4.94992582042477 -5.72943196845201 -1.14176362175495
2026-10-19T23:20:00.000 -4778.033204227300 746.879233797182 4775.496205292340 -3.64719203356081 -6.17773096432250 -2.67740062042546
2026-10-19T23:24:00.000 -5469.426936997860 -744.893197405591 3967.010531406420 -2.07916798052258 -6.17799050768430 -4.01896803803290
2026-10-19T23:28:00.000 -5763.841231987500 -2182.585255746170 2869.784260237420 -0.35913057726761 -5.72970466937625 -5.06881934373993
2026-10-19T23:32:00.000 -5639.631082630080 -3461.746578380010 1563.541559532820 1.38804854685529 -4.86489134249424 -5.75001535895282
2026-10-19T23:36:00.000 -5105.623945398760 -4489.358321926330 143.367647157816 3.03489177133693 -3.64627816573560 -6.01236611334707
2026-10-19T23:40:00.000 -4200.586286775660 -5190.724967783710 -1287.254418502100 4.46099530304722 -2.16288545606205 -5.83656649207799
2026-10-19T23:44:00.000 -2990.393435487840 -5515.015984922340 -2624.104124474090 5.56232630970512 -0.52327516609634 -5.23581719328956
2026-10-19T23:48:00.000 -1563.112646823090 -5438.968207930420 -3769.936785577840 6.25912757055127 1.15287974935506 -4.25461954416397
2026-10-19T23:52:00.000 -22.450390533133 -4968.462605633700 -4641.591646801330 6.50156350193177 2.74390659808525 -2.96503445173268
2026-10-19T23:56:00.000 1519.856115149270 -4137.927064320620 -5175.957118015200 6.27286112125686 4.13500726694161 -1.46099647553519
2026-10-20T00:00:00.000 2952.102002793650 -3007.707067739520 -5334.399900985190 5.58997470862007 5.22623174671652 0.14867556688659
2026-10-20T00:04:00.000 4170.560490960270 -1659.673522465560 -5105.431092295990 4.50201782859522 5.93913384212240 1.74788679652490
2026-10-20T00:08:00.000 5086.839571171080 -191.403280643655 -4505.512257615780 3.08696303190457 6.22205328916378 3.22116230595322
2026-10-20T00:12:00.000 5634.215972299780 1290.731965553510 -3577.941362288430 1.44639934618186 6.05380718857540 4.46162013900514
2026-10-20T00:16:00.000 5772.531604333670 2679.139877819180 -2389.884924878040 -0.30112224149146 5.44559074697893 5.37847545322953
2026-10-20T00:20:00.000 5491.296752298830 3872.812058622210 -1027.654465140030 -2.02842362855170 4.44082533827591 5.90402534686924
2026-10-20T00:24:00.000 4810.647087149590 4784.780033349080 409.525502958002 -3.60909358578361 3.11242639142229 5.99912744940614
2026-10-20T00:28:00.000 3779.988038296490 5348.614037938960 1816.824170557830 -4.92722039237579 1.55756273781912 5.65654741810276
2026-10-20T00:32:00.000 2474.366964311610 5523.387960691080 3091.599541460460 -5.88642665282587 -0.10981012666940 4.90163270581999
2026-10-20T00:36:00.000 988.867024743961 5296.655509515140 4141.014664279080 -6.41714817261446 -1.76785468410688 3.79016881817543
2026-10-20T00:40:00.000 -568.463218995384 4685.235676064100 4888.834562417970 -6.48151151347348 -3.29602577811418 2.40379300352563
2026-10-20T00:44:00.000 -2084.552008743710 3733.830023533780 5280.899453989850 -6.07567377023912 -4.58394820881542 0.84362081747076
2026-10-20T00:48:00.000 -3449.471890684800 2511.635115666210 5288.902026371910 -5.22945233999294 -5.53899116178267 -0.77729538178319
2026-10-20T00:52:00.000 -4564.275929948370 1107.317174506850 4912.320599244380 -4.00396839972463 -6.09245208209871 -2.34180985709483
2026-10-20T00:56:00.000 -5348.032850228060 -377.314253075958 4178.436183391820 -2.48740672209294 -6.20413172519380 -3.73668200156543
2026-10-20T01:00:00.000 -5743.669712181260 -1834.548869213430 3140.456397653690 -0.78928164849931 -5.86544629153976 -4.86041728317098
2026-10-20T01:04:00.000 -5722.201972512300 -3158.541189227970 1873.772582470720 0.96725342012709 -5.10047325685235 -5.63080007967411
2026-10-20T01:08:00.000 -5284.969113875450 -4253.026916569450 470.558283780847 2.65418240718950 -3.96456481952092 -5.99112447028821
2026-10-20T01:12:00.000 -4463.666493976870 -5038.430841541100 -966.951770183487 4.14819090189649 -2.54060445130116 -5.91484676908301
2026-10-20T01:16:00.000 -3318.057846978140 -5457.771338484210 -2334.018868641410 5.34020040477091 -0.93277576005885 -5.40777155529652
2026-10-20T01:20:00.000 -1931.530526875590 -5480.843497757920 -3531.151345475120 6.14367875103962 0.74141527594389 -4.50752248795627
2026-10-20T01:24:00.000 -404.875531507665 -5106.332064878880 -4471.414685279800 6.50096017814774 2.36026556467038 -3.28036869695894
2026-10-20T01:28:00.000 1151.138776450440 -4361.734887721030 -5086.696185037960 6.38698291686595 3.80681858485500 -1.81586596438206
2026-10-20T01:32:00.000 2623.788841189320 -3301.216070206640 -5332.505244354930 5.81051710933018 4.97707826527884 -0.22010431543016
2026-10-20T01:36:00.000 3906.436248139060 -2001.634335092070 -5191.052648732430 4.81316651157791 5.78698179458397 1.39178980679281
2026-10-20T01:40:00.000 4906.084933338830 -557.056015781144 -4672.475846992580 3.46636854458857 6.17798752641050 2.90353245192208
2026-10-20T01:44:00.000 5550.018978777260 927.889637828189 -3814.174507080090 1.86677003420975 6.12119564632006 4.20554297954030
2026-10-20T01:48:00.000 5791.111352933920 2345.463363211210 -2678.258007890960 0.12974792173216 5.61980663652767 5.20274461188429
2026-10-20T01:52:00.000 5611.395716211440 3592.589788500220 -1347.193215767560 -1.61849791361322 4.70935601537216 5.82166765364935
2026-10-20T01:56:00.000 5023.579816685840 4578.430560626380 82.115317119694 -3.25017113069201 3.45572258079783 6.01630420340987
2026-10-20T02:00:00.000 4070.259153692130 5231.156049548780 1505.429725556970 -4.64561416875842 1.95046288950359 5.77200026836927
2026-10-20T02:04:00.000 2820.826256696910 5503.323278450370 2818.919842746670 -5.70265035817132 0.30391840340696 5.10679920998474
2026-10-20T02:08:00.000 1366.289821685530 5375.367889102560 3926.886385040770 -6.34444113863925 -1.36346232305079 4.06992184792912
2026-10-20T02:12:00.000 -187.514096477917 4856.923359468430 4748.792895374520 -6.52497223455429 -2.93033555829396 2.73762793225298
2026-10-20T02:16:00.000 -1727.719993212640 3985.962574919870 5225.062641519730 -6.23194066975445 -4.28331081827365 1.20722803104902
2026-10-20T02:20:00.000 -3142.617249896950 2825.895778667290 5321.284501411470 -5.48713261115545 -5.32501662987481 -0.41019789661834
2026-10-20T02:24:00.000 -4329.640822601000 1460.922896869200 5030.566712745150 -4.34448782127725 -5.98054348405484 -1.99770777144947
2026-10-20T02:28:00.000 -5202.666013381960 -9.997986673463 4373.990431347650 -2.88628759884329 -6.20251890547129 -3.44048743930756
2026-10-20T02:32:00.000 -5698.178679354140 -1480.193455995450 3399.138789162880 -1.21762236804258 -5.97442632992155 -4.63377957485658
2026-10-20T02:36:00.000 -5779.940609772970 -2842.906490281160 2176.779223360760 0.54060745694729 -5.31220394026340 -5.49035241085430
2026-10-20T02:40:00.000 -5441.771955953200 -3999.066171940270 795.824759076465 2.26035588309816 -4.26363512606055 -5.94722464821450
2026-10-20T02:44:00.000 -4708.132593593160 -4864.594939593730 -643.131029816181 3.81597021609158 -2.90513629086778 -5.97070821376253
2026-10-20T02:48:00.000 -3632.384657453230 -5376.647899212500 -2035.228744626710 5.09380366163154 -1.33610846998912 -5.55919614783218
2026-10-20T02:52:00.000 -2292.837581664250 -5498.245268655930 -3279.112966509970 6.00092917112717 0.32872361561958 -4.74327915605814
2026-10-20T02:56:00.000 -786.911024863662 -5220.899317301800 -4284.398688481250 6.47198232735489 1.96815693461054 -3.58314195759412
2026-10-20T03:00:00.000 776.073753793614 -4565.082535933500 -4978.222104339400 6.47366780031491 3.46355634494752 -2.16362630365109
2026-10-20T03:04:00.000 2282.852027529370 -3578.571178295190 -5310.399154522700 6.00650509017538 4.70733311572063 -0.58771850726045
2026-10-20T03:08:00.000 3624.313168152480 -2332.903334129020 -5256.907300201980 5.10433875997818 5.61016235476355 1.03083284464696
2026-10-20T03:12:00.000 4703.237683206210 -918.254726700363 -4821.540540641960 3.83184912643242 6.10693639812891 2.57528808764643
2026-10-20T03:16:00.000 5441.215712409580 562.945305777919 -4035.672558088980 2.28023867665831 6.16125824668167 3.93387769054313
2026-10-20T03:20:00.000 5784.328800276090 2003.274478191720 -2956.123446006610 0.56127429030271 5.76824043697985 5.00758177145702
2026-10-20T03:24:00.000 5707.206887693520 3298.040283256300 -1661.216407981480 -1.20031394852265 4.95551279166461 5.71738713399911
2026-10-20T03:28:00.000 5215.072793593680 4352.965647926860 -245.183751534352 -2.87591178415402 3.78175350632394 6.01064959393525
2026-10-20T03:32:00.000 4343.513696733670 5091.190965494980 1188.729191762320 -4.34271836419289 2.33255165053357 5.86543167306316
2026-10-20T03:36:00.000 3155.933676944370 5459.014579341340 2535.913798991580 -5.49325082949466 0.71406489812847 5.29240707767632
2026-10-20T03:40:00.000 1738.842155429440 5429.870952760040 3698.177600938390 -6.24367724962265 -0.95521114720003 4.33399099696148
2026-10-20T03:44:00.000 195.389159025611 5006.199260153690 4590.986267155080 -6.53996782593973 -2.55361127482802 3.06079164712851
2026-10-20T03:48:00.000 -1362.264503759820 4219.109771630830 5149.584525919520 -6.36143278347363 -3.96533244726063 1.56594575075952
2026-10-20T03:52:00.000 -2821.110291420570 3125.969343854600 5333.578643245830 -5.72164769897430 -5.08864170836494 -0.04191344309028
2026-10-20T03:56:00.000 -4075.393702093970 1806.165170839070 5129.733422649990 -4.66708433640392 -5.84279137985902 -1.64644361705845
2026-10-20T04:00:00.000 -5034.144128527670 355.395856739241 4552.853729169440 -3.27375668773875 -6.17337376614952 -3.13164851501792
2026-10-20T04:04:00.000 -5627.679607324730 -1121.144997629810 3644.746219384420 -1.64204774395559 -6.05616521727198 -4.38983188431356
2026-10-20T04:08:00.000 -5812.671442132930 -2516.289054929420 2471.303102022030 0.11004282918789 -5.49910747305570 -5.32918501178568
2026-10-20T04:12:00.000 -5575.419699524990 -3728.648345701700 1117.835197265720 1.85511909149644 -4.54219187973370 -5.88076163351119
2026-10-20T04:16:00.000 -4932.999394942100 -4670.050315042500 -317.096121724436 3.46571190526770 -3.25497528263505 -6.00383181789514
2026-10-20T04:20:00.000 -3932.106908945020 -5272.100979163660 -1728.917840107300 4.82407703339641 -1.73164083443945 -5.68941287567046
2026-10-20T04:24:00.000 -2645.605713760930 -5491.239373398540 -3014.809259826260 5.83128428557005 -0.08361345500568 -4.96095338189889
2026-10-20T04:28:00.000 -1167.087698778980 -5311.871138268060 -4081.288639890270 6.41458281764776 1.56898107338376 -3.87227877017940
2026-10-20T04:32:00.000 396.071100194281 -4747.366209032290 -4851.011693687910 6.53247231139684 3.10640296349408 -2.50312587864298
2026-10-20T04:36:00.000 1930.549407485020 -3838.918933851100 -5268.278359231020 6.17712735685730 4.41787529017000 -0.95300491625199
2026-10-20T04:40:00.000 3325.222926822010 -2652.456655268190 -5302.922910634650 5.37447993005961 5.40922832472724 0.66609279277310
2026-10-20T04:44:00.000 4479.048729035850 -1273.883428347800 -4952.383830494870 4.18212693312095 6.00908246367984 2.23742142959455
2026-10-20T04:48:00.000 5308.242113777430 197.002462121538 -4241.899656077290 2.68549877347081 6.17372132095860 3.64738261510047
2026-10-20T04:52:00.000 5752.317928816320 1653.577816511250 -3222.805491145280 0.99224822581980 5.89038595246989 4.79339657331458
2026-10-20T04:56:00.000 5778.583158146240 2990.032929619780 -1968.981048910090 -0.77501531499113 5.17867732892547 5.59135602772832
2026-10-20T05:00:00.000 5384.706694740700 4109.082894663390 -571.608232603923 -2.48741990583273 4.08967650772363 5.98214775712610
2026-10-20T05:04:00.000 4599.089878021870 4929.181863924110 867.453855879552 -4.01942000959301 2.70272487653772 5.93657715552143
2026-10-20T05:08:00.000 3478.855931033350 5390.647759516260 2243.218382918430 -5.25877664512090 1.11945612220716 5.45795742348388
2026-10-20T05:12:00.000 2105.596773282450 5460.071682726740 3455.386254712530 -6.11509714714961 -0.54423999106313 4.58173318454833
2026-10-20T05:16:00.000 579.293430989538 5132.698841306230 4415.745906698400 -6.52646845012569 -2.16697999656480 3.37251171507248
2026-10-20T05:20:00.000 -989.091119302127 4432.652810339090 5054.595424772420 -6.46378531992659 -3.63099015141488 1.91890890742823
2026-10-20T05:24:00.000 -2485.732504454450 3411.022110921980 5325.707412001260 -5.93233736778418 -4.83066692474322 0.32668871866460
2026-10-20T05:28:00.000 -3802.129569512980 2142.047988189270 5209.534419527650 -4.97087267161475 -5.67974690108124 -1.28887562211946
2026-10-20T05:32:00.000 -4842.828410180330 717.763788553855 4714.542232175130 -3.64874044284358 -6.11706214612230 -2.81097126713092
2026-10-20T05:36:00.000 -5532.237723249190 -758.568203160944 3876.605068972950 -2.06116667097100 -6.11077448459667 -4.12933354331370
2026-10-20T05:40:00.000 -5820.094823063870 -2179.827057175670 2756.503876561690 -0.32282755163785 -5.66081335117993 -5.14789501237337
2026-10-20T05:44:00.000 -5685.233035619070 -3442.758671908700 1435.644463824730 1.43996202551177 -4.79937304306938 -5.79200386114478
2026-10-20T05:48:00.000 -5137.260633669160 -4455.535977323230 10.175649246488 3.09864853522456 -3.58893038264638 -6.01423165535144
2026-10-20T05:52:00.000 -4215.957504929200 -5144.545710492570 -1416.033668474910 4.53194673042591 -2.11789640385235 -5.79815182335643
2026-10-20T05:56:00.000 -2988.389118470620 -5459.865328611590 -2739.086541328870 5.63528878427970 -0.49395833281634 -5.15997194451837
2026-10-20T06:00:00.000 -1543.886453804070 -5378.887934103950 -3862.758582025650 6.32881457587631 1.16439646928904 -4.14693309935981
2026-10-20T06:04:00.000 12.601744741997 -4907.845461718190 -4705.515277246390 6.56295923945505 2.73685027252023 -2.83337210966505
2026-10-20T06:08:00.000 1568.196591339440 -4081.186784920760 -5206.346681437810 6.32152806630901 4.10996557140813 -1.31490077916693
2026-10-20T06:12:00.000 3010.229525355190 -2958.961677364030 -5329.043593672990 5.62236732585204 5.18506148572299 0.29865273069214
2026-10-20T06:16:00.000 4234.258145545560 -1622.451434233840 -5064.699357438470 4.51574652379628 5.88486613574411 1.89092354492489
2026-10-20T06:20:00.000 5151.467763770760 -168.392788943883 -4432.327518822260 3.08092348778447 6.15860015479743 3.34691571940955
2026-10-20T06:24:00.000 5695.045825037960 1297.860010627430 -3477.586142670250 1.42097572589280 5.98570701732541 4.56089388207538
2026-10-20T06:28:00.000 5825.102501123130 2669.855807858120 -2269.634759779560 -0.34410257079919 5.37775155627916 5.44395937276183
2026-10-20T06:32:00.000 5531.750996967690 3847.773519625470 -896.259109801927 -2.08578569576317 4.37818869590363 5.93083473999726
2026-10-20T06:36:00.000 4836.024368157420 4745.802039370750 542.483517441597 -3.67659610587548 3.05962230339802 5.98525519606199
2026-10-20T06:40:00.000 3788.442146652470 5298.542798152940 1941.639776750000 -4.99985878784461 1.51850384649680 5.60298646520012
2026-10-20T06:44:00.000 2465.308078284740 5465.901004849270 3199.171704385970 -5.95884724397792 -0.13215451548663 4.81240865824130
2026-10-20T06:48:00.000 962.973581873765 5235.991150438830 4223.534728372020 -6.48418412980818 -1.77182673283763 3.67191726279828
2026-10-20T06:52:00.000 -609.320023720216 4625.854318774730 4940.338754639000 -6.53841618599728 -3.28145695593793 2.26514211477943
2026-10-20T06:56:00.000 -2137.426542094940 3680.066810052420 5297.669137064950 -6.11830007226569 -4.55199291890772 0.69457713870496
2026-10-20T07:00:00.000 -3510.538594591510 2467.403921341270 5269.730817465490 -5.25467336663329 -5.49199920211466 -0.92594226361307
2026-10-20T07:04:00.000 -4629.104985394920 1075.838315827810 4858.602335166410 -4.00990512649059 -6.03381591964333 -2.47929418799814
2026-10-20T07:08:00.000 -5411.914051925430 -393.742438059652 4094.074555911890 -2.47361133195972 -6.13811420706120 -3.85300087872916
2026-10-20T07:12:00.000 -5801.951363818350 -1834.726100022440 3031.585127286910 -0.75668748753023 -5.79686249751896 -4.94708620806574
2026-10-20T07:16:00.000 -5770.629964316920 -3142.447679686160 1748.323081437070 1.01625707753325 -5.03429878520338 -5.68142638524613
2026-10-20T07:20:00.000 -5320.021811922540 -4221.831894062930 337.683399489224 2.71594878032221 -3.90567724095714 -6.00200356395113
2026-10-20T07:24:00.000 -4482.807429991140 -4994.420955961620 -1097.564192788900 4.21821595224331 -2.49335914338061 -5.88523528087686
2026-10-20T07:28:00.000 -3319.907829121560 -5404.177611846410 -2452.857174004650 5.41338794601491 -0.90064731517060 -5.33988161677279
2026-10-20T07:32:00.000 -1915.966770471420 -5421.597963200720 -3629.579917634700 6.21472371083727 0.75609936640759 -4.40638271555929
2026-10-20T07:36:00.000 -373.034313482913 -5045.773441009730 -4542.301545103530 6.56474321516385 2.35646782209281 -3.15340309820810
2026-10-20T07:40:00.000 1196.951163530330 -4304.284420506750 -5124.921114467250 6.43892258489203 3.78488103435166 -1.67230297373366
2026-10-20T07:44:00.000 2680.261208061460 -3251.056962532510 -5335.315177046500 5.84687333468444 4.93863086543860 -0.07033116032584
2026-10-20T07:48:00.000 3969.488015128220 -1962.414194967930 -5158.253635478550 4.83130307304894 5.73482689273623 1.53695309447398
2026-10-20T07:52:00.000 4971.155361386570 -531.625277668943 -4606.452077584900 3.46494207372705 6.11593781085842 3.03355719437411
2026-10-20T07:56:00.000 5612.388699735660 937.687667175158 -3719.722061705170 1.84582011325713 6.05376389326142 4.31097311737184
2026-10-20T08:00:00.000 5846.247228514310 2338.917366304150 -2562.246590985720 0.09078702039933 5.55186851001961 5.27586496993700
2026-10-20T08:04:00.000 5655.292938958920 3570.175258791400 -1218.075504373750 -1.67261370988492 4.64586739805813 5.85708547378301
2026-10-20T08:08:00.000 5053.062679322340 4541.785799995510 214.915529746320 -3.31542686266043 3.40137068206539 6.01138625087129
2026-10-20T08:12:00.000 4083.217392648450 5182.979466054430 1632.219390013140 -4.71722425737944 1.90931908466202 5.72715188476289
2026-10-20T08:16:00.000 2816.353157516840 5447.172527306390 2930.460683100290 -5.77541255257730 0.27902741262371 5.02536699623037
2026-10-20T08:20:00.000 1344.742409360970 5315.389372096620 4015.073593026850 -6.41310905290331 -1.37027715496775 3.95794686885909
2026-10-20T08:24:00.000 -224.557287928610 4797.537431662930 4807.246697478940 -6.58467348088745 -2.91863206946382 2.60334854228910
2026-10-20T08:28:00.000 -1777.586497850310 3931.517336825420 5249.573801100510 -6.27845279179475 -4.25412424881333 1.06034895091106
2026-10-20T08:32:00.000 -3201.709719657100 2780.341027345250 5310.079038596020 -5.51701534047297 -5.28057360238907 -0.55916277120703
2026-10-20T08:36:00.000 -4393.667140471290 1427.551630360220 4984.435528141910 -4.35545257221374 -5.92406986862981 -2.13802774689099
2026-10-20T08:40:00.000 -5266.946748074800 -28.768625195921 4296.245795502640 -2.87741180431415 -6.13804353638114 -3.56199573132675
2026-10-20T08:44:00.000 -5757.994199953840 -1482.986314848030 3295.399937439510 -1.18951526207760 -5.90656055147515 -4.72755499867835
2026-10-20T08:48:00.000 -5830.892352069580 -2829.493142312470 2054.575280656780 0.58590660791234 -5.24583496737583 -5.54949454453448
2026-10-20T08:52:00.000 -5480.114020885670 -3970.390205131660 664.050982688292 2.31947789481846 -4.20360254246325 -5.96732793901555
2026-10-20T08:56:00.000 -4731.059253486320 -4822.722267811590 -774.867603803176 3.88450989050000 -2.85587817025948 -5.95030626671525
2026-10-20T09:00:00.000 -3638.232282756360 -5324.619658215870 -2157.335241304730 5.16671353107421 -1.30125751795579 -5.49985247591329
2026-10-20T09:04:00.000 -2281.194593171090 -5439.850015195600 -3382.717959916130 6.07288725532523 0.34660135534633 -4.64939851512292
2026-10-20T09:08:00.000 -758.634652399380 -5160.395285142620 -4361.995815265180 6.53779806850455 1.96774899952808 -3.46162150504536
2026-10-20T09:12:00.000 818.928059274421 -4506.878665945130 -5024.208364202530 6.52860235627837 3.44491502897708 -2.02333152514882
2026-10-20T09:16:00.000 2337.182292106350 -3526.905830421130 -5321.470859880340 6.04663085272758 4.67182148778330 -0.43882615963022
2026-10-20T09:20:00.000 3686.197304785590 -2291.537054222510 -5232.289462892080 5.12678366430465 5.56037487240068 1.17754654058782
2026-10-20T09:24:00.000 4768.211294478140 -890.196371284699 -4763.039624919400 3.83499042801337 6.04649858806667 2.70921854963965
2026-10-20T09:28:00.000 5504.587820707300 575.652065192381 -3947.548926136850 2.26383179002434 6.09454612801389 4.04528667465892
2026-10-20T09:32:00.000 5841.523235986490 1999.703502407620 -2844.802572625750 0.52651630752487 5.70014616830357 5.08829459806889
2026-10-20T09:36:00.000 5754.098003300590 3278.463452599010 -1534.822028767010 -1.25089219822115 4.89104392382116 5.76151907820438
2026-10-20T09:40:00.000 5248.287040266780 4318.827099283550 -112.937671456379 -2.93860171220785 3.72562099491293 6.01497986776714
2026-10-20T09:44:00.000 4360.685477539180 5045.005056410240 1317.176941286960 -4.41288917132148 2.28892361622476 5.82965244810188
2026-10-20T09:48:00.000 3155.875237233940 5404.198662374660 2651.203067527610 -5.56580099377957 0.68622978484417 5.21922671996049
2026-10-20T09:52:00.000 1721.603886961750 5370.486291827350 3791.935020550970 -6.31343522812526 -0.96522557236505 4.22884868516759
2026-10-20T09:56:00.000 162.246978199264 4946.629589474510 4656.426314591140 -6.60195292677220 -2.54514252931072 2.93140431689234
2026-10-20T10:00:00.000 -1408.903396707460 4163.731720757320 5181.990751990620 -6.41125460087668 -3.93911152273533 1.42172562736539
2026-10-20T10:04:00.000 -2877.880779014160 3078.816115669220 5330.624103071390 -5.75573347349788 -5.04677147286879 -0.19060363758423
2026-10-20T10:08:00.000 -4138.184123471440 1770.634258809430 5091.617866670390 -4.68282701294460 -5.78839691920987 -1.78900185844597
2026-10-20T10:12:00.000 -5098.364417304260 334.040837977840 4482.295867139400 -3.26982955583409 -6.11034301372063 -3.25779947357845
2026-10-20T10:16:00.000 -5688.595576940440 -1126.777923717110 3546.816949806970 -1.61860007987884 -5.98895633915323 -4.49036255763087
2026-10-20T10:20:00.000 -5865.771615031690 -2505.765626658460 2353.083236457010 0.15132763902867 -5.43247725235823 -5.39668676488222
2026-10-20T10:24:00.000 -5616.767601484810 -3702.683444876910 987.912539453706 1.91114692850976 -4.48093685245160 -5.91016389000666
2026-10-20T10:28:00.000 -4959.542851216690 -4630.487508196120 -449.254499798686 3.53228233531153 -3.20360992393610 -5.99295016425031
2026-10-20T10:32:00.000 -3941.898396916570 -5221.784057721560 -1853.684373910190 4.89624573597161 -1.69394889123450 -5.63908549599806
2026-10-20T10:36:00.000 -2637.931281696440 -5433.806320893570 -3123.108994547960 5.90377246333388 -0.06237220359547 -4.87490614084546
2026-10-20T10:40:00.000 -1142.507105593980 -5251.482698741070 -4165.257937043220 6.48211744635873 1.57221831353128 -3.75681541532345
2026-10-20T10:44:00.000 435.768709267025 -4688.399343789660 -4904.566063185580 6.59015058773123 3.09139086465911 -2.36668439447884
2026-10-20T10:48:00.000 1982.481991174540 -3785.648306276480 -5287.550834199240 6.22078851174641 4.38570439536607 -0.80550383176352
2026-10-20T10:52:00.000 3385.627390077470 -2608.746586358630 -5286.535415460410 5.40099755295035 5.36221301588074 0.81395073009749
2026-10-20T10:56:00.000 4543.557620144670 -1242.906213974910 -4901.542557112880 4.18960696637907 5.95063684208846 2.37493192549888
2026-10-20T11:00:00.000 5372.192993069090 212.999508327813 -4160.306172355930 2.67338979684177 6.10809393480666 3.76458102608851
2026-10-20T11:04:00.000 5811.080886963260 1653.434091548600 -3116.393118338700 0.96138526261040 5.82231936168054 4.88174893566997
2026-10-20T11:08:00.000 5827.903404632110 2973.753398786570 -1845.501013698870 -0.82234630001144 5.11310497648548 5.64434795692185
2026-10-20T11:12:00.000 5421.034784531160 4077.858197451710 -440.072122618504 -2.54770084359307 4.03149077863410 5.99588816197437
2026-10-20T11:16:00.000 4619.823269769860 4885.317395249300 997.451468974047 -4.08830160410054 2.65622482482329 5.91009955773136
2026-10-20T11:20:00.000 3482.524780041270 5337.374284485950 2362.202450703370 -5.33122063543519 1.08803277159084 5.39322369733924
2026-10-20T11:24:00.000 2091.981050986070 5401.312729164450 3554.697252381380 -6.18582016462406 -0.55823913434209 4.48354608607690
2026-10-20T11:28:00.000 549.417770967398 5072.788044868190 4488.182636759870 -6.59044698426677 -2.16253778028144 3.24812271275608
2026-10-20T11:32:00.000 -1033.051633171920 4375.988469089520 5094.922130836450 -6.51646971334580 -3.60856334682679 1.77733806103040
2026-10-20T11:36:00.000 -2540.592671129760 3361.737144879620 5331.011799845650 -5.96993578623967 -4.79199689583908 0.17817839724734
2026-10-20T11:40:00.000 -3863.915388959120 2103.706891984450 5179.431535930030 -4.99061524175540 -5.62779456608312 -1.43365566437275
2026-10-20T11:44:00.000 -4907.034318199550 693.110547003114 4651.182206824990 -3.64900575635381 -6.05563302286799 -2.94166202819902
2026-10-20T11:48:00.000 -5594.133791844920 -767.769288341524 3784.531281098130 -2.04175867266354 -6.04419228126764 -4.23644687310560
2026-10-20T11:52:00.000 -5875.096551426670 -2172.898260521790 2642.358328598510 -0.28512552475247 -5.59377509949579 -5.22357985133023
2026-10-20T11:56:00.000 -5729.252129076900 -3420.162489039500 1307.694122658150 1.49321105476792 -4.73662892374497 -5.83062797576638
2026-10-20T12:00:00.000 -5167.025256390000 -4418.854215832640 -122.271207867809 3.16342671824485 -3.53502165350312 -6.01283520529870
2026-10-20T12:04:00.000 -4229.273470134330 -5096.394009197120 -1543.326203289760 4.60339712581921 -2.07680901002863 -5.75687022191402
2026-10-20T12:08:00.000 -2984.278634880740 -5403.703727743360 -2851.960329332090 5.70816502012744 -0.46871255401370 -5.08183912603661
2026-10-20T12:12:00.000 -1522.647821734680 -5318.767390344380 -3953.006061572680 6.39780114780468 1.17193658186565 -4.03766978889217
2026-10-20T12:16:00.000 49.423955723862 -4848.109078197290 -4766.580927496280 6.62304463717651 2.72612587452345 -2.70093872555396
2026-10-20T12:20:00.000 1617.927261474920 -4026.151489823840 -5233.797504598700 6.36835638809266 4.08175531840267 -1.16891682146023
2026-10-20T12:24:00.000 3069.255166729560 -2912.601297130270 -5320.885385875770 5.65251998372808 5.14141650768280 0.44760794252154
2026-10-20T12:28:00.000 4298.286221384210 -1588.114834194270 -5021.518203131000 4.52702900354789 5.82892080402116 2.03204928692499
2026-10-20T12:32:00.000 5215.842108341820 -148.561153297541 -4357.248945172370 3.07250467799872 6.09440453768386 3.46998399097809
2026-10-20T12:36:00.000 5755.077597354840 1301.753576430020 -3376.047854962020 1.39341727153689 5.91788427966821 4.65697113341912
2026-10-20T12:40:00.000 5876.407291624440 2657.524454445970 -2149.006153486670 -0.38882714847301 5.31118773153175 5.50598078647118
2026-10-20T12:44:00.000 5570.577331010540 3820.102746664820 -765.321532977417 -2.14439609774442 4.31770522308898 5.95417640100000
2026-10-20T12:48:00.000 4859.548094052550 4704.797098458180 674.175844348804 -3.74471096471231 3.00968504006993 5.96816668561726
2026-10-20T12:52:00.000 3794.972990343880 5247.202967610410 2064.481080926120 -5.07249910385889 1.48284897132333 5.54678060612026
2026-10-20T12:56:00.000 2454.385023172080 5407.987109944730 3304.214944522010 -6.03076024407106 -0.15095159248035 4.72120224007484
2026-10-20T13:00:00.000 935.408816260543 5175.740042219150 4303.134781217730 -6.55010402682006 -1.77238853947468 3.55240883944370
2026-10-20T13:04:00.000 -651.503649520208 4567.672798244130 4988.722116948960 -6.59359333139585 -3.26376237090451 2.12610731407118
2026-10-20T13:08:00.000 -2191.162272347300 3628.199284336100 5311.340102829690 -6.15881020361747 -4.51740499196443 0.54608924982549
2026-10-20T13:12:00.000 -3571.930837846510 2425.617918108110 5247.698849334220 -5.27757309966460 -5.44309917431623 -1.07317198759649
2026-10-20T13:16:00.000 -4693.693682449180 1047.151385147060 4802.456569607180 -4.01345827650903 -5.97423051505663 -2.61462292547146
2026-10-20T13:20:00.000 -5474.980329096700 -407.274740364091 4007.872231754450 -2.45743177634393 -6.07217547933777 -3.96661621419913
2026-10-20T13:24:00.000 -5858.860699606590 -1832.138361138740 2921.566939161000 -0.72186915899030 -5.72926763513533 -5.03071476306329
2026-10-20T13:28:00.000 -5817.185212520680 -3123.922604600970 1622.470239119770 1.06719975471713 -4.96987993868251 -5.72893645520422
2026-10-20T13:32:00.000 -5352.778145250000 -4188.693166673670 205.145766092824 2.77928172859572 -3.84905023212764 -6.00984121726094
2026-10-20T13:36:00.000 -4499.343299762180 -4949.044188890830 -1227.126982930020 4.28920154799869 -2.44863663846487 -5.85275612328223
2026-10-20T13:40:00.000 -3319.012038145390 -5349.839413280620 -2569.998441058270 5.48677730815799 -0.87115522977992 -5.26949145732821
2026-10-20T13:44:00.000 -1897.703632482590 -5362.238537833270 -3725.769593748950 6.28518241024758 0.76819693524420 -4.30324813558118
2026-10-20T13:48:00.000 -338.728021534953 -4985.696278704370 -4610.541347887580 6.62716549547221 2.35032308658125 -3.02504382437861
2026-10-20T13:52:00.000 1244.813780827830 -4247.833859243420 -5160.243944295050 6.48877613524941 3.76099858135086 -1.52801814201560
2026-10-20T13:56:00.000 2738.203025619780 -3202.300639068800 -5335.133393048450 5.88048816868858 4.89879161583517 0.07946440604636
2026-10-20T14:00:00.000 4033.280851657980 -1924.854580608940 -5122.542012835030 4.84613048368130 5.68192022263590 1.68144215066636
2026-10-20T14:04:00.000 5036.121541530750 -507.962628437771 -4537.756910024930 3.45982607609778 6.05373097664071 3.16224959210963
2026-10-20T14:08:00.000 5673.752762205940 945.745903512768 -3622.989405722820 1.82109397412825 5.98671634925947 4.41449842648815
2026-10-20T14:12:00.000 5899.483284170200 2330.782267760940 -2444.466032797200 0.04818194147851 5.48477789125695 5.34665386185307
2026-10-20T14:16:00.000 5696.454431518560 3546.413639369220 -1087.787751756500 -1.73000563162165 4.58352088387625 5.88986266150409
2026-10-20T14:20:00.000 5079.093879666620 4504.085894827790 348.226467162386 -3.38332501877639 3.34828042550679 6.00362920577285
2026-10-20T14:24:00.000 4092.196972463670 5134.050515035520 1758.824743341270 -4.79053005527734 1.86942625854292 5.67937272787635
2026-10-20T14:28:00.000 2807.631382179240 5390.567011421440 3041.122434509190 -5.84871714146980 0.25535200471989 4.94111086144531
2026-10-20T14:32:00.000 1318.962278456570 5255.238821775970 4101.734154166420 -6.48109551829984 -1.37595911024267 3.84342720425280
2026-10-20T14:36:00.000 -265.517157587585 4738.235885956930 4863.611540576150 -6.64241002692883 -2.90592431784556 2.46695378848557
2026-10-20T14:40:00.000 -1830.742657016140 3877.392321274800 5271.564858925770 -6.32174123200773 -4.22395421514442 0.91205542834109
2026-10-20T14:44:00.000 -3263.203787499020 2735.343119934010 5296.128567334180 -5.54280001675851 -5.23515759009331 -0.70856397710085
2026-10-20T14:48:00.000 -4459.051781356930 1394.958187860270 4935.579568049040 -4.36188808872713 -5.86675166144941 -2.27773520969066
2026-10-20T14:52:00.000 -5331.491579200580 -46.590434581999 4216.049877349610 -2.86401605207351 -6.07301990139288 -3.68186223981152
2026-10-20T14:56:00.000 -5817.024747614590 -1484.748512947600 3189.707390870810 -1.15723542083170 -5.83857248625467 -4.81885624443625
2026-10-20T15:00:00.000 -5880.132287458670 -2815.081318172470 1931.090807047190 0.63471896795867 -5.17987088212001 -5.60555092753287
2026-10-20T15:04:00.000 -5515.999525886350 -3940.877015185640 531.778146232345 2.38127541634198 -4.14449127726134 -5.98406607107194
2026-10-20T15:08:00.000 -4750.998032515490 -4780.282777870490 -906.287045675583 3.95478155480151 -2.80793658389206 -5.92649768434166
2026-10-20T15:12:00.000 -3640.801180580460 -5272.380285427640 -2278.322392510760 5.24030587408108 -1.26804444387756 -5.43727210856122
2026-10-20T15:16:00.000 -2266.234943483480 -5381.663607192470 -3484.473357573110 6.14448542699446 0.36264977703345 -4.55271003606687
2026-10-20T15:20:00.000 -727.247349777058 -5100.541897968370 -4437.142297417720 6.60227824727134 1.96552083525631 -3.33792829946870
2026-10-20T15:24:00.000 864.469474372893 -4449.739323108450 -5067.310608326320 6.58136100991868 3.42468832503425 -1.88160775308445
2026-10-20T15:28:00.000 2393.585676798650 -3476.632595108900 -5329.407816375370 6.08382606685238 4.63519662072669 -0.28927185820854
2026-10-20T15:32:00.000 3749.367763719370 -2251.760149301640 -5204.467898259580 5.14561594158614 5.51006707305893 1.32417934143833
2026-10-20T15:36:00.000 4833.532090883090 -863.779994953172 -4701.442516301520 3.83394578679402 5.98613606177752 2.84233171472111
2026-10-20T15:40:00.000 5567.255651185660 586.800376417630 -3856.610972535830 2.24289548867684 6.02843826823408 4.15518193222131
2026-10-20T15:44:00.000 5896.913414983540 1994.769491274520 -2731.098631103110 0.48716235651476 5.63304476798567 5.16695241229396
2026-10-20T15:48:00.000 5798.099646753430 3257.788553543410 -1406.593136334390 -1.30586889145480 4.82775688598242 5.80314519100437
2026-10-20T15:52:00.000 5277.611913613010 4283.878045254370 20.493385862508 -3.00517435033218 3.67067656214860 6.01642103844001
2026-10-20T15:56:00.000 4373.128222575700 4998.275473270040 1446.079952385160 -4.48611888763604 2.24630009410808 5.79069707824545
2026-10-20T16:00:00.000 3150.487740960260 5349.040727972110 2766.160796778570 -5.64022446213885 0.65905487118574 5.14268021322838
2026-10-20T16:04:00.000 1698.767692463190 5310.879303130110 3884.546748648810 -6.38352273022144 -0.97488031977187 4.12033536778890
2026-10-20T16:08:00.000 123.623314997572 4886.896973191120 4719.937995585210 -6.66263082102403 -2.53653306583611 2.79890634761097
2026-10-20T16:12:00.000 -1460.511429528750 4108.202961263170 5211.776543423160 -6.45811092447619 -3.91290678600163 1.27488552740590
2026-10-20T16:16:00.000 -2938.717777345440 3031.512698245010 5324.508788787300 -5.78531527245955 -5.00483413422905 -0.34110266791010
2026-10-20T16:20:00.000 -4203.824712194010 1734.993483723880 5050.046522736320 -4.69304312556852 -5.73374439671741 -1.93216612997731
2026-10-20T16:24:00.000 -5164.046478195930 312.650340693199 4408.293484893880 -3.25995389420368 -6.04696212361568 -3.38324101303548
2026-10-20T16:28:00.000 -5749.556347428870 -1132.365591116550 3445.768522457010 -1.58937333532471 -5.92145245467584 -4.58892871355200
2026-10-20T16:32:00.000 -5917.598559031680 -2495.147637987650 2232.347515522720 0.19773691813920 -5.36576403778371 -5.46117497681104
2026-10-20T16:36:00.000 -5655.728258569510 -3676.642301875850 856.286324672718 1.97129519363935 -4.41991947910661 -5.93587895946912
2026-10-20T16:40:00.000 -4982.852563852210 -4590.942949598330 -582.183517872081 3.60175389570150 -3.15280697606188 -5.97802931498379
2026-10-20T16:44:00.000 -3947.918579747020 -5171.661474460350 -1978.240221033090 4.96997111305830 -1.65715321464545 -5.58466675921764
2026-10-20T16:48:00.000 -2626.280710110500 -5376.821716165890 -3230.243643171800 5.97641771671979 -0.04234168295909 -4.78505692090643
2026-10-20T16:52:00.000 -1114.070345480500 -5191.862064152700 -4247.219953851980 6.54853020193532 1.57403345903763 -3.63818711743085
2026-10-20T16:56:00.000 478.921042326826 -4630.544494845510 -4955.452480290180 6.64563694380707 3.07497320081018 -2.22792611834805
2026-10-20T17:00:00.000 2037.235500957610 -3733.800387212490 -5303.712371365250 6.26139595662580 4.35239643434278 -0.65663055918336
2026-10-20T17:04:00.000 3448.031078292700 -2566.674522301790 -5266.816693298400 5.42373280496625 5.31456634062513 0.96228303232702
2026-10-20T17:08:00.000 4609.079046657220 -1213.649671139280 -4847.358925305490 4.19266572800885 5.89213385489510 2.51206797323935
2026-10-20T17:12:00.000 5436.034283022780 227.325776276484 -4075.560292857660 2.65639556942476 6.04291994382750 3.88056941453361
2026-10-20T17:16:00.000 5868.539272774510 1651.780587754820 -3007.217999334170 0.92550910953775 5.75513546107934 4.96807921181742
2026-10-20T17:20:00.000 5874.731622567430 2956.222541528850 -1719.825527820360 -0.87452014745199 5.04878434167750 5.69467603994202
2026-10-20T17:24:00.000 5453.749715078740 4045.701434845270 -307.036539178218 -2.61242629876587 3.97465878953383 6.00650291232836
2026-10-20T17:28:00.000 4635.964264663930 4840.835123180770 1128.148658090980 -4.16083340892076 2.61097457802436 5.88010212124264
2026-10-20T17:32:00.000 3480.854642428280 5283.761985606950 2481.010480913960 -5.40619117585157 1.05766554754367 5.32474830066283
2026-10-20T17:36:00.000 2072.580209533060 5342.431610826250 3652.927492234590 -6.25769148575830 -0.57151479103442 4.38158907428164
2026-10-20T17:40:00.000 513.677940494001 5012.880399984440 4558.646879650930 -6.65388490349369 -2.15775198969847 3.12012201150026
2026-10-20T17:44:00.000 -1082.532230867160 4319.379464814620 5132.466093872020 -6.56684457287073 -3.58603299646089 1.63268300189402
2026-10-20T17:48:00.000 -2600.217964789730 3312.509920839320 5332.882141968610 -6.00357219596926 -4.75338721905953 0.02735667947689
2026-10-20T17:52:00.000 -3929.339058231750 2065.412294347100 5145.459199777260 -5.00499981340053 -5.57583190440112 -1.57968910584516
2026-10-20T17:56:00.000 -4973.485302085200 668.529105738675 4583.815986630620 -3.64314271481093 -5.99401622098872 -3.07219973553816
2026-10-20T18:00:00.000 -5656.781094502420 -776.850009545917 3688.666096255900 -2.01611866471725 -5.97742699744257 -4.34194636104828
2026-10-20T18:04:00.000 -5929.393071489170 -2165.821848035960 2524.971722243030 -0.24160957661123 -5.52672484352161 -5.29632542883686
2026-10-20T18:08:00.000 -5771.270633793630 -3397.453388079270 1177.339167082870 1.55137364163260 -4.67421697737720 -5.86528377465183
2026-10-20T18:12:00.000 -5193.750018985420 -4382.192931629850 -256.089732186437 3.23192461829745 -3.48189667491073 -6.00687348824027
2026-10-20T18:16:00.000 -4238.814379935140 -5048.503467660820 -1670.858605365760 4.67722380245059 -2.03694345926884 -5.71078398827812
2026-10-20T18:20:00.000 -2975.995763919490 -5348.142926925360 -2963.935095406290 5.78196273006771 -0.44505533865393 -4.99909204929173
2026-10-20T18:24:00.000 -1497.192099412090 -5259.662212444840 -4041.314779080330 6.46625211780641 1.17763744771768 -3.92442470377171
2026-10-20T18:28:00.000 90.176390699588 -4789.843290070790 -4824.868539713820 6.68132511399237 2.71349337859352 -2.56554321918540
2026-10-20T18:32:00.000 1671.029957378820 -3973.022325905050 -5257.901165355750 6.41238053677127 4.05187185650884 -1.02116517528867
2026-10-20T18:36:00.000 3130.884537708060 -2868.492435497210 -5309.101632322340 5.67911294483534 5.09661111200071 0.59712111999521
2026-10-20T18:40:00.000 4363.990854586890 -1556.223643169290 -4974.712643845740 4.53416101706545 5.77253786425062 2.17262946255174
2026-10-20T18:44:00.000 5280.837919042090 -131.190402163446 -4278.798508291180 3.05946927554843 6.03050651806657 3.59150471381374
2026-10-20T18:48:00.000 5814.591206920220 1303.338427834170 -3271.627140180500 1.36103607838176 5.85102540801546 4.75053162497165
2026-10-20T18:52:00.000 5926.046807032750 2643.187039996290 -2026.200245948370 -0.43822045218070 5.24616092257697 5.56467469624665
2026-10-20T18:56:00.000 5606.677180152590 3790.855591875640 -633.076857317781 -2.20713900356744 4.25925410228244 5.97365414343820
2026-10-20T19:00:00.000 4879.436935510990 4662.747592988320 806.214704576406 -3.81623528001966 2.96210294391115 5.94697955375992
2026-10-20T19:04:00.000 3797.162521222800 5195.393141444770 2186.677282621110 -5.14755405050765 1.44959403771728 5.48644722032774
2026-10-20T19:08:00.000 2438.690843479170 5350.171527171060 3407.648840761650 -6.10382213627798 -0.16743412158301 4.62614834744227
2026-10-20T19:12:00.000 902.953080880017 5116.114362331650 4380.261672468910 -6.61587184884904 -1.77090440441854 3.42957396613219
2026-10-20T19:16:00.000 -698.380107381872 4510.559156486900 5033.910372749670 -6.64725377378418 -3.24443988467710 1.98441536666578
2026-10-20T19:20:00.000 -2249.059313817860 3577.735796894220 5321.286387053930 -6.19642625611987 -4.48165270629071 0.39590035370894
2026-10-20T19:24:00.000 -3636.643617079510 2385.455455978280 5221.672398233590 -5.29640282630086 -5.39353285728884 -1.22093398966085
2026-10-20T19:28:00.000 -4760.515935728230 1020.196184092130 4742.337753057130 -4.01210263933421 -5.91439073583606 -2.74922304975897
2026-10-20T19:32:00.000 -5539.055925345780 -419.056393074254 3918.026712672570 -2.43605403834766 -6.00633635409838 -4.07821474326272
2026-10-20T19:36:00.000 -5915.553651969230 -1827.877145707440 2808.536865188370 -0.68211095375075 -5.66224410313812 -5.11113348025774
2026-10-20T19:40:00.000 -5862.414191405650 -3103.930379441030 1494.497410986470 1.12237706581058 -4.90663100158774 -5.77227669671942
2026-10-20T19:44:00.000 -5383.312577772920 -4154.450070123530 71.563569609199 2.84580296672285 -3.79428480539090 -6.01296784590397
2026-10-20T19:48:00.000 -4513.033452729290 -4903.092997653510 -1356.588004910190 4.36218937858328 -2.40644809668358 -5.81551470889521
2026-10-20T19:52:00.000 -3314.936146239070 -5295.599025028740 -2685.931758326490 5.56094474999478 -0.84470079962049 -5.19471275295701
2026-10-20T19:56:00.000 -1876.218157288370 -5303.746596337680 -3819.784468465170 6.35523244998405 0.77695881596426 -4.19651037121712
2026-10-20T20:00:00.000 -301.424557320086 -4927.295224845740 -4675.868577119490 6.68814503623900 2.34082348283032 -2.89418147102992
2026-10-20T20:04:00.000 1295.223195078570 -4193.838999635260 -5192.211073273030 6.53637189348847 3.73402849446365 -1.38257543975864
2026-10-20T20:08:00.000 2798.083249124600 -3156.674088809860 -5331.487260438840 5.91133942124795 4.85647431949628 0.22901737249917
2026-10-20T20:12:00.000 4098.316655893580 -1890.916159801000 -5083.581020477910 4.85796345257979 5.62744385080561 1.82441165856347
2026-10-20T20:16:00.000 5101.601804918590 -488.164402006448 -4466.306684934700 3.45164180938498 5.99108635164147 3.28839265152872
2026-10-20T20:20:00.000 5734.891770244320 949.972499572016 -3524.212991485580 1.79329528750405 5.92036699000571 4.51467080729469
2026-10-20T20:24:00.000 5951.777749181780 2319.111226512640 -2325.529038682750 0.00272905973418 5.41944868823957 5.41343589162601
2026-10-20T20:28:00.000 5736.046057167740 3519.662625976920 -957.354406013291 -1.78975039152479 4.52395586433281 5.91828661189164
2026-10-20T20:32:00.000 5103.065770367020 4464.173554125730 480.639576611902 -3.45293758320377 3.29884048172993 5.99160551707657
2026-10-20T20:36:00.000 4098.785619434930 5083.859379868680 1883.559074178410 -4.86488904023024 1.83373849942634 5.62780572079108
2026-10-20T20:40:00.000 2796.344476920950 5333.732404385270 3149.087185202040 -5.92240954402281 0.23601327248639 4.85378707780558
2026-10-20T20:44:00.000 1290.609859382480 5195.877038737130 4185.060953831990 -6.54874045723811 -1.37753590427521 3.72668796055435
2026-10-20T20:48:00.000 -308.881861526782 4680.658300701270 4916.227832120540 -6.69911753394961 -2.88957306043262 2.32933837604591
2026-10-20T20:52:00.000 -1885.987411226590 3825.779849643020 5289.635385358750 -6.36342446120608 -4.19090811192224 0.76353672392214
2026-10-20T20:56:00.000 -3326.327934354220 2693.433871533700 5278.321234165650 -5.56636603819099 -5.18783964393851 -0.85719648968437
2026-10-20T21:00:00.000 -4525.468090910490 1365.783220127880 4883.176357189400 -4.36558791214912 -5.80859628158765 -2.41564106367885
2026-10-20T21:04:00.000 -5396.368968896540 -60.920608224060 4132.852699475980 -2.84757517467840 -6.00821418126909 -3.79900285523150
2026-10-20T21:08:00.000 -5875.647954117900 -1483.190608857680 3081.760905199820 -1.12188253508795 -5.77178003838921 -4.90669393892690
2026-10-20T21:12:00.000 -5928.251083402660 -2797.739615650400 1806.249265688640 0.68635177079932 -5.11594119841514 -5.65763518408353
2026-10-20T21:16:00.000 -5550.147475917630 -3909.011113339600 399.137713028237 2.44533991338836 -4.08814057618663 -5.99657358960364
2026-10-20T21:20:00.000 -4768.744969205010 -4736.231199506320 -1037.061812145150 4.02655514082100 -2.76338144929444 -5.89855076174428
2026-10-20T21:24:00.000 -3640.914660588050 -5219.394351332110 -2397.718515288310 5.31458654094354 -1.23860955071485 -5.37099119445542
2026-10-20T21:28:00.000 -2248.756595010350 -5323.658355435650 -3583.827863593890 6.21592421186503 0.37478350150653 -4.45301618627990
2026-10-20T21:32:00.000 -693.476534483819 -5041.798870029090 -4509.273430875810 6.66580320476144 1.95951435950305 -3.21215049902569
2026-10-20T21:36:00.000 912.078092912357 -4394.573053900210 -5107.023526698620 6.63246043325634 3.40109076717393 -1.73886992261482
2026-10-20T21:40:00.000 2451.587974190510 -3429.069912763920 -5333.850764537830 6.11881192859445 4.59583523198638 -0.13987572092025
2026-10-20T21:44:00.000 3813.564597935770 -2215.249655949450 -5173.331971332610 5.16192610425133 5.45789981356501 1.46949255893558
2026-10-20T21:48:00.000 4899.259783575250 -840.952118157730 -4636.969962695480 3.83028869409401 5.92497277796099 2.97314636963959
2026-10-20T21:52:00.000 5629.705989766300 594.304857194060 -3763.442457140620 2.21937794853596 5.96267167815082 4.26204438750249
2026-10-20T21:56:00.000 5951.476640316500 1986.401058309910 -2615.961062181000 0.44534464147034 5.56731379823512 5.24201795619716
2026-10-20T22:00:00.000 5840.727184226940 3234.116926413640 -1277.847567708000 -1.36288398299287 4.76673898598723 5.84075864087941
2026-10-20T22:04:00.000 5305.151066958220 4246.581694882990 153.458851374544 -3.07310476062112 3.61885904765599 6.01375446012737
2026-10-20T22:08:00.000 4383.553770183940 4950.039229342740 1573.564729201410 -4.55992446343122 2.20751325094737 5.74797537809715
2026-10-20T22:12:00.000 3143.035638306730 5293.358736984650 2878.870227888230 -5.71448594008860 0.63618599395991 5.06304056096196
2026-10-20T22:16:00.000 1673.980129049340 5251.799137693910 3974.273623051050 -6.45283932570467 -0.98015152775006 4.00962512422080
2026-10-20T22:20:00.000 83.303232932367 4828.719558167450 4780.155676409140 -6.72196122302015 -2.52377794947248 2.66522419058962
2026-10-20T22:24:00.000 -1513.436632042630 4055.170782226490 5238.121934013430 -6.50319694090470 -3.88304992987126 1.12802474894508
2026-10-20T22:28:00.000 -3000.424020026870 2987.488236802820 5315.086340120230 -5.81296121703743 -4.96009882693333 -0.49050696509566
2026-10-20T22:32:00.000 -4269.853299327700 1703.172011163890 5005.542758784500 -4.70118352663260 -5.67740328403366 -2.07331817749097
2026-10-20T22:36:00.000 -5229.611356370590 295.343004854035 4331.946562769710 -3.24797862319323 -5.98309217729650 -3.50582391605079
2026-10-20T22:40:00.000 -5809.906855275510 -1133.902437541410 3343.140548007970 -1.55816261682055 -5.85470465905213 -4.68401223213716
2026-10-20T22:44:00.000 -5968.364552777740 -2480.807986865190 2110.918209429580 0.24591041493531 -5.30102119107080 -5.52180274441999
2026-10-20T22:48:00.000 -5693.240029929080 -3647.482861809880 724.914380599605 2.03288645169627 -4.36192791722709 -5.95759799724466
2026-10-20T22:52:00.000 -5004.419005343370 -4549.111503661210 -713.913447888676 3.67222319113389 -3.10585374164080 -5.95928404319758
2026-10-20T22:56:00.000 -3952.018697689600 -5120.243897923990 -2100.730030865170 5.04416504064261 -1.62471894817396 -5.52690173056417
2026-10-20T23:00:00.000 -2612.663571066740 -5319.613021520150 -3334.593522898810 6.04898048101321 -0.02680760427948 -4.69259655928627
2026-10-20T23:04:00.000 -1083.757021514350 -5133.075180506230 -4325.873930378110 6.61426904406161 1.57158037655643 -3.51783023346786
2026-10-20T23:08:00.000 523.718600051641 -4574.492117156860 -5002.733465182090 6.69988232259409 3.05479690916795 -2.08842819664001
2026-10-20T23:12:00.000 2093.275613100570 -3684.570379821650 -5316.212054632530 6.30026670288146 4.31608661284170 -0.50803085019203
2026-10-20T23:16:00.000 3511.255100783170 -2527.832974500400 -5243.625813040030 5.44434585517624 5.26483829933336 1.10930543119237
2026-10-20T23:20:00.000 4674.887036814530 -1187.998158540120 -4790.139367319970 4.19343989142388 5.83261830187924 2.64690232920197
2026-10-20T23:24:00.000 5499.614460948260 237.944864043283 -3988.427881304740 2.63714272963582 5.97791632084930 3.99349129045306
2026-10-20T23:28:00.000 5925.208830894760 1646.601762994690 -2896.457549809080 0.88750969311513 5.68927684675128 5.05084412416969
2026-10-20T23:32:00.000 5920.289058437780 2935.603824535020 -1593.458872114990 -0.92855225788893 4.98674095643205 5.74113699044126
2026-10-20T23:36:00.000 5484.810951929000 4011.099372770240 -174.261266634198 -2.67841842041849 3.92089203634063 6.01310198792066
2026-10-20T23:40:00.000 4650.246030712100 4794.728207333190 1257.646153327060 -4.23379949430824 2.56946740717780 5.84636379318761
2026-10-20T23:44:00.000 3477.322755559330 5229.485728896130 2597.791883816860 -5.48075982945056 1.03152550212333 5.25317377682520
2026-10-20T23:48:00.000 2051.506216769030 5283.936201341930 3748.491447342920 -6.32840962882063 -0.58030810775778 4.27744844207281
2026-10-20T23:52:00.000 476.611028634909 4954.439730260470 4626.055741405240 -6.71563816388642 -2.14849412862754 2.99108045888418
2026-10-20T23:56:00.000 -1132.894359791620 4265.274266426570 5166.848876580920 -6.61522276035009 -3.55938838997735 1.48819437752758
2026-10-21T00:00:00.000 -2660.229728887270 3266.699585350540 5331.780495935000 -6.03512902548156 -4.71133690736946 -0.12205341320393
2026-10-21T00:04:00.000 -3994.672331141150 2031.240591180000 5108.993567469460 -5.01752495454770 -5.52150455914399 -1.72320095475108
2026-10-21T00:08:00.000 -5039.430211455620 648.475962294031 4514.655671688350 -3.63566768650674 -5.93139770423357 -3.19948767165695
2026-10-21T00:12:00.000 -5718.569233711610 -781.324740551572 3591.846994350930 -1.98917152486050 -5.91101722368033 -4.44373540222950
2026-10-21T00:16:00.000 -5982.562404286360 -2154.387319872620 2407.549422809090 -0.19717521920162 -5.46137488105592 -5.36517367516799
2026-10-21T00:20:00.000 -5811.991272840580 -3370.945220106780 1047.876841302480 1.61003729608958 -4.61472742808881 -5.89615619913484
2026-10-21T00:24:00.000 -5219.106682435690 -4342.555154388740 -388.152911920200 3.30050703582098 -3.43265050590183 -5.99755121453621
2026-10-21T00:28:00.000 -4247.017490972570 -4998.648936151600 -1795.905814862540 4.75070961553779 -2.00158116936532 -5.66200878409807
2026-10-21T00:32:00.000 -2966.505224972620 -5291.743547829350 -3072.879435733770 5.85504412041317 -0.42621659249549 -4.91451254909404
2026-10-21T00:36:00.000 -1470.731504345010 -5200.871278441600 -4126.262105905520 6.53374404157217 1.17862052204731 -3.81025516938999
2026-10-21T00:40:00.000 131.676870757615 -4732.968923616080 -4879.675580698100 6.73840948756022 2.69665301504265 -2.43006850011319
2026-10-21T00:44:00.000 1724.561345243660 -3922.209362249280 -5278.605887458050 6.45494737403321 4.01852301544074 -0.87417619094223
2026-10-21T00:48:00.000 3192.569570986320 -2827.424117844270 -5294.201565809340 5.70406894964399 5.04926286281022 0.74505362887687
2026-10-21T00:52:00.000 4429.346251077690 -1527.860397727940 -4925.261263114390 4.53958121889353 5.71464770110812 2.31088221369188
2026-10-21T00:56:00.000 5345.085201278360 -117.577931192185 -4198.341677663240 3.04485836048853 5.96621550033424 3.71005224055477
2026-10-21T01:00:00.000 5873.010325688240 1301.213937515040 -3165.966105235670 1.32735562465578 5.78496434413368 4.84072778409041
2026-10-21T01:04:00.000 5974.319776021340 2625.469559852590 -1902.983271102140 -0.48857750142315 5.18306747378639 5.61987008305466
2026-10-21T01:08:00.000 5641.216051665340 3758.808444259970 -501.250845843647 -2.27053123022763 4.20364318579961 5.98974231944701
2026-10-21T01:12:00.000 4897.661486515020 4618.655182657160 937.049132947310 -3.88793199344720 2.91795151486693 5.92266374453168
2026-10-21T01:16:00.000 3797.718063264080 5142.417599529820 2306.971555346300 -5.22218223653568 1.42018793482682 5.42347128700217
2026-10-21T01:20:00.000 2421.533749009910 5292.141486025240 3508.626196521080 -6.17589069739545 -0.17988447267680 4.52914363850255
2026-10-21T01:24:00.000 869.340441898494 5057.237764061700 4454.566190945560 -6.68009526800717 -1.76546102966981 3.30567406318555
2026-10-21T01:28:00.000 -745.991580723441 4455.114931179950 5076.142044720150 -6.69898486655767 -3.22144975024336 1.84268510434990
2026-10-21T01:32:00.000 -2307.207023616480 3529.758279940930 5328.388977628860 -6.23197046138904 -4.44280691964992 0.24666842404736
2026-10-21T01:36:00.000 -3701.110315257110 2348.428240566720 5193.138930010720 -5.31319432565085 -5.34168582512902 -1.36686220299200
2026-10-21T01:40:00.000 -4826.626892340820 996.800943569761 4680.243425343030 -4.00892800668809 -5.85334280451922 -2.88127384324705
2026-10-21T01:44:00.000 -5602.008529709570 -427.138178778175 3826.873468911230 -2.41304907624078 -5.94054108216239 -4.18684453596953
2026-10-21T01:48:00.000 -5970.752105317270 -1820.067974566480 2694.937579862600 -0.64089182544433 -5.59641123786033 -5.18840409648026
2026-10-21T01:52:00.000 -5905.824300985750 -3080.791422180260 1366.710286782420 1.17878218683450 -4.84549224325566 -5.81250262391841
2026-10-21T01:56:00.000 -5411.771986881760 -4117.652000068370 -61.105754194663 2.91321367876654 -3.74229944130912 -6.01317477687238
2026-10-21T02:00:00.000 -4524.484037785220 -4855.308600189360 -1484.474313307090 4.43565222222174 -2.36744775133817 -5.77569851713554
2026-10-21T02:04:00.000 -3308.561277507770 -5240.309769024820 -2799.723533580010 5.63511761067182 -0.82154527896961 -5.11779713396437
2026-10-21T02:08:00.000 -1852.498867073590 -5244.982394328360 -3911.204601449550 6.42471711912158 0.78258544534856 -4.08814372732675
2026-10-21T02:12:00.000 -262.097071451430 -4869.336847144350 -4738.279416359800 6.74795414611745 2.32853190756420 -2.76227828317181
2026-10-21T02:16:00.000 1347.307567576000 -4140.895266523710 -5221.080097190850 6.58222163598927 3.70480032854362 -1.23664946838104
2026-10-21T02:20:00.000 2859.148352111950 -3112.569985133430 -5324.695397365090 5.93985911586400 4.81249620105107 0.37846828564130
2026-10-21T02:24:00.000 4163.917249691820 -1858.824074624940 -5041.577987269680 4.86699030862531 5.57193231605943 1.96661385681392
2026-10-21T02:28:00.000 5166.934859774440 -470.386168036892 -4392.081481613680 3.44037367233233 5.92802888027638 3.41307169790595
2026-10-21T02:32:00.000 5795.140161320480 952.155002999703 -3423.093432003010 1.76243735630810 5.85423409634770 4.61272891776886
2026-10-21T02:36:00.000 6002.476074184990 2305.522645018370 -2204.817636803260 -0.04550580215270 5.35494663968817 5.47761841411414
2026-10-21T02:40:00.000 5773.426222933630 3491.259221457170 -825.813122904655 -1.85181596626942 4.46575531368401 5.94378179893383
2026-10-21T02:44:00.000 5124.338658279680 4422.989754297450 613.431534735378 -3.52427117513512 3.25119213185629 5.97645282814884
2026-10-21T02:48:00.000 4102.349249051760 5032.864986156650 2007.909495960100 -4.94020962234038 1.80013528018974 5.57303659861358
2026-10-21T02:52:00.000 2781.913979417310 5276.620091729230 3255.911418026830 -5.99610761599613 0.21895317273127 4.76341079407881
2026-10-21T02:56:00.000 1259.232581519640 5136.796988782340 4266.568039617060 -6.61540523687986 -1.37678486679482 3.60739348307934
2026-10-21T03:00:00.000 -354.921001010541 4623.899847555880 4966.486818761670 -6.75388245182355 -2.87109009807261 2.18982448538793
2026-10-21T03:04:00.000 -1943.332407832730 3775.467879125380 5304.994179429220 -6.40230966908636 -4.15599508146776 0.61400203668760
2026-10-21T03:08:00.000 -3390.810022287670 2653.227923967760 5257.676647531310 -5.58660132811279 -5.13905463633970 -1.00586503216633
2026-10-21T03:12:00.000 -4592.408853675130 1338.601760479310 4828.035952567210 -4.36571193268885 -5.74950456419125 -2.55268944509673
2026-10-21T03:16:00.000 -5460.909241584350 -73.107243134620 4047.222971325560 -2.82756344411053 -5.94311471600896 -3.91448680883068
2026-10-21T03:20:00.000 -5933.094530144630 -1479.505275552450 2971.864201413540 -1.08313402398434 -5.70542531192893 -4.99219203357850
2026-10-21T03:24:00.000 -5974.415338089520 -2778.462285165680 1680.080473262600 0.74105130437222 -5.05314725653460 -5.70690632497823
2026-10-21T03:28:00.000 -5581.658953084890 -3875.548063337230 265.882602635090 2.51199420704346 -4.03344224517819 -6.00598485890822
2026-10-21T03:32:00.000 -4783.308626559880 -4691.019886957830 -1167.690801220650 4.10026113656804 -2.72078116398973 -5.86738991947275
2026-10-21T03:36:00.000 -3637.481980235890 -5165.734851760890 -2516.201193181630 5.38992966010879 -1.21124386271427 -5.30156369583931
2026-10-21T03:40:00.000 -2227.593983216120 -5265.472612942000 -3681.542674899810 6.28743709965881 0.38490737234765 -4.35044474827154
2026-10-21T03:44:00.000 -656.129838892469 -4983.335384736120 -4579.121712900460 6.72834049146276 1.95170178551522 -3.08391664723778
2026-10-21T03:48:00.000 962.895780434230 -4340.087683155640 -5143.932810780220 6.68150467004026 3.37596371077990 -1.59428568031203
2026-10-21T03:52:00.000 2512.193483363770 -3382.513950566410 -5335.134376255550 6.15083158650033 4.55529972655728 0.01063381521941
2026-10-21T03:56:00.000 3879.558480963140 -2179.982071821030 -5138.864007209560 5.17451414591707 5.40493984641574 1.61510942772338
2026-10-21T04:00:00.000 4965.824350742030 -819.510773595003 -4569.203672354330 3.82240952656387 5.86341144910598 3.10332565166271
2026-10-21T04:04:00.000 5691.953372360010 600.376229872619 -3667.247828014070 2.19148297201442 5.89691445449218 4.36730954371974
2026-10-21T04:08:00.000 6004.810506986350 1976.656067709920 -2498.289940668950 0.39941107683423 5.50206720658276 5.31461253442277
2026-10-21T04:12:00.000 5881.190783893480 3209.244627328400 -1147.238893558810 -1.42353828855977 4.70667527371667 5.87528816195762
2026-10-21T04:16:00.000 5329.737084328720 4208.357068570000 287.489964272508 -3.14393021024858 3.56834931078172 6.00755480693293
2026-10-21T04:20:00.000 4390.444293149230 4901.227811702080 1701.230343257070 -4.63564728397350 2.17036263573594 5.70146307650699
2026-10-21T04:24:00.000 3131.718114220010 5237.522488936830 2990.854280117890 -5.78956587952046 0.61515322143995 4.97968179354687
2026-10-21T04:28:00.000 1645.272039072030 5193.016127128570 4062.419951799410 -6.52179617674503 -0.98353279040307 3.89556554960620
2026-10-21T04:32:00.000 39.288574184542 4771.276395359990 4838.060462706960 -6.77978633408539 -2.50930351676872 2.52880669044471
2026-10-21T04:36:00.000 -1569.563485005210 4003.251254181970 5261.582331797060 -6.54569011613735 -3.85177586562111 0.97915810626617
2026-10-21T04:40:00.000 -3064.586321216660 2944.875397954670 5302.404384277860 -5.83702523373648 -4.91428807162507 -0.64097936044354
2026-10-21T04:44:00.000 -4337.394245763170 1672.972894878870 4957.655913238560 -4.70511029189868 -5.62040424383186 -2.21443307406254
2026-10-21T04:48:00.000 -5295.635820422040 279.754447310788 4252.347387545060 -3.23148167115835 -5.91908330637005 -3.62737728139183
2026-10-21T04:52:00.000 -5869.618566936880 -1133.749014523490 3237.615796465040 -1.52236297056538 -5.78832952576759 -4.77717120686191
2026-10-21T04:56:00.000 -6017.417675626330 -2464.925100337580 1987.153869852860 0.29837989202155 -5.23712869232092 -5.57971112147709
2026-10-21T05:00:00.000 -5728.072232536930 -3617.037371783530 591.929956365164 2.09820550253382 -4.30520917149853 -5.97605520523608
2026-10-21T05:04:00.000 -5022.498550690090 -4506.333970684570 -846.428000362275 3.74565257325272 -3.06043306115567 -5.93692832673905
2026-10-21T05:08:00.000 -3952.036691174280 -5068.264789682940 -2223.115778870150 5.12032890160917 -1.59393129512501 -5.46537682975750
2026-10-21T05:12:00.000 -2594.629056872960 -5262.238092015790 -3437.939889632680 6.12234163268873 -0.01290449345514 -4.59644187365780
2026-10-21T05:16:00.000 -1048.985111062590 -5074.499725735210 -4402.670180440680 6.67954153564656 1.56763231536951 -3.39408687480452
2026-10-21T05:20:00.000 572.706246389614 -4518.983943676350 -5047.404409567730 6.75235805248110 3.03335383742057 -1.94608606805134
2026-10-21T05:24:00.000 2152.929443751730 -3636.158397962120 -5325.507755129510 6.33613193679718 4.27876058414782 -0.35736925120993
2026-10-21T05:28:00.000 3577.247795619470 -2490.019569497940 -5216.851114394320 5.46097319128045 5.21438906349777 1.25741610068168
2026-10-21T05:32:00.000 4742.416067163810 -1163.507986536690 -4729.197793876820 4.18951434314029 5.77270908313008 2.78178393255174
2026-10-21T05:36:00.000 5563.737734094630 247.344442596704 -3897.699472328770 2.61285244607761 5.91282754242530 4.10530685402465
2026-10-21T05:40:00.000 5981.215936198670 1640.224425478620 -2782.502505958450 0.84457160793548 5.62368259444047 5.13138332935026
2026-10-21T05:44:00.000 5964.054126409260 2913.897511729720 -1464.552412656730 -0.98699653830443 4.92537502870706 5.78441093276023
2026-10-21T05:48:00.000 5513.111801164790 3975.627744421030 -39.794231064699 -2.74804807650017 3.86825703512736 6.01587264729569
2026-10-21T05:52:00.000 4661.001235308380 4748.067054546900 1387.859520803130 -4.30945714888739 2.52943743983532 5.80835412668802
2026-10-21T05:56:00.000 3469.763028370480 5175.045798278500 2714.243274362640 -5.55678793673709 1.00715496260800 5.17723188870115
2026-10-21T06:00:00.000 2026.206386854380 5225.725605377370 3842.709210124590 -6.39933524047598 -0.58716477670636 4.16925991647046
2026-10-21T06:04:00.000 435.410162714006 4896.743781047600 4691.213254512040 -6.77642789816570 -2.13740215332477 2.85857970758972
2026-10-21T06:08:00.000 -1187.019564766620 4212.314610361950 5198.234660385140 -6.66147449856112 -3.53126049260082 1.34097759709411
2026-10-21T06:12:00.000 -2723.361198477490 3222.338522366750 5327.130762167590 -6.06347099227271 -4.66824964188350 -0.27330682220140
2026-10-21T06:16:00.000 -4062.233700372430 1998.711798374300 5068.655128172860 -5.02586805684360 -5.46658565227103 -1.86753765245272
2026-10-21T06:20:00.000 -5106.518642713170 630.155695503912 4441.567084304380 -3.62340760253208 -5.86863893004007 -3.32640739970627
2026-10-21T06:24:00.000 -5780.313456486550 -784.098358886999 3491.325329079280 -1.95715097374813 -5.84501306222624 -4.54402850225195
2026-10-21T06:28:00.000 -6034.463788915850 -2141.408991172530 2286.911945960290 -0.14767908006775 -5.39691501596735 -5.43147111614189
2026-10-21T06:32:00.000 -5850.272795110410 -3343.157862343850 915.924119180726 1.67333362609839 -4.55654638928800 -5.92357868854041
2026-10-21T06:36:00.000 -5240.995708891620 -4301.996056056890 -521.796579424714 3.37298540113153 -3.38505517386906 -5.98414031816961
2026-10-21T06:40:00.000 -4250.932702816380 -4948.295041402810 -1921.501757942960 4.82709481809582 -1.96805671590852 -5.60877467565322
2026-10-21T06:44:00.000 -2952.175359732700 -5235.288967922770 -3181.288689606720 5.92977700881937 -0.40921086562334 -4.82541321895680
2026-10-21T06:48:00.000 -1439.207530356070 -5142.452359538140 -4209.615508998210 6.60142881077769 1.17789170182772 -3.69184197717427
2026-10-21T06:52:00.000 178.105915797215 -4676.854166701870 -4931.939416190920 6.79418438964452 2.67830967478931 -2.29097753383748
2026-10-21T06:56:00.000 1782.534850876960 -3872.484776343180 -5296.002682149110 6.49479436616374 3.98394682908559 -0.72447086150013
2026-10-21T07:00:00.000 3257.893052319420 -2787.702982529810 -5275.472812355440 5.72509574705981 5.00098458933009 0.89456655925019
2026-10-21T07:04:00.000 4497.288318426370 -1501.026467705940 -4871.760776141080 4.54023534317562 5.65619408802417 2.44937275009723
2026-10-21T07:08:00.000 5410.712064997370 -105.573290986487 -4113.942665645900 3.02501491689039 5.90184016552004 3.82747529009093
2026-10-21T07:12:00.000 5931.539999920240 1297.518781362850 -3056.791643397770 1.28841884091688 5.71930045241228 4.92849328019461
2026-10-21T07:16:00.000 6021.484339220080 2606.337981481470 -1776.974671662280 -0.54376952808755 5.12087840801717 5.67151538605340
2026-10-21T07:20:00.000 5673.582009837070 3725.627654406250 -367.596516986926 -2.33788807312541 4.14948605620259 6.00141189226531
2026-10-21T07:24:00.000 4912.894055964760 4573.853248275690 1068.591587252400 -3.96247502172575 2.87587481947964 5.89350979315711
2026-10-21T07:28:00.000 3794.739900530930 5089.290900895110 2426.807082517970 -5.29846295963950 1.39332612141014 5.35567156744869
2026-10-21T07:32:00.000 2400.598145405340 5234.607875630160 3608.030698819500 -6.24834731467496 -0.18951968875425 4.42775111812795
2026-10-21T07:36:00.000 831.996916106006 4999.542573583280 4526.335440767670 -6.74356158066871 -1.75717003064930 3.17819425420844
2026-10-21T07:40:00.000 -797.035011920496 4401.500767737360 5115.102069215900 -6.74900712158730 -3.19597363427083 1.69840285506187
2026-10-21T07:44:00.000 -2368.269384609560 3484.132443146200 5331.731455325050 -6.26491794593066 -4.40213119891530 0.09592826522019
2026-10-21T07:48:00.000 -3767.769246248260 2314.098459407750 5160.614913008330 -5.32658605827890 -5.28880090417717 -1.51319821197467
2026-10-21T07:52:00.000 -4894.030794104400 976.253798064840 4614.191808284540 -4.00168449830543 -5.79206070006882 -3.01263116107542
2026-10-21T07:56:00.000 -5665.227580918710 -432.404749973260 3732.068552623820 -2.38562844735189 -5.87525794421238 -4.29362244258645
2026-10-21T08:00:00.000 -6025.153364837840 -1809.656297534370 2578.259768022870 -0.59528266479829 -5.53183247074681 -5.26277279186617
2026-10-21T08:04:00.000 -5947.419928130790 -3055.437544573430 1236.649253132340 1.23922954550328 -4.78631363841112 -5.84896584207615
2026-10-21T08:08:00.000 -5437.519340528740 -4079.183194732320 -195.069634277226 2.98400921666390 -3.69286608890231 -6.00904155909267
2026-10-21T08:12:00.000 -4532.516450121570 -4806.520416800890 -1612.580890167730 4.51157115973309 -2.33141955302151 -5.73133228552535
2026-10-21T08:16:00.000 -3298.312916728040 -5184.761543727470 -2912.658229695350 5.71061158900741 -0.80158825174917 -5.03651946751123
2026-10-21T08:20:00.000 -1824.730950803990 -5186.732054435280 -4000.778171539330 6.49433661749310 0.78501106273329 -3.97594372515200
2026-10-21T08:24:00.000 -218.833513419417 -4812.636807378380 -4798.016468707970 6.80668679214801 2.31327000988614 -2.62736237583170
2026-10-21T08:28:00.000 1402.930368359840 -4089.880137471210 -5246.679495244050 6.62586554866609 3.67297989093523 -1.08881357653419
2026-10-21T08:32:00.000 2923.110315120560 -3070.957016128640 -5314.329076815210 5.96529056508856 4.76644569475675 0.52852546655458
2026-10-21T08:36:00.000 4231.600468697600 -1829.643687586840 -4996.019063805900 4.87237874775776 5.51500862469877 2.10804966787398
2026-10-21T08:40:00.000 5233.450567737900 -455.765966482936 -4314.648937435550 3.42531248817735 5.86435841982991 3.53562292788159
2026-10-21T08:44:00.000 5855.680023701210 951.147505157185 -3319.429090027040 1.72800236158781 5.78847543019889 4.70743282025566
2026-10-21T08:48:00.000 6052.664186591570 2288.965162971470 -2082.481868703230 -0.09680782801667 5.29191608826504 5.53755669497131
2026-10-21T08:52:00.000 5809.642820015980 3460.366188039370 -693.730679456997 -1.91622286330404 4.41005837814362 5.96456268644047
2026-10-21T08:56:00.000 5143.993306042280 4380.028373187100 745.618771474783 -3.59702228234435 3.20695213891571 5.95654258430757
2026-10-21T09:00:00.000 4104.072917699940 4981.004912546580 2130.557938649700 -5.01597476867010 1.77069157177762 5.51396235448215
2026-10-21T09:04:00.000 2765.637189968100 5219.701615983170 3360.098125526040 -6.06944619303691 0.20649948140417 4.66959270922069
2026-10-21T09:08:00.000 1226.175401379850 5079.029967595120 4344.738888493530 -6.68106954247236 -1.37136646953774 3.48575068971840
2026-10-21T09:12:00.000 -402.343620071936 4569.543698203910 5012.998178456970 -6.80722389449268 -2.84827817005194 2.04925114749521
2026-10-21T09:16:00.000 -2001.692331165340 3728.502393789430 5316.504540603020 -6.43956460188225 -4.11762950719159 0.46465273829065
2026-10-21T09:20:00.000 -3455.892444489570 2617.052234347700 5233.353986343450 -5.60500027585478 -5.08806212114248 -1.15333344384396
2026-10-21T09:24:00.000 -4659.479230411750 1315.816950164940 4769.611585098280 -4.36375212259756 -5.68957901221468 -2.68767809861082
2026-10-21T09:28:00.000 -5525.048817103050 -80.861389934057 3958.890212508160 -2.80522417194066 -5.87852972981227 -4.02720023835029
2026-10-21T09:32:00.000 -5989.567797031840 -1471.655965165870 2860.001204840450 -1.04197457225909 -5.64075215574756 -5.07435016343070
2026-10-21T09:36:00.000 -6019.042079219490 -2755.545105467090 1552.803211231210 0.79799785453232 -4.99302191908861 -5.75239058601488
2026-10-21T09:40:00.000 -5611.138270696720 -3839.191829672640 132.460082847122 2.58048256364796 -3.98226227035730 -6.01139269687221
2026-10-21T09:44:00.000 -4795.472124930310 -4643.838991157800 -1297.534681559980 4.17517820927195 -2.68231816967711 -5.83235626015442
2026-10-21T09:48:00.000 -3631.439948428400 -5111.142522898500 -2633.017325799080 5.46579517805585 -1.18832624372051 -5.22870478283666
2026-10-21T09:52:00.000 -2203.784982778360 -5207.425016329640 -3776.843632600040 6.35872258235729 0.39060959648123 -4.24511259127382
2026-10-21T09:56:00.000 -616.286964663579 -4926.040302707900 -4645.997017784860 6.78986061340573 1.93976485704652 -2.95382229116546
2026-10-21T10:00:00.000 1015.878974211560 -4287.699603900530 -5177.547888252140 6.72882250043960 3.34725826137839 -1.44889917514199
2026-10-21T10:04:00.000 2574.476010692590 -3338.832442273870 -5333.070318388480 6.18054568363811 4.51188943238176 0.16076399283666
2026-10-21T10:08:00.000 3946.634492126840 -2148.178413122120 -5101.287759570820 5.18450463752089 5.34997033069031 1.75911504316668
2026-10-21T10:12:00.000 5032.844542661790 -801.894224351277 -4498.853506101710 3.81195223964460 5.80087695714134 3.23077615743644
2026-10-21T10:16:00.000 5754.067020012580 602.525752626819 -3569.237450105120 2.16129621674846 5.83133492940369 4.46894622377675
2026-10-21T10:20:00.000 6057.518769723980 1963.174660398830 -2379.754453946490 0.35171036206221 5.43818603143105 5.38295620190346
2026-10-21T10:24:00.000 5920.694738246760 3181.112444646710 -1016.828331576960 -1.48519739328286 4.64923903397005 5.90530443668676
2026-10-21T10:28:00.000 5353.205624120110 4167.646311834880 420.260525073160 -3.21508386433577 3.52160702365439 5.99708456202354
2026-10-21T10:32:00.000 4396.213091024570 4850.933783028060 1826.678073150440 -4.71107848017149 2.13773836415030 5.65128848575199
2026-10-21T10:36:00.000 3119.423505640110 5181.349262704500 3099.841186757780 -5.86374794157888 0.59909706237432 4.89354215243526
2026-10-21T10:40:00.000 1615.858018608300 5135.112880429070 4147.033696378500 -6.58943411867502 -0.98181125508503 3.77985238364530
2026-10-21T10:44:00.000 -5.088603807693 4715.909844452970 4892.181568252500 -6.83609162602791 -2.49003592714340 2.39196194883942
2026-10-21T10:48:00.000 -1625.681359108410 3954.476068665620 5281.306420192960 -6.58664052694108 -3.81646952744981 0.83110390605558
2026-10-21T10:52:00.000 -3128.384448513920 2906.236063100310 5286.314351930260 -5.85967746681255 -4.86567372776794 -0.78958496516465
2026-10-21T10:56:00.000 -4404.241387953580 1647.240877701940 4906.898975957570 -4.70767535287009 -5.56211395847101 -2.35298407260120
2026-10-21T11:00:00.000 -5360.632154484820 268.761665200191 4170.553819442250 -3.21355850383630 -5.85527034255724 -3.74587774230768
2026-10-21T11:04:00.000 -5927.961233387350 -1129.213172545400 3130.676383743020 -1.48517140302271 -5.72350374745293 -4.86693226702023
2026-10-21T11:08:00.000 -6064.775323505170 -2445.168465814440 1862.804671873780 0.35217238566653 -5.17586614440587 -5.63411971593618
2026-10-21T11:12:00.000 -5760.915798814020 -3583.446297721130 459.205014210040 2.16459659669201 -4.25188441779749 -5.99099362619006
2026-10-21T11:16:00.000 -5038.393819456840 -4461.298332266780 -977.858077441907 3.81961455020517 -3.01898400560030 -5.91128370602824
2026-10-21T11:20:00.000 -3949.813155842350 -5015.021198104050 -2343.684491250030 5.19642308414067 -1.56740498615801 -5.40106732826641
2026-10-21T11:24:00.000 -2574.445087831150 -5204.626910303930 -3538.880902059290 6.19500260364245 -0.00326079274171 -4.49819162799073
2026-10-21T11:28:00.000 -1012.307967495020 -5016.684766257310 -4476.654140146370 6.74348570399768 1.55967339418733 -3.26907012889620
2026-10-21T11:32:00.000 623.212403276881 -4465.147550037510 -5089.066855381250 6.80295454273534 3.00836104787624 -1.80339990253711
2026-10-21T11:36:00.000 2213.598843955760 -3590.193875670400 -5331.833430182620 6.36971167766153 4.23855351038052 -0.20737242795201
2026-10-21T11:40:00.000 3643.676885602860 -2455.251262408290 -5187.387467484320 5.47510329663292 5.16185905934395 1.40384696718970
2026-10-21T11:44:00.000 4809.786693450380 -1142.452075939450 -4666.087064550020 4.18317973873995 5.71166462349759 2.91404073185232
2026-10-21T11:48:00.000 5627.160940057180 253.165703270262 -3805.520736111400 2.58648327586917 5.84768519382332 4.21380556444281
2026-10-21T11:52:00.000 6036.078912714040 1630.389779586460 -2667.948967160700 0.80003471862526 5.55915124280477 5.20819097381757
2026-10-21T11:56:00.000 6006.358433960900 2889.117384126850 -1335.960872973800 -1.04646855413993 4.86611712111882 5.82385090088165
2026-10-21T12:00:00.000 5539.784682229540 3937.698678831980 93.453479667268 -2.81802137312273 3.81862620899139 6.01499590131611
2026-10-21T12:04:00.000 4670.131242543930 4699.763968265180 1516.040223437400 -4.38479256910075 2.49315739547450 5.76728081366914
2026-10-21T12:08:00.000 3460.709753659020 5119.911572276730 2828.018542567320 -5.63205351010583 0.98684782016095 5.09899153372203
2026-10-21T12:12:00.000 1999.651915997730 5167.794708434640 3933.793944481030 -6.46901865731697 -0.59001670975406 4.05958374735703
2026-10-21T12:16:00.000 393.312523434170 4840.257339983130 4752.992561549920 -6.83549750700280 -2.12259267424493 2.72554726131149
2026-10-21T12:20:00.000 -1241.592538879320 4161.399666512820 5226.238587627270 -6.70574401601295 -3.49994077735170 1.19424921248554
2026-10-21T12:24:00.000 -2786.451223718600 3180.696760236110 5319.328103791970 -6.08974194514594 -4.62277771711395 -0.42315697059950
2026-10-21T12:28:00.000 -4129.260199144120 1969.350248950300 5025.599154442540 -5.03218270987349 -5.41036164809140 -2.00968942665878
2026-10-21T12:32:00.000 -5172.590007338920 615.170484862010 4366.354338735140 -3.60915352203246 -5.80578844761578 -3.45059799004293
2026-10-21T12:36:00.000 -5840.569210538290 -783.650558811860 3389.381493429910 -1.92322388909005 -5.78001356684939 -4.64122583389056
2026-10-21T12:40:00.000 -6084.447404202270 -2125.564215710200 2165.615615057650 -0.09652415943641 -5.33437273633011 -5.49455240862363
2026-10-21T12:44:00.000 -5886.271232600830 -3313.045957290570 784.076521545374 1.73800443074400 -4.50090432524299 -5.94786401264062
2026-10-21T12:48:00.000 -5260.326967859870 -4259.762608451870 -654.598042356928 3.44632622204983 -3.34030668030951 -5.96774627978188
2026-10-21T12:52:00.000 -4252.166321703300 -4896.970932996320 -2045.577080245780 4.90363732150017 -1.93752470800921 -5.55290541463135
2026-10-21T12:56:00.000 -2935.213752798090 -5178.580997503200 -3287.601563043680 6.00393357106159 -0.39515344453668 -4.73417035464501
2026-10-21T13:00:00.000 -1405.279049077440 -5084.462725860930 -4290.429165965640 6.66780286669135 1.17445038034510 -3.57189293948293
2026-10-21T13:04:00.000 226.541785861001 -4621.775571164430 -4981.375371103130 6.84796737016772 2.65764665463080 -2.15103615510746
2026-10-21T13:08:00.000 1841.964410538940 -3824.289913190970 -5310.456719755690 6.53206113713220 3.94760157576791 -0.57466468112803
2026-10-21T13:12:00.000 3323.993820954340 -2749.856280722600 -5253.869728448900 5.74306717781805 4.95161860160451 1.04341364622482
2026-10-21T13:16:00.000 4565.232967608270 -1476.244435427940 -4815.633150575120 4.53752787394991 5.59734122174310 2.58647357775425
2026-10-21T13:20:00.000 5475.526066084620 -95.636505828114 -4027.330921345780 3.00178585795996 5.83772938169398 3.94285733237270
2026-10-21T13:24:00.000 5988.464954318190 1291.897435780790 -2945.954109744850 1.24629260405199 5.65453780801792 5.01375228555997
2026-10-21T13:28:00.000 6066.319832999030 2585.559001204160 -1649.943902291350 -0.60177049397837 5.06008494387222 5.72035245774238
2026-10-21T13:32:00.000 5703.010372265560 3691.176903151470 -233.613062239511 -2.40747650199375 4.09704318557502 6.01013751781985
2026-10-21T13:36:00.000 4924.745271308150 4528.211360480780 1199.753381807740 -4.03844284895953 2.83564381942548 5.86141095634732
2026-10-21T13:40:00.000 3788.155490034990 5035.773105220630 2545.574521981580 -5.37518098456430 1.36834169355267 5.28513315197566
2026-10-21T13:44:00.000 2376.070745254840 5177.124010805170 3705.752048258500 -6.32024728049978 -0.19737877268310 4.32398550120400
2026-10-21T13:48:00.000 791.319009531826 4942.296994840090 4595.904917139190 -6.80542503162217 -1.74734248282021 3.04880548034003
2026-10-21T13:52:00.000 -850.895342112730 4348.675359939000 5151.477012124390 -6.79633199526020 -3.16918974999763 1.55287205534086
2026-10-21T13:56:00.000 -2431.394803400930 3439.585348924440 5332.296759266810 -6.29434776559904 -4.36035868961385 -0.05514144812255
2026-10-21T14:00:00.000 -3835.588103350120 2281.076601853120 5125.350748036490 -5.33602816463409 -5.23512341864481 -1.65889522012643
2026-10-21T14:04:00.000 -4961.631600885270 957.155661699340 4545.670317510380 -3.99043036573828 -5.73042223491957 -3.14239048228258
2026-10-21T14:08:00.000 -5727.706649994470 -436.200244650706 3635.276409067670 -2.35445563862474 -5.81015316947138 -4.39801313879232
2026-10-21T14:12:00.000 -6077.969461349260 -1797.886569229570 2460.242687256240 -0.54641384565104 -5.46802310469586 -5.33417189502942
2026-10-21T14:16:00.000 -5986.726441819730 -3028.975189255570 1106.004264249210 1.30224611192158 -4.72843260548722 -5.88215721247037
2026-10-21T14:20:00.000 -5460.455201740080 -4039.967667431370 -328.823323242338 3.05657656168871 -3.64512023176878 -6.00158773419456
2026-10-21T14:24:00.000 -4537.419809907830 -4757.422150884340 -1739.690094009770 4.58834724776881 -2.29732281068993 -5.68376092116729
2026-10-21T14:28:00.000 -3284.846067126990 -5129.381742843920 -3023.862239350580 5.78598885996827 -0.78366014783644 -4.95237534519917
2026-10-21T14:32:00.000 -1793.888615155290 -5129.131768851870 -4087.995990781370 6.56288487470680 0.78548099295433 -3.86143228057008
2026-10-21T14:36:00.000 -172.856309395662 -4757.027528747700 -4854.923610935090 6.86350318411287 2.29632839866481 -2.49082068423917
2026-10-21T14:40:00.000 1460.715303355090 -4040.303449732310 -5269.148033010640 6.66684312708828 3.63997583915713 -0.94009988435539
2026-10-21T14:44:00.000 2988.512322116770 -3030.991525625660 -5300.711511132830 5.98738531815824 4.71985161206546 0.67871215107512
2026-10-21T14:48:00.000 4299.851046893910 -1802.159824333000 -4947.266669297100 4.87385156987639 5.45821683556912 2.24887249269462
2026-10-21T14:52:00.000 5299.541360614280 -442.735051499246 -4234.257605431050 3.40593893911830 5.80142926968071 3.65684324318614
2026-10-21T14:56:00.000 5914.741342377020 948.787336298288 -3213.200449266550 1.68914430175431 5.72392179061578 4.80020700147817
2026-10-21T15:00:00.000 6100.322730280160 2271.381154123010 -1958.103707113180 -0.15240428495375 5.23036440219910 5.59508897634123
2026-10-21T15:04:00.000 5842.341100180950 3428.813734766850 -560.233715686767 -1.98452427700502 4.35590972827509 5.98253171281931
2026-10-21T15:08:00.000 5159.272589615410 4336.765290587260 878.507529072573 -3.67296978262620 3.16410645508997 5.93351925148548
2026-10-21T15:12:00.000 4100.771597181250 4929.137937797390 2253.134429529980 -5.09389444618709 1.74228204640410 5.45157421696819
2026-10-21T15:16:00.000 2743.981254898730 5162.974469675130 3463.407447215990 -6.14353327806022 0.19467676788459 4.57242002253548
2026-10-21T15:20:00.000 1187.743127146510 5021.562760520930 4421.247852185050 -6.74593818665934 -1.36567273334121 3.36096344604638
2026-10-21T15:24:00.000 -454.760533804347 4515.513342938320 5057.140877588890 -6.85818074506244 -2.82551470519870 1.90596552924156
2026-10-21T15:28:00.000 -2064.283255036640 3681.829111212790 5325.071807901440 -6.47286818501994 -4.07944715845777 0.31329217150652
2026-10-21T15:32:00.000 -3524.105439584440 2581.130561507330 5205.731092275470 -5.61827707795630 -5.03719750260635 -1.30171492449604
2026-10-21T15:36:00.000 -4728.369152141590 1293.259508587970 4707.817170055900 -4.35607804574944 -5.62975449838406 -2.82232693803511
2026-10-21T15:40:00.000 -5589.623683135510 -88.415775212747 3867.423460604250 -2.77716348677726 -5.81409394238870 -4.13831141909896
2026-10-21T15:44:00.000 -6045.153685184770 -1463.659329980410 2745.523768201670 -0.99559658496611 -5.57638977686683 -5.15381444735538
2026-10-21T15:48:00.000 -6061.631572585930 -2732.584477316140 1423.658498884740 0.85925174173944 -4.93345510347321 -5.79440911603009
2026-10-21T15:52:00.000 -5637.683021135720 -3802.955453462310 -1.942682671966 2.65211536113530 -3.93188948018685 -6.01292558927058
2026-10-21T15:56:00.000 -4804.096127304420 -4597.000170400560 -1427.407946791380 4.25196631376374 -2.64488841421626 -5.79331496928413
2026-10-21T16:00:00.000 -3621.575685453490 -5057.165668319540 -2748.915135782560 5.54214016856900 -1.16664817588499 -5.15201629279054
2026-10-21T16:04:00.000 -2176.201253327030 -5150.310103578960 -3870.364858431370 6.42916291281388 0.39492614235375 -4.13648671834720
2026-10-21T16:08:00.000 -573.010328835476 -4870.010588701380 -4710.392336991020 6.84941751125713 1.92647752064158 -2.82121581040409
2026-10-21T16:12:00.000 1071.712295876290 -4236.875380538980 -5208.188801042830 6.77328220899209 3.31745671400579 -1.30191938877044
2026-10-21T16:16:00.000 2638.835668659290 -3296.921351029210 -5327.760046109850 6.20669455407976 4.46788888085079 0.31157709824767
2026-10-21T16:20:00.000 4014.857087449490 -2118.212543294270 -5060.405678662700 5.19032497780670 5.29503702530155 1.90294353779138
2026-10-21T16:24:00.000 5099.950574796810 -786.032735976584 -4425.339271895360 3.79685798161261 5.73897894428311 3.35722214817763
2026-10-21T16:28:00.000 5815.124241833870 603.135457102430 -3468.402792195330 2.12628098714082 5.76690232066832 4.56876852772449
2026-10-21T16:32:00.000 6108.018286299860 1948.481787131680 -2258.912615400000 0.29927525886997 5.37587273291470 5.44883525910164
2026-10-21T16:36:00.000 5956.884592635390 3152.171583197750 -884.759110836632 -1.55129237277511 4.59353119563678 5.93240429148781
2026-10-21T16:40:00.000 5372.363687233810 4126.531997011630 553.941713495758 -3.29004310825703 3.47648302019821 5.98331194225375
2026-10-21T16:44:00.000 4396.866688243130 4800.595303371570 1952.209485247830 -4.78936069799930 2.10646410547783 5.59755196967157
2026-10-21T16:48:00.000 3101.470989603350 5125.406791242830 3208.042012078960 -5.93955693748609 0.58395416250868 4.80373972193414
2026-10-21T16:52:00.000 1580.575487298940 5077.592998547080 4229.984623963790 -6.65713779193030 -0.97972433296662 3.66053386828305
2026-10-21T16:56:00.000 -55.140956237986 4660.961375618970 4943.813005589980 -6.89072416889258 -2.47082616957154 2.25188945998054
2026-10-21T17:00:00.000 -1686.869830829370 3906.061493547660 5297.838410778090 -6.62423448722521 -3.78156792046902 0.68045619630556
2026-10-21T17:04:00.000 -3196.255315917160 2867.840250589390 5266.510153033680 -5.87741788434024 -4.81757508943188 -0.93988589179593
2026-10-21T17:08:00.000 -4473.843330436690 1621.642110813280 4852.170465466230 -4.70428574189944 -5.50421539683673 -2.49192881305641
2026-10-21T17:12:00.000 -5426.899827977020 257.818094551189 4084.870094239680 -3.18933216206972 -5.79179028435649 -3.86331591577183
2026-10-21T17:16:00.000 -5986.077869309530 -1124.709306136520 3020.266248123570 -1.44190167046574 -5.65904034901320 -4.95428091690875
2026-10-21T17:20:00.000 -6110.531397224060 -2425.547597701100 1735.706454367670 0.41126849824696 -5.11513259464067 -5.68498245133081
2026-10-21T17:24:00.000 -5791.016368421590 -3550.150371406080 324.680580491541 2.23515344323319 -4.19937402722093 -6.00163917577754
2026-10-21T17:28:00.000 -5050.696838740070 -4416.785375402000 -1110.006328176610 3.89645445952247 -2.97860152842671 -5.88096581345138
2026-10-21T17:32:00.000 -3943.482412659680 -4962.582467226990 -2463.841701012360 5.27391349970960 -1.54215440985501 -5.33208788379571
2026-10-21T17:36:00.000 -2550.002766914430 -5148.147059011130 -3638.331916878050 6.26753306948757 0.00495380392483 -4.39569582691105
2026-10-21T17:40:00.000 -971.575467720798 -4960.353300535540 -4548.221895815190 6.80591516640482 1.55023859472644 -3.14063957311880
2026-10-21T17:44:00.000 677.272080897301 -4413.130209371040 -5127.619130600470 6.85092768335762 2.98209084728187 -1.65836706778798
2026-10-21T17:48:00.000 2277.084543313330 -3546.305819603040 -5334.621322020020 6.39981174112173 4.19751858092140 -0.05616168425176
2026-10-21T17:52:00.000 3712.005581321530 -2422.681492267630 -5154.225550597820 5.48509245357150 5.10916422944933 1.55042041404958
2026-10-21T17:56:00.000 4877.994385145140 -1123.549244305260 -4599.363530369030 4.17215440935941 5.65115497977144 3.04545254555433
2026-10-21T18:00:00.000 5690.247605250320 257.037163946552 -3710.049245479320 2.55507431316699 5.78368524027787 4.32048446094617
2026-10-21T18:04:00.000 6089.387903074030 1618.938700905840 -2550.649229608280 0.75045993585163 5.49622894543571 5.28228209693502
2026-10-21T18:08:00.000 6045.943269003100 2863.152180968660 -1205.367453749610 -1.11055479762139 4.80883563737391 5.85985622068268
2026-10-21T18:12:00.000 5562.704716770150 3899.088581735240 227.822887465008 -2.89196415790792 3.77117615581996 6.01025411717851
2026-10-21T18:16:00.000 4674.658339209230 4651.298007499740 1644.379372326100 -4.46317003570645 2.45897719573413 5.72207025419139
2026-10-21T18:20:00.000 3446.473867205030 5065.096925607510 2940.951738379830 -5.70906956477036 0.96845312632456 5.01661172026238
2026-10-21T18:24:00.000 1967.661080085410 5110.606617318170 4023.074488352950 -6.53905703685586 -0.59128627157673 3.94606390596842
2026-10-21T18:28:00.000 345.869922376663 4784.837870113990 4812.097550855030 -6.89342451145703 -2.10667411292530 2.58914200729288
2026-10-21T18:32:00.000 -1301.046085868800 4111.760728294240 5250.845930775380 -6.74729763051976 -3.46798449903349 1.04494276407982
2026-10-21T18:36:00.000 -2853.598168430770 3140.428356429750 5307.638443944060 -6.11190661076150 -4.57712554309058 -0.57448639193974
2026-10-21T18:40:00.000 -4199.219277960600 1941.361481831590 4978.448159164260 -5.03330373471271 -5.35429086022438 -2.15206307557475
2026-10-21T18:44:00.000 -5240.272096269390 601.497787226403 4287.160505662970 -3.58918963887994 -5.74327772054573 -3.57360522327448
2026-10-21T18:48:00.000 -5901.069808614900 -781.999409584609 3283.910214603520 -1.88372148932050 -5.71561579893670 -4.73585273288072
2026-10-21T18:52:00.000 -6133.402600689100 -2108.706879511810 2041.556735531540 -0.04041490544783 -5.27283857645939 -5.55386794105737
2026-10-21T18:56:00.000 -5920.173558935690 -3282.224760431050 650.480383687425 1.80655558590992 -4.44680036230813 -5.96754405235340
2026-10-21T19:00:00.000 -5276.782575816440 -4217.259399157320 -787.992812542085 3.52226730513626 -3.29767394948369 -5.94641152613664
2026-10-21T19:04:00.000 -4250.061140113270 -4845.943229702600 -2169.066557144480 4.98142853302646 -1.90956826198447 -5.49222144930487
2026-10-21T19:08:00.000 -2914.778542432520 -5122.827733871720 -3392.233835362090 6.07797850091518 -0.38397780524095 -4.63869590043459
2026-10-21T19:12:00.000 -1368.052062135140 -5028.133807062690 -4368.656775689570 6.73285674587007 1.16805587087058 -3.44868121054463
2026-10-21T19:16:00.000 277.833568173266 -4569.049760786880 -5027.589605266080 6.89943454252674 2.63421524629197 -2.00910719764409
2026-10-21T19:20:00.000 1903.609028000560 -3779.058405734400 -5321.381498703700 6.56635684949809 3.90898938560912 -0.42428353624245
2026-10-21T19:24:00.000 3391.549970371490 -2715.428024617590 -5228.763459662320 5.75772532745362 4.90077407955653 1.19148999096157
2026-10-21T19:28:00.000 4633.820153159770 -1455.115283257910 -4756.330910460310 4.53138199757680 5.53804183935987 2.72165181129797
2026-10-21T19:32:00.000 5540.151469378370 -89.329129180197 -3938.119904537860 2.97508364399270 5.77425324168625 4.05539620288772
2026-10-21T19:36:00.000 6044.380163867810 1282.919670785250 -2833.297699820040 1.20084658049940 5.59140208097506 5.09537673458547
2026-10-21T19:40:00.000 6109.397753710120 2561.926268174710 -1522.039184379160 -0.66264127363993 5.00184231555009 5.76500513583826
2026-10-21T19:44:00.000 5730.068147262100 3654.582668930450 -99.788903567779 -2.47927759299946 4.04793673212412 6.01450983325556
2026-10-21T19:48:00.000 4933.782717868210 4481.296260818460 1329.731838227450 -4.11588644510874 2.79927423759516 5.82519225187625
2026-10-21T19:52:00.000 3778.493346318880 4981.934224821540 2662.228080649620 -5.45261441315925 1.34736215452879 5.21099144694911
2026-10-21T19:56:00.000 2348.393837491550 5120.259308864630 3800.575603086420 -6.39201322327309 -0.20145926757750 4.21731838925657
2026-10-21T20:00:00.000 747.628198924877 4886.529052771470 4661.982513015390 -6.86630424023069 -1.73417344441001 2.91739359037525
2026-10-21T20:04:00.000 -907.443071933591 4298.052558674640 5183.987644256520 -6.84193772803765 -3.13975227596878 1.40625911365532
2026-10-21T20:08:00.000 -2496.705688981330 3397.773815194290 5328.854253555830 -6.32131297873597 -4.31682069665402 -0.20630291966060
2026-10-21T20:12:00.000 -3904.918103968070 2251.097523966490 5086.188369905090 -5.34234916375264 -5.18065798417945 -1.80358056561430
2026-10-21T20:16:00.000 -5029.937312675750 941.173002588495 4473.622350566870 -3.97562481767096 -5.66894952039588 -3.27007412183904
2026-10-21T20:20:00.000 -5790.019389926550 -437.025313554858 3535.572363889250 -2.31963181968890 -5.74607441009233 -4.49938424215595
2026-10-21T20:24:00.000 -6129.767508232890 -1783.482505699630 2340.132231020880 -0.49416641824993 -5.40596915172109 -5.40180213913722
2026-10-21T20:28:00.000 -6024.273436202220 -3000.381001160840 974.236319918636 1.36801560682202 -4.67297065710525 -5.91107432201077
2026-10-21T20:32:00.000 -5481.075650495700 -3999.274370728490 -462.646266397524 3.13099078603819 -3.60039331381623 -5.98970296808735
2026-10-21T20:36:00.000 -4539.682486139700 -4707.627926810300 -1865.829404301490 4.66598228555387 -2.26668431796559 -5.63202147687164
2026-10-21T20:40:00.000 -3268.652420786060 -5074.166359047250 -3133.160147366040 5.86122866990859 -0.76940893674524 -4.86464659488344
2026-10-21T20:44:00.000 -1760.465942885940 -5072.581106093360 -4172.546360346990 6.63036783885637 0.78229728834358 -3.74420503045424
2026-10-21T20:48:00.000 -124.652780016678 -4703.315241143740 -4908.638226889540 6.91846430622865 2.27602154574980 -2.35264625018741
2026-10-21T20:52:00.000 1520.204813778340 -3993.372687304480 -5288.175603462270 6.70536576147965 3.60413334394903 -0.79097256563496
2026-10-21T20:56:00.000 3054.985720956960 -2994.264591286460 -5283.706669688800 6.00670559639812 4.67120043150317 0.82805074146780
2026-10-21T21:00:00.000 4368.496736181310 -1778.292835735220 -4895.468316285190 4.87250223507051 5.40036142386666 2.38773598666455
2026-10-21T21:04:00.000 5365.362665273040 -433.441787587999 -4151.399935417110 3.38386521078193 5.73857322289294 3.77524008499465
2026-10-21T21:08:00.000 5972.903779488030 942.841796825704 -3105.261789175490 1.64775619568293 5.66053540733315 4.88952270968811
2026-10-21T21:12:00.000 6146.517330279640 2250.608115699470 -1832.911512779480 -0.21012357011777 5.17093176467925 5.64864245177496
2026-10-21T21:16:00.000 5873.145392370490 3394.687012607870 -426.910623272728 -2.05425310008120 4.30474432670481 5.99631298450193
2026-10-21T21:20:00.000 5172.413826524570 4291.736679270160 1010.234215230240 -3.74952476427349 3.12498522086430 5.90652383413362
2026-10-21T21:24:00.000 4095.279030193300 4876.463029773540 2373.658577707140 -5.17166419083323 1.71808192082695 5.38578788741101
2026-10-21T21:28:00.000 2720.248361408450 5106.473258756260 3563.945744003570 -6.21683658121191 0.18718556942019 4.47267930406850
2026-10-21T21:32:00.000 1147.493074625040 4965.338509784980 4494.479189468340 -6.80943039868760 -1.35587583154649 3.23454332188286
2026-10-21T21:36:00.000 -508.602094217138 4463.660533722750 5097.742749875230 -6.90727298576656 -2.79910742270827 1.76214041676888
2026-10-21T21:40:00.000 -2127.819007331040 3638.124174637560 5330.104451299330 -6.50407794424317 -4.03838188559042 0.16250195120481
2026-10-21T21:44:00.000 -3592.742308435290 2548.746123282600 5174.826050162140 -5.62930279036774 -4.98449956559167 -1.44857899442231
2026-10-21T21:48:00.000 -4797.128586851150 1274.543653180400 4643.215860910340 -4.34607053258658 -5.56924040988584 -2.95454194292681
2026-10-21T21:52:00.000 -5653.516181016400 -92.105922404915 3773.827195418370 -2.74686156282308 -5.75015535895770 -4.24624223852608
2026-10-21T21:56:00.000 -6099.545401457450 -1452.058752926080 2629.746843134270 -0.94720262951137 -5.51368566039875 -5.22958961456381
2026-10-21T22:00:00.000 -6102.578729504280 -2706.542265460020 1294.137587418460 0.92219639376118 -4.87655171039789 -5.83245850412208
2026-10-21T22:04:00.000 -5662.235073447470 -3764.377600736110 -135.760663657750 2.72494990950372 -3.88497717410007 -6.01047077113780
2026-10-21T22:08:00.000 -4810.512367964260 -4548.718854575170 -1555.769002500590 4.32933366377067 -2.61144483628483 -5.75058663549917
2026-10-21T22:12:00.000 -3609.442539656620 -5002.735202398390 -2862.482318285750 5.61841820142990 -1.14916589320731 -5.07223483036620
2026-10-21T22:16:00.000 -2146.442840750670 -5093.738614653010 -3960.902937560860 6.49888027662416 0.39518158790029 -4.02554229872564
2026-10-21T22:20:00.000 -527.810172691118 -4815.454470185300 -4771.356563688090 6.90761829165671 1.90954535346275 -2.68721367884556
2026-10-21T22:24:00.000 1129.075907969010 -4188.323066617390 -5235.181013934070 6.81583255955953 3.28468323278184 -1.15452995090237
2026-10-21T22:28:00.000 2704.210677918360 -3257.897211381150 -5318.826704848600 6.23048582517204 4.42175690209070 0.46175884623910
2026-10-21T22:32:00.000 4083.495904228060 -2091.531543099450 -5016.179766422650 5.19355429952165 5.23894318610201 2.04508771576642
2026-10-21T22:36:00.000 5166.847617131920 -773.606224999564 -4348.996378053910 3.77917469685526 5.67700303928042 3.48109899475225
2026-10-21T22:40:00.000 5875.366087474480 600.423082650028 -3365.438597862700 2.08882268752222 5.70347665835830 4.66537385964197
2026-10-21T22:44:00.000 6157.144567994540 1930.824970209950 -2136.770284467190 0.24465996638450 5.31549667430897 5.51104312557723
2026-10-21T22:48:00.000 5991.235029891440 3120.822485958140 -752.315321290141 -1.61902597046564 4.54049535292594 5.95548290469620
2026-10-21T22:52:00.000 5389.394641280140 4083.732799048700 687.021644083673 -3.36572888299390 3.43470303763666 5.96551481791732
2026-10-21T22:56:00.000 4395.336069502830 4749.441763797130 2076.219350747360 -4.86740404541069 2.07906019729629 5.54023571344035
2026-10-21T23:00:00.000 3081.500103579370 5069.617967624400 3313.947986335170 -6.01423226429630 0.57297895575114 4.71112447578992
2026-10-21T23:04:00.000 1543.635431799990 5021.242311954100 4310.088572808640 -6.72301673414890 -0.97339383560829 3.53945292083020
2026-10-21T23:08:00.000 -106.353981262116 4608.178087656690 4992.313750988890 -6.94307577858762 -2.44761007359518 2.11123071444649
2026-10-21T23:12:00.000 -1748.639442685110 3860.716548824400 5311.250258971190 -6.65933132609748 -3.74318307342751 0.53049683177347
2026-10-21T23:16:00.000 -3264.119185206950 2833.254376433930 5243.904259726480 -5.89281450576744 -4.76686511050849 -1.08825653400977
2026-10-21T23:20:00.000 -4542.912028854530 1600.336008912610 4795.218889204280 -4.69885156494079 -5.44493491952001 -2.62803854222407
2026-10-21T23:24:00.000 -5492.184054835340 251.345551312902 3997.726685895790 -3.16342837874636 -5.72820997198327 -3.97726171666999
2026-10-21T23:28:00.000 -6042.865677553830 -1115.870042996140 2909.287172889840 -1.39743396012607 -5.59580937133830 -5.03774881692070
2026-10-21T23:32:00.000 -6154.730690444270 -2402.041120581770 1608.987490003760 0.47105541819113 -5.05688878484963 -5.73187358317079
2026-10-21T23:36:00.000 -5819.460695364160 -3513.698784721270 191.466850556035 2.30584737476598 -4.15041127530218 -6.00854754106389
2026-10-21T23:40:00.000 -5061.377768046620 -4370.068051682300 -1240.005945213820 3.97288445372921 -2.94255083108356 -5.84744568604293
2026-10-21T23:44:00.000 -3935.685298385110 -4909.043984510810 -2581.168396150000 5.35054070502817 -1.52171683178770 -5.26066633701331
2026-10-21T23:48:00.000 -2524.340755288090 -5091.737095899050 -3734.473642381700 6.33888984569594 0.00830836099977 -4.29166534020874
2026-10-21T23:52:00.000 -929.934365976306 -4905.216875454240 -4616.222562604130 6.86691776214156 1.53635247201830 -3.01158984096213
2026-10-21T23:56:00.000 731.864981068439 -4363.297502955690 -5162.566746887660 6.89720917177988 2.95206297910573 -1.51364657455804
2026-10-22T00:00:00.000 2340.675121042340 -3505.400236436990 -5333.991734265250 6.42805313572707 4.15362466947197 0.09381014718848
2026-10-22T00:04:00.000 3779.983282316740 -2393.656545942430 -5118.048845991670 5.49316526285000 5.05465753915957 1.69488721608364
2026-10-22T00:08:00.000 4945.403212781680 -1108.492586651490 -4530.228067517590 4.15935588043274 5.58996393683704 3.17396797571144
2026-10-22T00:12:00.000 5752.148024380710 257.045732206471 -3612.933548976430 2.52222555010050 5.72023364373477 4.42371280469451
2026-10-22T00:16:00.000 6141.212600181460 1603.902499695240 -2432.572255215490 0.69984908176681 5.43506352475104 5.35264844078151
2026-10-22T00:20:00.000 6083.842213088400 2834.151628673140 -1074.893089565460 -1.17528396349232 4.75432140401164 5.89215079133757
2026-10-22T00:24:00.000 5583.844428726860 3858.195292308520 361.200849102873 -2.96600925795268 3.72718510878440 6.00198657434120
2026-10-22T00:28:00.000 4677.461861088690 4601.442353360250 1770.930465655300 -4.54097243043415 2.42875266384455 5.67379560364481
2026-10-22T00:32:00.000 3430.729099668410 5009.877816099970 3051.442992800080 -5.78488136718051 0.95426281142826 4.93188075688793
2026-10-22T00:36:00.000 1934.522812293450 5054.027221617710 4109.455397246390 -6.60730300334085 -0.58835113659930 3.83112140326888
2026-10-22T00:40:00.000 297.763175751712 4731.014238215160 4868.090947228940 -6.94915941159795 -2.08677360416638 2.45241160443946
2026-10-22T00:44:00.000 -1360.618493451990 4064.618368695310 5272.399246336470 -6.78654090185376 -3.43255410564375 0.89642428482145
2026-10-22T00:48:00.000 -2920.316758783630 3103.401373288090 5293.206285278460 -6.13185457457087 -4.52878094885244 -0.72402191404770
2026-10-22T00:52:00.000 -4268.252962573200 1917.140553570320 4929.094124259030 -5.03253851414046 -5.29658073197897 -2.29177657160660
2026-10-22T00:56:00.000 -5306.622834557820 591.830014873727 4206.472346367310 -3.56771068989655 -5.68044898284866 -3.69342570793354
2026-10-22T01:00:00.000 -5959.911471879970 -776.423390363778 3177.741851634840 -1.84300341166869 -5.65217431360587 -4.82706362000586
2026-10-22T01:04:00.000 -6180.447555922700 -2088.288143234720 1917.623625470230 0.01656685603270 -5.21334106251127 -5.60978044316018
2026-10-22T01:08:00.000 -5952.002027122070 -3248.437216701480 517.804807296078 1.87559174556607 -4.39557648305332 -5.98403712198671
2026-10-22T01:12:00.000 -5291.097228742220 -4172.555825961590 -919.746665824223 3.59828491083139 -3.25849414415346 -5.92229051254773
2026-10-22T01:16:00.000 -4245.843972279480 -4793.578942749880 -2290.307754477090 5.05890036692690 -1.88529920086173 -5.42927426492667
2026-10-22T01:20:00.000 -2892.359755212150 -5066.617683075190 -3494.143348495920 6.15126207012278 -0.37639700508400 -4.54154185696057
2026-10-22T01:24:00.000 -1329.081200500510 -4972.174879322870 -4443.835218886200 6.79668584065246 1.15839991474904 -3.32443833857655
2026-10-22T01:28:00.000 330.526144782996 -4517.411293676240 -5070.582186933590 6.94926173397842 2.60810311375233 -1.86675298541890
2026-10-22T01:32:00.000 1966.205844009130 -3735.475104754450 -5329.050716133920 6.59855351138293 3.86839602219074 -0.27405487571476
2026-10-22T01:36:00.000 3459.503660174290 -2683.034123391330 -5200.514452604000 5.76988238375215 4.84869598338314 1.33877196736817
2026-10-22T01:40:00.000 4702.169892287210 -1436.226633825140 -4694.155038767290 4.52247567639847 5.47825323688431 2.85537799263149
2026-10-22T01:44:00.000 5603.870232841310 -85.293912495105 -3846.461942875910 2.94561610354601 5.71099881433229 4.16584666510172
2026-10-22T01:48:00.000 6098.751214564250 1271.806071550940 -2718.757604854530 1.15288742929639 5.52917409980812 5.17442092677176
2026-10-22T01:52:00.000 6150.375656626090 2536.451634301180 -1392.913508759500 -0.72560388636885 4.94512017566024 5.80674232963532
2026-10-22T01:56:00.000 5754.588287009590 3616.572583813010 34.532479558634 -2.55261991633472 4.00083424965179 6.01578851143157
2026-10-22T02:00:00.000 4939.989945941270 4433.486243627460 1459.454523929590 -4.19419608344285 2.76521070478841 5.78581012791486
2026-10-22T02:04:00.000 3765.895130841790 4927.775593952880 2777.873679585490 -5.53003155254489 1.32885476511741 5.13379142664701
2026-10-22T02:08:00.000 2317.900588484840 5063.679250897240 3893.701505712680 -6.46280709655979 -0.20300178552958 4.10802352482836
2026-10-22T02:12:00.000 701.462122737593 4831.636373962460 4725.809084926620 -6.92531271677595 -1.71865514869428 2.78401928716818
2026-10-22T02:16:00.000 -965.914874549918 4248.835073577500 5213.876073609640 -6.88485803521325 -3.10825739887804 1.25855564601409
2026-10-22T02:20:00.000 -2563.229110016450 3357.814571985990 5322.647770797540 -6.34509059998248 -4.27163960050544 -0.35755694685779
2026-10-22T02:24:00.000 -3974.667762300040 2223.301232176170 5044.352383302350 -5.34529127315029 -5.12510203835725 -1.94743606275255
2026-10-22T02:28:00.000 -5097.855307118770 927.556072330158 4399.202633162830 -3.95751369498448 -5.60706967746133 -3.39609708491649
2026-10-22T02:32:00.000 -5851.176692687640 -435.483451973199 3433.978832300470 -2.28173416321486 -5.68240597706427 -4.59842323269140
2026-10-22T02:36:00.000 -6179.711617282340 -1766.908838709370 2218.752988790230 -0.43918787147872 -5.34512932047936 -5.46663358741905
2026-10-22T02:40:00.000 -6059.362006897690 -2969.987618321910 841.905186733080 1.43607284831153 -4.61934547444332 -5.93694240102824
2026-10-22T02:44:00.000 -5498.753462970900 -3957.273340950810 -596.288310462506 3.20712896192672 -3.55788177669755 -5.97469118064529
2026-10-22T02:48:00.000 -4538.673796519010 -4657.079272738070 -1991.042882797340 4.74460387054011 -2.23840993006510 -5.57723280302756
2026-10-22T02:52:00.000 -3249.050684762670 -5018.761656458310 -3240.829051274130 5.93660986432200 -0.75746455575692 -4.77413364388911
2026-10-22T02:56:00.000 -1723.709221816710 -5016.366067282860 -4254.844453284480 6.69707980473700 0.77707471950984 -3.62458524251152
2026-10-22T03:00:00.000 -73.416133845196 -4650.382911898270 -4959.587088116560 6.97168973604254 2.25406095051206 -2.21261717798510
2026-10-22T03:04:00.000 1582.205315519070 -3947.564518289370 -5304.071298040440 6.74129512001839 3.56710417249912 -0.64065032450093
2026-10-22T03:08:00.000 3123.254755350530 -2958.885302107660 -5263.365828654530 6.02267765853746 4.62185871157368 0.97787620820237
2026-10-22T03:12:00.000 4438.060048269790 -1755.881039031390 -4840.315749553320 4.86723023461879 5.34229665486510 2.52624467230564
2026-10-22T03:16:00.000 5431.120146964290 -425.598695107277 -4065.379997325440 3.35759040636430 5.67595725168502 3.89238412616834
2026-10-22T03:20:00.000 6030.000353626950 935.555962934726 -2994.570214165140 1.60228711371549 5.59783577843652 4.97670282130856
2026-10-22T03:24:00.000 6190.709602584230 2228.713396701890 -1705.561110614470 -0.27153346430225 5.11261109132866 5.69941018074567
2026-10-22T03:28:00.000 5901.131563770550 3359.744195889040 -292.162337323915 -2.12704608958824 4.25500343051857 6.00679392704194
2026-10-22T03:32:00.000 5182.099672017760 4246.262734058750 1142.546564924880 -3.82828225797194 3.08752188623214 5.87586087604261
2026-10-22T03:36:00.000 4085.928607697120 4823.763074342140 2493.870430721750 -5.25056280688395 1.69570232125907 5.31624131352121
2026-10-22T03:40:00.000 2692.527785554590 5050.389245050960 3663.286349769520 -6.29008030383784 0.18153831018662 4.36937790144768
2026-10-22T03:44:00.000 1103.414738983220 4909.958974744290 4565.716682381370 -6.87167547920246 -1.34440248318411 3.10508971198008
2026-10-22T03:48:00.000 -565.836976124720 4413.015909747310 5135.699098091750 -6.95399429964709 -2.77136042720100 1.61594808056450
2026-10-22T03:52:00.000 -2194.049769572690 3595.902634281690 5332.024415169450 -6.53186633147563 -3.99635953581713 0.01023471577346
2026-10-22T03:56:00.000 -3663.157724846910 2518.026820896030 5140.585812127690 -5.63618324666831 -4.93126016656230 -1.59580709467861
2026-10-22T04:00:00.000 -4866.624919284840 1257.564003989290 4575.321057652830 -4.33157535015328 -5.50868701278110 -3.08606915799728
2026-10-22T04:04:00.000 -5717.055016281370 -94.111539949073 3677.217114597510 -2.71200432842992 -5.68668742042045 -4.35254838563994
2026-10-22T04:08:00.000 -6152.510862814590 -1438.945230107890 2511.452615496940 -0.89449808044632 -5.45193872754997 -5.30286860790837
2026-10-22T04:12:00.000 -6141.129031169480 -2679.273840806550 1162.780100744090 0.98889111381663 -4.82106762940431 -5.86737822174181
2026-10-22T04:16:00.000 -5683.573714454570 -3724.955331957860 -270.611366016119 2.80080775151328 -3.83979414843299 -6.00447809807097
2026-10-22T04:20:00.000 -4813.097640036210 -4500.027543122910 -1684.284689460860 4.40879444023925 -2.57986496138361 -5.70411936488432
2026-10-22T04:24:00.000 -3593.103832386590 -4948.340700312600 -2975.303625739360 5.69569586969433 -1.13351289177782 -4.98872580313549
2026-10-22T04:28:00.000 -2112.381856902190 -5037.623484672260 -4049.827179698960 6.56839683057324 0.39378951085974 -3.91113039575343
2026-10-22T04:32:00.000 -478.504744201984 -4761.715722443330 -4829.928658493940 6.96437526272119 1.89126729111816 -2.55023105961937
2026-10-22T04:36:00.000 1190.051146066650 -4140.868640415140 -5259.146750858580 6.85572989544200 3.25091881498233 -1.00487559148808
2026-10-22T04:40:00.000 2772.434697034660 -3220.163585198620 -5306.431118338620 6.25062288367084 4.37502030227761 0.61328747976283
2026-10-22T04:44:00.000 4154.012251381050 -2066.235444348180 -4968.284742228800 5.19237939386014 5.18266420330406 2.18759652637292
2026-10-22T04:48:00.000 5234.502940354660 -762.562916444038 -4269.026600174670 3.75663737252060 5.61522203775576 3.60424006687817
2026-10-22T04:52:00.000 5935.189052642670 596.420015307263 -3259.158192757430 2.04647381179162 5.64062363644524 4.76013506816220
2026-10-22T04:56:00.000 6204.717011771390 1912.059305022740 -2011.878232248970 0.18555004949722 5.25607274165323 5.57040751262592
2026-10-22T05:00:00.000 6023.035111158860 3088.642765524490 -617.896210497733 -1.69054027207701 4.48882345517593 5.97501217969827
2026-10-22T05:04:00.000 5403.060692787860 4040.464259604550 821.165853461723 -3.44437893229198 3.39453083505813 5.94368541028435
2026-10-22T05:08:00.000 4389.861297623770 4698.224678122610 2200.287049184970 -4.94726324497743 2.05343005770997 5.47862841711668
2026-10-22T05:12:00.000 3057.300194208850 5014.206823811820 3418.893071634000 -6.08947751719325 0.56388198864687 4.61437277167415
2026-10-22T05:16:00.000 1502.474203345560 4965.709740410080 4388.285699590280 -6.78826684371063 -0.96531718737724 3.41467823357995
2026-10-22T05:20:00.000 -161.495984103454 4556.587818441690 5038.093599690050 -6.99361604209318 -2.42304335957096 1.96750843896520
2026-10-22T05:24:00.000 -1813.765327200470 3816.831313493080 5321.298978947430 -6.69148328996279 -3.70393437966989 0.37827376632518
2026-10-22T05:28:00.000 -3334.505533689310 2800.274148831840 5217.501249091070 -5.90422622573328 -4.71578901969791 -1.23794569027153
2026-10-22T05:32:00.000 -4613.449897947930 1580.670155402160 4734.291829780460 -4.68870085305695 -5.38573762906606 -2.76429419083240
2026-10-22T05:36:00.000 -5557.757238380070 246.431551312602 3906.713118180390 -3.13244866102078 -5.66523179185632 -4.09020344812067
2026-10-22T05:40:00.000 -6098.707381417820 -1105.673487095030 2794.809541851550 -1.34781119854272 -5.53363326707153 -5.11913037306935
2026-10-22T05:44:00.000 -6196.777926229850 -2377.474806843410 1479.392239262990 0.53566802640151 -5.00006058722757 -5.77569603010065
2026-10-22T05:48:00.000 -5844.667594573640 -3476.562844184280 56.207185799197 2.38071809621688 -4.10313889157291 -6.01164634274962
2026-10-22T05:52:00.000 -5067.923749733950 -4323.088493093820 -1371.071589471400 4.05256616932766 -2.90829816370504 -5.80961435606144
2026-10-22T05:56:00.000 -3923.112014213870 -4855.668792074660 -2698.495338890360 5.42921500856864 -1.50300046732645 -5.18472456197096
2026-10-22T06:00:00.000 -2493.578686608810 -5035.881780838440 -3829.536039948100 6.41086889004030 0.01013695948567 -4.18321395849643
2026-10-22T06:04:00.000 -883.225436543499 -4850.970954238150 -4682.130475795080 6.92703181149058 1.52120806632281 -2.87857038972365
2026-10-22T06:08:00.000 791.135239903802 -4314.617795929930 -5194.551911850040 6.94114040815103 2.92111449050336 -1.36569227560732
2026-10-22T06:12:00.000 2408.216025156110 -3465.825695852240 -5329.737033590140 6.45262044085588 4.10916096558914 0.24602518365715
2026-10-22T06:16:00.000 3850.901011417270 -2366.058493440230 -5077.854047259820 5.49656055457609 4.99993327088505 1.84035528241644
2026-10-22T06:20:00.000 5014.547377746580 -1094.864732735020 -4456.991702708850 4.14125176399868 5.52897667263415 3.30216947062327
2026-10-22T06:24:00.000 5814.474238132500 255.720891858529 -3511.952211639500 2.48385423328494 5.65736456024413 4.52529437016979
2026-10-22T06:28:00.000 6192.161626873920 1587.717230390590 -2311.175328894310 0.64398668522367 5.37484624161109 5.42014273225048
2026-10-22T06:32:00.000 6119.683480191940 2804.272806821950 -941.918586678343 -1.24453411905420 4.70112957555879 5.92052719226684
2026-10-22T06:36:00.000 5601.965888916810 3816.794787820100 496.048786127417 -3.04351042487446 3.68496397540057 5.98912772905541
2026-10-22T06:40:00.000 4676.559345965140 4551.549516110910 1897.809326997970 -4.62102663296502 2.40064487198296 5.62065706558432
2026-10-22T06:44:00.000 3410.897930949370 4955.155863263300 3161.100174373340 -5.86159461638245 0.94238862986482 4.84240891195245
2026-10-22T06:48:00.000 1897.240411690220 4998.508503964420 4193.923479940620 -6.67515129426468 -0.58307693717286 3.71198196616800
2026-10-22T06:52:00.000 245.747800695762 4678.788498961180 4921.263832867260 -7.00336782162960 -2.06480370658663 2.31234581355940
2026-10-22T06:56:00.000 -1423.609619373880 4019.505155757420 5290.441931363390 -6.82323321908798 -3.39562855503181 0.74550570173304
2026-10-22T07:00:00.000 -2989.725890833980 3068.680375048520 5274.811608609300 -6.14830785254926 -4.47963685635248 -0.87490573301809
2026-10-22T07:04:00.000 -4339.040261185360 1895.330266204260 4875.586484833480 -5.02748067214357 -5.23878635076062 -2.43172415205886
2026-10-22T07:08:00.000 -5373.628080510320 584.517713679399 4121.720583027290 -3.54143856565134 -5.61816193319750 -3.81224824324696
2026-10-22T07:12:00.000 -6018.239631433950 -768.697875590518 3067.897721678360 -1.79741047288519 -5.58990945310350 -4.91605364256350
2026-10-22T07:16:00.000 -6225.835019523380 -2066.076761498780 1790.681548517080 0.07815139403663 -5.15562382533919 -5.66239439126466
2026-10-22T07:20:00.000 -5981.135883600600 -3213.344493593090 383.017313394647 1.94860596235057 -4.34661501731412 -5.99640138417876
2026-10-22T07:24:00.000 -5301.870675449280 -4127.134731408660 -1052.555492326130 3.67733110532219 -3.22192341926153 -5.89355038873766
2026-10-22T07:28:00.000 -4237.499214395890 -4741.151195628680 -2411.473952164480 5.13819854005889 -1.86384603134407 -5.36160361897413
2026-10-22T07:32:00.000 -2865.529639615900 -5011.025545088850 -3594.873453619760 6.22507790126780 -0.37163957199061 -4.43996416518135
2026-10-22T07:36:00.000 -1285.731082256360 -4917.490128761280 -4516.841868215840 6.85970813399840 1.14613134314621 -3.19640663760550
2026-10-22T07:40:00.000 387.246199436301 -4467.633758002090 -5110.604330161210 6.99698901928027 2.57973344472391 -1.72158529612693
2026-10-22T07:44:00.000 2032.191552396600 -3694.240209288850 -5333.219139565930 6.62757635032239 3.82601476164206 -0.12225662329166
2026-10-22T07:48:00.000 3529.988147491090 -2653.350751688780 -5168.552494450670 5.77812079754235 4.79540279120910 1.48623735985095
2026-10-22T07:52:00.000 4772.060923189980 -1420.262154709790 -4628.396331275390 4.50931844023223 5.41792178599866 2.98783310201068
2026-10-22T07:56:00.000 5668.112700247350 -84.214781525053 -3751.695470211280 2.91198192004200 5.64804708392295 4.27364087416207
2026-10-22T08:00:00.000 6152.692527896700 1257.922587197570 -2601.889231310210 1.10120096724741 5.46819934287339 5.24967894019354
2026-10-22T08:04:00.000 6190.111567680710 2508.618854312990 -1262.465696424470 -0.79156791072054 4.89056383180248 5.84394671522883
2026-10-22T08:08:00.000 5777.256324350000 3576.823646522690 169.037334607839 -2.62800293564412 3.95670762214977 6.01218060661065
2026-10-22T08:12:00.000 4943.988674645820 4384.739275540570 1588.194853473880 -4.27343641889001 2.73482994840121 5.74168955627788
2026-10-22T08:16:00.000 3750.987536611550 4873.627627493210 2891.467073654550 -5.60739516844987 1.31450583595330 5.05247362334333
2026-10-22T08:20:00.000 2285.212481781030 5008.128869528190 3983.890980625780 -6.53272470296059 -0.20026853680499 3.99551774405399
2026-10-22T08:24:00.000 653.393607273736 4778.780683785650 4786.062504256400 -6.98280548823112 -1.69908238406419 2.64859110678926
2026-10-22T08:28:00.000 -1025.876476737760 4202.554031197930 5239.849586947090 -6.92589029639403 -3.07340891002815 1.11004363198221
2026-10-22T08:32:00.000 -2630.754335308660 3321.469169616060 5312.466028648160 -6.36668634702752 -4.22421264234641 -0.50853275124135
2026-10-22T08:36:00.000 -4044.857410549940 2199.506623926190 4998.726544105890 -5.34573696981670 -5.06857402026816 -2.09003833489274
2026-10-22T08:40:00.000 -5165.579927865600 918.018604445140 4321.398244462720 -3.93662075998516 -5.54549981910862 -3.52001292268619
2026-10-22T08:44:00.000 -5911.451255936950 -430.073658210574 3329.602086649700 -2.24092001102774 -5.62015478825701 -4.69457639812829
2026-10-22T08:48:00.000 -6228.084079077510 -1746.923268897970 2095.366214143340 -0.38142769310628 -5.28665422504362 -5.52790726477478
2026-10-22T08:52:00.000 -6092.253690324510 -2936.850275749560 708.484231964452 1.50651092920504 -4.56889202666652 -5.95876088081491
2026-10-22T08:56:00.000 -5513.739704322440 -3913.368329330310 -730.018569112469 3.28497079919294 -3.51916671828118 -5.95544483038305
2026-10-22T09:00:00.000 -4534.659882438850 -4605.587643108040 -2115.344935461730 4.82412577779487 -2.21429120555868 -5.51840284272030
2026-10-22T09:04:00.000 -3226.331570799560 -4963.420847107050 -3346.669478367420 6.01200974669660 -0.74970254536613 -4.68006701185882
2026-10-22T09:08:00.000 -1683.943722692870 -4961.195408075330 -4334.548667591650 6.76287145546805 0.76789984827531 -3.50219141851721
2026-10-22T09:12:00.000 -19.496218599694 -4599.392365704560 -5007.394641276640 7.02313887237234 2.22861706030695 -2.07082659885889
2026-10-22T09:16:00.000 1646.369556454370 -3904.459562223090 -5316.541354687810 6.77470493876578 3.52723182369499 -0.48975429880607
2026-10-22T09:20:00.000 3193.021108710530 -2926.801548492400 -5239.618788527810 6.03567143185828 4.57044794020284 1.12695687228640
2026-10-22T09:24:00.000 4508.386779217690 -1737.153240322460 -4782.092434871340 4.85887589934919 5.28308901029233 2.66272255042422
2026-10-22T09:28:00.000 5496.921782819590 -421.590501638280 -3976.916242784540 3.32845756732420 5.61324388322163 4.00636921757933
2026-10-22T09:32:00.000 6086.512307081020 924.544582687903 -2882.304639863660 1.55448630616012 5.53614879070541 5.05983710943670
2026-10-22T09:36:00.000 6233.852586791480 2203.477981792740 -1577.684883137650 -0.33445501881403 5.05651177108923 5.74556870971354
2026-10-22T09:40:00.000 5927.807023536650 3322.137326719780 -158.007940224630 -2.20051801640402 4.20863747600738 6.01263378896904
2026-10-22T09:44:00.000 5190.408674690250 4199.043495862420 1273.191421258110 -3.90691567293091 3.05427953489848 5.84095718282536
2026-10-22T09:48:00.000 4075.324787739100 4770.400497542600 2611.480181767670 -5.32857047259774 1.67807962723203 5.24320274570850
2026-10-22T09:52:00.000 2663.842880537150 4994.820144170750 3759.309744150240 -6.36185316228133 0.18088841146385 4.26364746096306
2026-10-22T09:56:00.000 1058.767255813530 4856.282619651120 4633.197401357610 -6.93212752798736 -1.32809387035127 2.97441935823139
2026-10-22T10:00:00.000 -623.193446697416 4365.172748489930 5169.762957044670 -6.99882126277997 -2.73937050646386 1.46983999440720
2026-10-22T10:04:00.000 -2259.960892271780 3557.383118174000 5330.219767605710 -6.55789765718521 -3.95115989187129 -0.14076276771293
2026-10-22T10:08:00.000 -3732.851325819680 2491.603554935210 5103.034418960770 -5.64145014451710 -4.87628425764344 -1.74091653573680
2026-10-22T10:12:00.000 -4935.015762777860 1245.114369007240 4504.698993531980 -4.31548111059912 -5.44790890222947 -3.21487071477284
2026-10-22T10:16:00.000 -5779.104910873520 -91.708518339046 3578.596695903750 -2.67556248373728 -5.62442821549246 -4.45562779859044
2026-10-22T10:20:00.000 -6203.619220770490 -1421.861683063730 2391.958828821130 -0.84030844997046 -5.39258388613106 -5.37265685468932
2026-10-22T10:24:00.000 -6177.486932041590 -2648.717192528590 1031.081848402170 1.05684754079106 -4.76881945109366 -5.89864609943225
2026-10-22T10:28:00.000 -5702.476130738440 -3683.099786863690 -404.922862669119 2.87739430586511 -3.79848033511658 -5.99485870050450
2026-10-22T10:32:00.000 -4813.146853316160 -4449.884515866860 -1811.427328420030 4.48834574861586 -2.55253769374553 -5.65436847139502
2026-10-22T10:36:00.000 -3574.290193264790 -4893.530183177290 -3086.030742926220 5.77237418091362 -1.12218535436024 -4.90252531863378
2026-10-22T10:40:00.000 -2076.073264914400 -4982.110618926560 -4136.099817270630 6.63662024571203 0.38827470402136 -3.79479472435361
2026-10-22T10:44:00.000 -427.339877655869 -4709.521566568160 -4885.494863715300 7.01920140352153 1.86929485716343 -2.41224409273912
2026-10-22T10:48:00.000 1252.358824058740 -4095.774589786210 -5279.990988592360 6.89319834185525 3.21408549033685 -0.85527460175214
2026-10-22T10:52:00.000 2841.367037038770 -3185.436892860370 -5291.058725721710 6.26802936368047 4.32598020740128 0.76365295440191
2026-10-22T10:56:00.000 4224.576729550620 -2044.395421157570 -4917.826999744830 5.18849168686796 5.12497101955976 2.32783386730653
2026-10-22T11:00:00.000 5301.591194540900 -755.193270184036 -4187.154532848570 3.73172775126887 5.55306283906602 3.72419620163168
2026-10-22T11:04:00.000 5993.937619789820 588.785682741983 -3151.821730043330 2.00229974979675 5.57851031239589 4.85107913079680
2026-10-22T11:08:00.000 6250.857243981630 1889.974389376620 -1886.888992181020 0.12529655442741 5.19849448972539 5.62565659024272
2026-10-22T11:12:00.000 6053.219645690560 3053.707429297000 -484.370960133645 -1.76241535074947 4.43998278812424 5.99045460805505
2026-10-22T11:16:00.000 5415.126211168640 3995.231567079590 953.479589250778 -3.52257792590924 3.35810189256584 5.91822286178100
2026-10-22T11:20:00.000 4382.962633233830 4646.015471762070 2321.743629577980 -5.02613673331783 2.03206716532501 5.41417078692154
2026-10-22T11:24:00.000 3031.970013040750 4958.843393574550 3520.645003949360 -6.16325585544606 0.55912569175546 4.51564025062989
2026-10-22T11:28:00.000 1460.591048452220 4911.247917369010 4462.935828397760 -6.85160433132049 -0.95309428302473 3.28895997154811
2026-10-22T11:32:00.000 -216.870186284357 4507.015212390020 5080.235737086180 -7.04203728054444 -2.39478922501361 1.82396678909972
2026-10-22T11:36:00.000 -1878.611368695430 3775.759221911560 5327.878274849190 -6.72151420521282 -3.66179695659355 0.22725537252136
2026-10-22T11:40:00.000 -3404.119064436990 2770.673111159750 5188.029667226410 -5.91367167098719 -4.66293911872237 -1.38553616169068
2026-10-22T11:44:00.000 -4682.763584874050 1564.651007101530 4670.878580299090 -4.67673832568940 -5.32610127462260 -2.89784012137613
2026-10-22T11:48:00.000 -5621.682602304860 245.112927561236 3813.914576406100 -3.09975373816523 -5.60308678467140 -4.20003391321470
2026-10-22T11:52:00.000 -6152.514369936900 -1092.213737097230 2679.324562528810 -1.29669695283009 -5.47335941362461 -5.19719117368188
2026-10-22T11:56:00.000 -6236.464657603760 -2350.203474996200 1349.585879579730 0.60150399255476 -4.94591596525892 -5.81623341433899
2026-10-22T12:00:00.000 -5867.266148210050 -3437.421136188660 -78.486079597359 2.45637804098654 -4.05896728578831 -6.01156466543458
